ISO-10303-21;
HEADER;
FILE_DESCRIPTION (( 'STEP AP214' ),
    '1' );
FILE_NAME ('PAM8403.STEP',
    '2024-07-10T02:31:39',
    ( '' ),
    ( '' ),
    'SwSTEP 2.0',
    'SolidWorks 2021',
    '' );
FILE_SCHEMA (( 'AUTOMOTIVE_DESIGN' ));
ENDSEC;

DATA;
#1 = ADVANCED_FACE ( 'NONE', ( #2322 ), #40, .F. ) ;
#2 = ORIENTED_EDGE ( 'NONE', *, *, #3518, .T. ) ;
#3 = VECTOR ( 'NONE', #3570, 1000.000000000000000 ) ;
#4 = VERTEX_POINT ( 'NONE', #4025 ) ;
#5 = CARTESIAN_POINT ( 'NONE',  ( -1.949999999999999956, 0.9025000000000144018, 1.700000000000000178 ) ) ;
#6 = LINE ( 'NONE', #6364, #6925 ) ;
#7 = CARTESIAN_POINT ( 'NONE',  ( 2.987792617094780834, 5.421010862427522170E-16, -4.240000000000001101 ) ) ;
#8 = LINE ( 'NONE', #2205, #1546 ) ;
#9 = FILL_AREA_STYLE_COLOUR ( '', #2122 ) ;
#10 = EDGE_CURVE ( 'NONE', #1236, #3469, #6, .T. ) ;
#11 = ORIENTED_EDGE ( 'NONE', *, *, #6738, .T. ) ;
#12 = CARTESIAN_POINT ( 'NONE',  ( 1.949999999999999956, 0.9025000000000144018, -4.950000000000000178 ) ) ;
#13 = EDGE_CURVE ( 'NONE', #1479, #2864, #666, .T. ) ;
#14 = LINE ( 'NONE', #1125, #322 ) ;
#15 = CARTESIAN_POINT ( 'NONE',  ( -2.339999999999969660, 0.2860014607077954185, 4.240000000000000213 ) ) ;
#16 = FILL_AREA_STYLE ('',( #127 ) ) ;
#17 = LINE ( 'NONE', #7028, #3266 ) ;
#18 = DIRECTION ( 'NONE',  ( -1.000000000000000000, 0.000000000000000000, 0.000000000000000000 ) ) ;
#19 = ADVANCED_FACE ( 'NONE', ( #3442 ), #5782, .F. ) ;
#20 = EDGE_LOOP ( 'NONE', ( #3447, #5487, #5260, #6067 ) ) ;
#21 = VERTEX_POINT ( 'NONE', #5276 ) ;
#22 = DIRECTION ( 'NONE',  ( -1.587125446138869267E-15, 1.000000000000000000, 0.000000000000000000 ) ) ;
#23 = DIRECTION ( 'NONE',  ( -0.000000000000000000, -0.000000000000000000, -1.000000000000000000 ) ) ;
#24 = CARTESIAN_POINT ( 'NONE',  ( 2.095000000000000195, 1.077499999999984803, -2.970000000000000639 ) ) ;
#25 = EDGE_LOOP ( 'NONE', ( #1512, #4978, #3151, #6140 ) ) ;
#26 = EDGE_CURVE ( 'NONE', #2773, #1714, #5823, .T. ) ;
#27 = CARTESIAN_POINT ( 'NONE',  ( -2.095000000000000195, 1.077499999999984803, -0.4300000000000007150 ) ) ;
#28 = VERTEX_POINT ( 'NONE', #7566 ) ;
#29 = VERTEX_POINT ( 'NONE', #1738 ) ;
#30 = LINE ( 'NONE', #3187, #67 ) ;
#31 = DIRECTION ( 'NONE',  ( -0.000000000000000000, -0.000000000000000000, -1.000000000000000000 ) ) ;
#32 = CARTESIAN_POINT ( 'NONE',  ( 2.405117046837882633, 0.2161719771896072062, -0.4300000000000007150 ) ) ;
#33 = EDGE_CURVE ( 'NONE', #4001, #7493, #1761, .T. ) ;
#34 = DIRECTION ( 'NONE',  ( 0.000000000000000000, 0.000000000000000000, 1.000000000000000000 ) ) ;
#35 = ADVANCED_FACE ( 'NONE', ( #1158 ), #3523, .F. ) ;
#36 = DIRECTION ( 'NONE',  ( -1.000000000000000000, 0.000000000000000000, 0.000000000000000000 ) ) ;
#37 = ORIENTED_EDGE ( 'NONE', *, *, #7080, .F. ) ;
#38 = EDGE_LOOP ( 'NONE', ( #105, #1570, #5265, #1216 ) ) ;
#39 = DIRECTION ( 'NONE',  ( 0.9975640502598241977, 0.06975647374412531632, 0.000000000000000000 ) ) ;
#40 = PLANE ( 'NONE',  #5064 ) ;
#41 = DIRECTION ( 'NONE',  ( -0.9975640502598241977, 0.06975647374412531632, 0.000000000000000000 ) ) ;
#42 = FILL_AREA_STYLE ('',( #5826 ) ) ;
#43 = ORIENTED_EDGE ( 'NONE', *, *, #708, .T. ) ;
#44 = CARTESIAN_POINT ( 'NONE',  ( 2.165000000000000480, 0.8325000000000144507, 0.8399999999999996358 ) ) ;
#45 = LINE ( 'NONE', #2363, #3639 ) ;
#46 = FACE_OUTER_BOUND ( 'NONE', #2137, .T. ) ;
#47 = EDGE_CURVE ( 'NONE', #7556, #5264, #1780, .T. ) ;
#48 = CARTESIAN_POINT ( 'NONE',  ( 1.949999999999999956, 1.077499999999984803, 4.649999999999999467 ) ) ;
#49 = LINE ( 'NONE', #1589, #1797 ) ;
#50 = VECTOR ( 'NONE', #5219, 1000.000000000000000 ) ;
#51 = DIRECTION ( 'NONE',  ( -0.000000000000000000, -0.000000000000000000, -1.000000000000000000 ) ) ;
#52 = EDGE_CURVE ( 'NONE', #2760, #1094, #1230, .T. ) ;
#53 = VECTOR ( 'NONE', #1411, 1000.000000000000227 ) ;
#54 = VECTOR ( 'NONE', #3995, 1000.000000000000114 ) ;
#55 = ORIENTED_EDGE ( 'NONE', *, *, #7332, .T. ) ;
#56 = PLANE ( 'NONE',  #4350 ) ;
#57 = DIRECTION ( 'NONE',  ( 0.000000000000000000, -1.000000000000000000, 0.000000000000000000 ) ) ;
#58 = ORIENTED_EDGE ( 'NONE', *, *, #815, .F. ) ;
#59 = DIRECTION ( 'NONE',  ( -1.000000000000000000, 7.477256361968987358E-16, 0.000000000000000000 ) ) ;
#60 = VERTEX_POINT ( 'NONE', #627 ) ;
#61 = AXIS2_PLACEMENT_3D ( 'NONE', #5582, #882, #1614 ) ;
#62 = EDGE_CURVE ( 'NONE', #6511, #5237, #7105, .T. ) ;
#63 = CARTESIAN_POINT ( 'NONE',  ( -2.409999999999970832, 0.2860014607077954185, 4.649999999999999467 ) ) ;
#64 = ORIENTED_EDGE ( 'NONE', *, *, #690, .T. ) ;
#65 = ORIENTED_EDGE ( 'NONE', *, *, #2446, .F. ) ;
#66 = VECTOR ( 'NONE', #5994, 1000.000000000000000 ) ;
#67 = VECTOR ( 'NONE', #4372, 1000.000000000000000 ) ;
#68 = DIRECTION ( 'NONE',  ( -0.000000000000000000, -0.000000000000000000, -1.000000000000000000 ) ) ;
#69 = CARTESIAN_POINT ( 'NONE',  ( 2.987792617094780834, 5.421010862427522170E-16, -1.700000000000000622 ) ) ;
#70 = DIRECTION ( 'NONE',  ( -0.000000000000000000, -0.000000000000000000, -1.000000000000000000 ) ) ;
#71 = DIRECTION ( 'NONE',  ( 0.000000000000000000, 1.000000000000000000, 0.000000000000000000 ) ) ;
#72 = PLANE ( 'NONE',  #1388 ) ;
#73 = EDGE_CURVE ( 'NONE', #5034, #482, #5465, .T. ) ;
#74 = VECTOR ( 'NONE', #6478, 1000.000000000000000 ) ;
#75 = EDGE_CURVE ( 'NONE', #4474, #5160, #148, .T. ) ;
#76 = EDGE_LOOP ( 'NONE', ( #3335, #6892, #5860, #7261 ) ) ;
#77 = ORIENTED_EDGE ( 'NONE', *, *, #550, .F. ) ;
#78 = DIRECTION ( 'NONE',  ( -0.000000000000000000, -0.000000000000000000, -1.000000000000000000 ) ) ;
#79 = CARTESIAN_POINT ( 'NONE',  ( 2.095000000000000195, 0.8325000000000144507, 4.240000000000000213 ) ) ;
#80 = AXIS2_PLACEMENT_3D ( 'NONE', #6732, #5621, #2157 ) ;
#81 = CARTESIAN_POINT ( 'NONE',  ( -3.000000000000000000, 0.1745737087954402911, -4.650000000000000355 ) ) ;
#82 = DIRECTION ( 'NONE',  ( -0.000000000000000000, -0.000000000000000000, -1.000000000000000000 ) ) ;
#83 = DIRECTION ( 'NONE',  ( -7.477256361968987358E-16, 1.000000000000000000, 0.000000000000000000 ) ) ;
#84 = VECTOR ( 'NONE', #2062, 1000.000000000000114 ) ;
#85 = CARTESIAN_POINT ( 'NONE',  ( 1.949999999999999956, 0.9025000000000144018, 2.969999999999999751 ) ) ;
#86 = CARTESIAN_POINT ( 'NONE',  ( 1.949999999999999956, 1.077499999999984803, -0.4300000000000007150 ) ) ;
#87 = CARTESIAN_POINT ( 'NONE',  ( 1.949999999999999956, 1.077499999999984803, 4.950000000000000178 ) ) ;
#88 = CIRCLE ( 'NONE', #2511, 0.2449999999999709355 ) ;
#89 = APPLICATION_PROTOCOL_DEFINITION ( 'draft international standard', 'automotive_design', 1998, #6986 ) ;
#90 = AXIS2_PLACEMENT_3D ( 'NONE', #5842, #4687, #6491 ) ;
#91 = LINE ( 'NONE', #2513, #114 ) ;
#92 = FACE_OUTER_BOUND ( 'NONE', #247, .T. ) ;
#93 = ADVANCED_FACE ( 'NONE', ( #6119 ), #1341, .F. ) ;
#94 = AXIS2_PLACEMENT_3D ( 'NONE', #1082, #4060, #6821 ) ;
#95 = AXIS2_PLACEMENT_3D ( 'NONE', #4753, #7114, #2877 ) ;
#96 = ORIENTED_EDGE ( 'NONE', *, *, #4120, .F. ) ;
#97 = CARTESIAN_POINT ( 'NONE',  ( -0.6610000000000000320, 1.750000000000000000, -3.944999999999999840 ) ) ;
#98 = EDGE_CURVE ( 'NONE', #6238, #4266, #4584, .T. ) ;
#99 = CARTESIAN_POINT ( 'NONE',  ( -2.339999999999970104, 0.2860014607077954185, 4.649999999999999467 ) ) ;
#100 = CARTESIAN_POINT ( 'NONE',  ( 2.095000000000000195, 0.9025000000000146239, 2.109999999999999876 ) ) ;
#101 = VERTEX_POINT ( 'NONE', #1954 ) ;
#102 = VECTOR ( 'NONE', #6975, 1000.000000000000000 ) ;
#103 = VECTOR ( 'NONE', #6195, 1000.000000000000227 ) ;
#104 = CARTESIAN_POINT ( 'NONE',  ( 2.392909663932662134, 0.04159826839416821964, -0.4300000000000007150 ) ) ;
#105 = ORIENTED_EDGE ( 'NONE', *, *, #4791, .T. ) ;
#106 = AXIS2_PLACEMENT_3D ( 'NONE', #4401, #6711, #2052 ) ;
#107 = ORIENTED_EDGE ( 'NONE', *, *, #1417, .T. ) ;
#108 = FACE_OUTER_BOUND ( 'NONE', #3122, .T. ) ;
#109 = DIRECTION ( 'NONE',  ( 0.06975647374412288770, 0.9975640502598244197, 0.000000000000000000 ) ) ;
#110 = EDGE_CURVE ( 'NONE', #6528, #4668, #4914, .T. ) ;
#111 =( NAMED_UNIT ( * ) PLANE_ANGLE_UNIT ( ) SI_UNIT ( $, .RADIAN. ) );
#112 = CARTESIAN_POINT ( 'NONE',  ( 1.949999999999999956, 0.9025000000000144018, 1.700000000000000178 ) ) ;
#113 = DIRECTION ( 'NONE',  ( 0.000000000000000000, 0.000000000000000000, 1.000000000000000000 ) ) ;
#114 = VECTOR ( 'NONE', #2548, 1000.000000000000000 ) ;
#115 = VERTEX_POINT ( 'NONE', #1309 ) ;
#116 = ORIENTED_EDGE ( 'NONE', *, *, #4450, .T. ) ;
#117 = LINE ( 'NONE', #7138, #3285 ) ;
#118 = ORIENTED_EDGE ( 'NONE', *, *, #4441, .T. ) ;
#119 = CARTESIAN_POINT ( 'NONE',  ( -2.409999999999970832, 0.2860014607077954185, -1.700000000000000622 ) ) ;
#120 = LINE ( 'NONE', #4174, #4471 ) ;
#121 =( NAMED_UNIT ( * ) SI_UNIT ( $, .STERADIAN. ) SOLID_ANGLE_UNIT ( ) );
#122 = VECTOR ( 'NONE', #735, 1000.000000000000000 ) ;
#123 = VECTOR ( 'NONE', #3044, 1000.000000000000000 ) ;
#124 = LINE ( 'NONE', #1205, #6856 ) ;
#125 = DIRECTION ( 'NONE',  ( 0.000000000000000000, 0.000000000000000000, 1.000000000000000000 ) ) ;
#126 = CARTESIAN_POINT ( 'NONE',  ( -2.095000000000000195, 0.8325000000000144507, -2.970000000000000639 ) ) ;
#127 = FILL_AREA_STYLE_COLOUR ( '', #5051 ) ;
#128 = EDGE_CURVE ( 'NONE', #6214, #1194, #2567, .T. ) ;
#129 = LINE ( 'NONE', #1828, #4629 ) ;
#130 = FACE_OUTER_BOUND ( 'NONE', #6697, .T. ) ;
#131 = EDGE_CURVE ( 'NONE', #3490, #4473, #5421, .T. ) ;
#132 = ORIENTED_EDGE ( 'NONE', *, *, #7101, .F. ) ;
#133 = DIRECTION ( 'NONE',  ( -0.000000000000000000, -0.000000000000000000, -1.000000000000000000 ) ) ;
#134 = CARTESIAN_POINT ( 'NONE',  ( -1.949999999999999956, 0.9025000000000144018, -2.110000000000000320 ) ) ;
#135 = VERTEX_POINT ( 'NONE', #3088 ) ;
#136 = DIRECTION ( 'NONE',  ( 0.000000000000000000, 0.000000000000000000, 1.000000000000000000 ) ) ;
#137 = VERTEX_POINT ( 'NONE', #7273 ) ;
#138 = EDGE_LOOP ( 'NONE', ( #551, #5113, #3560, #6737, #5334, #1839, #4328, #1976, #4499, #4135, #1227, #838 ) ) ;
#139 = ORIENTED_EDGE ( 'NONE', *, *, #4951, .F. ) ;
#140 = CARTESIAN_POINT ( 'NONE',  ( 2.987792617094780834, 5.421010862427522170E-16, 1.700000000000000178 ) ) ;
#141 = PLANE ( 'NONE',  #4213 ) ;
#142 = FACE_OUTER_BOUND ( 'NONE', #7509, .T. ) ;
#143 = ADVANCED_FACE ( 'NONE', ( #7210 ), #6546, .F. ) ;
#144 = DIRECTION ( 'NONE',  ( -0.9975640502598241977, -0.06975647374412548285, 0.000000000000000000 ) ) ;
#145 = VERTEX_POINT ( 'NONE', #3058 ) ;
#146 = ORIENTED_EDGE ( 'NONE', *, *, #1465, .F. ) ;
#147 = CARTESIAN_POINT ( 'NONE',  ( -1.949999999999999956, 1.077499999999984803, -1.700000000000000622 ) ) ;
#148 = LINE ( 'NONE', #4953, #418 ) ;
#149 = CARTESIAN_POINT ( 'NONE',  ( -2.339999999999970104, 0.2860014607077954185, 4.240000000000000213 ) ) ;
#150 = FACE_OUTER_BOUND ( 'NONE', #5409, .T. ) ;
#151 = EDGE_CURVE ( 'NONE', #652, #3668, #3634, .T. ) ;
#152 = EDGE_LOOP ( 'NONE', ( #4856, #7546, #4084, #4654 ) ) ;
#153 = DIRECTION ( 'NONE',  ( -1.000000000000000000, 0.000000000000000000, 0.000000000000000000 ) ) ;
#154 = DIRECTION ( 'NONE',  ( -0.000000000000000000, -0.000000000000000000, -1.000000000000000000 ) ) ;
#155 = PRODUCT_CONTEXT ( 'NONE', #6986, 'mechanical' ) ;
#156 = DIRECTION ( 'NONE',  ( 0.000000000000000000, -1.000000000000000000, 0.000000000000000000 ) ) ;
#157 = CARTESIAN_POINT ( 'NONE',  ( -2.987792617094780834, 5.421010862427522170E-16, 4.649999999999999467 ) ) ;
#158 = EDGE_CURVE ( 'NONE', #7169, #1236, #6304, .T. ) ;
#159 = EDGE_CURVE ( 'NONE', #687, #6648, #282, .T. ) ;
#160 = ORIENTED_EDGE ( 'NONE', *, *, #2829, .F. ) ;
#161 = FACE_OUTER_BOUND ( 'NONE', #6980, .T. ) ;
#162 = DIRECTION ( 'NONE',  ( -0.000000000000000000, -0.000000000000000000, -1.000000000000000000 ) ) ;
#163 = ORIENTED_EDGE ( 'NONE', *, *, #7184, .F. ) ;
#164 = LINE ( 'NONE', #722, #3228 ) ;
#165 = VERTEX_POINT ( 'NONE', #6010 ) ;
#166 = VECTOR ( 'NONE', #6062, 1000.000000000000000 ) ;
#167 = ORIENTED_EDGE ( 'NONE', *, *, #7492, .T. ) ;
#168 = CARTESIAN_POINT ( 'NONE',  ( 2.339999999999969660, 0.2860014607077954185, 2.109999999999999876 ) ) ;
#169 = EDGE_LOOP ( 'NONE', ( #6612, #383, #7472, #7198 ) ) ;
#170 = ORIENTED_EDGE ( 'NONE', *, *, #5308, .F. ) ;
#171 = CARTESIAN_POINT ( 'NONE',  ( -2.987792617094780834, 5.421010862427522170E-16, -4.650000000000000355 ) ) ;
#172 = DIRECTION ( 'NONE',  ( -0.9975640502598241977, -0.06975647374412548285, 0.000000000000000000 ) ) ;
#173 = SURFACE_STYLE_FILL_AREA ( #761 ) ;
#174 = PLANE ( 'NONE',  #3994 ) ;
#175 = AXIS2_PLACEMENT_3D ( 'NONE', #584, #2936, #2349 ) ;
#176 = EDGE_CURVE ( 'NONE', #3077, #2813, #5427, .T. ) ;
#177 = VERTEX_POINT ( 'NONE', #4850 ) ;
#178 = ORIENTED_EDGE ( 'NONE', *, *, #1533, .F. ) ;
#179 = CARTESIAN_POINT ( 'NONE',  ( -2.339999999999970548, 0.8325000000000144507, 2.109999999999999876 ) ) ;
#180 = DIRECTION ( 'NONE',  ( 0.000000000000000000, -0.000000000000000000, -1.000000000000000000 ) ) ;
#181 = CARTESIAN_POINT ( 'NONE',  ( 3.000000000000000000, 0.1745737087954402911, -0.8400000000000005240 ) ) ;
#182 = DIRECTION ( 'NONE',  ( -1.000000000000000000, 0.000000000000000000, 0.000000000000000000 ) ) ;
#183 = AXIS2_PLACEMENT_3D ( 'NONE', #1762, #3503, #4077 ) ;
#184 = EDGE_CURVE ( 'NONE', #4721, #5854, #4309, .T. ) ;
#185 = CARTESIAN_POINT ( 'NONE',  ( 2.392909663932662134, 0.04159826839416821964, -0.8400000000000005240 ) ) ;
#186 = VERTEX_POINT ( 'NONE', #1988 ) ;
#187 = AXIS2_PLACEMENT_3D ( 'NONE', #1161, #5785, #4674 ) ;
#188 = CARTESIAN_POINT ( 'NONE',  ( -2.095000000000000195, 0.9025000000000142908, -4.240000000000001101 ) ) ;
#189 = DIRECTION ( 'NONE',  ( -0.000000000000000000, -0.000000000000000000, -1.000000000000000000 ) ) ;
#190 = EDGE_CURVE ( 'NONE', #5061, #145, #4274, .T. ) ;
#191 = DIRECTION ( 'NONE',  ( 0.000000000000000000, 0.000000000000000000, 1.000000000000000000 ) ) ;
#192 = CARTESIAN_POINT ( 'NONE',  ( -2.987792617094780834, 5.421010862427522170E-16, -0.4300000000000007150 ) ) ;
#193 = ORIENTED_EDGE ( 'NONE', *, *, #4003, .F. ) ;
#194 = AXIS2_PLACEMENT_3D ( 'NONE', #5769, #4276, #5355 ) ;
#195 = AXIS2_PLACEMENT_3D ( 'NONE', #5453, #4877, #7305 ) ;
#196 = DIRECTION ( 'NONE',  ( -0.000000000000000000, -0.000000000000000000, -1.000000000000000000 ) ) ;
#197 = EDGE_CURVE ( 'NONE', #1306, #497, #770, .T. ) ;
#198 = DIRECTION ( 'NONE',  ( 1.000000000000000000, 0.000000000000000000, -0.000000000000000000 ) ) ;
#199 = ORIENTED_EDGE ( 'NONE', *, *, #5554, .T. ) ;
#200 = PLANE ( 'NONE',  #532 ) ;
#201 = VECTOR ( 'NONE', #5978, 1000.000000000000000 ) ;
#202 = VECTOR ( 'NONE', #4316, 1000.000000000000227 ) ;
#203 = DIRECTION ( 'NONE',  ( 0.06975647374412288770, -0.9975640502598244197, -0.000000000000000000 ) ) ;
#204 = EDGE_LOOP ( 'NONE', ( #7269, #828, #651, #3259 ) ) ;
#205 = VERTEX_POINT ( 'NONE', #2537 ) ;
#206 = CARTESIAN_POINT ( 'NONE',  ( -0.6610000000000000320, 1.700000000000000178, -4.325000000000000178 ) ) ;
#207 = AXIS2_PLACEMENT_3D ( 'NONE', #4964, #1462, #3817 ) ;
#208 = VECTOR ( 'NONE', #252, 1000.000000000000000 ) ;
#209 = SURFACE_STYLE_USAGE ( .BOTH. , #274 ) ;
#210 = ORIENTED_EDGE ( 'NONE', *, *, #3360, .F. ) ;
#211 = CARTESIAN_POINT ( 'NONE',  ( 2.095000000000000195, 0.8325000000000144507, -2.110000000000000320 ) ) ;
#212 = VECTOR ( 'NONE', #3776, 1000.000000000000114 ) ;
#213 = ORIENTED_EDGE ( 'NONE', *, *, #7101, .T. ) ;
#214 = ORIENTED_EDGE ( 'NONE', *, *, #474, .T. ) ;
#215 = FACE_OUTER_BOUND ( 'NONE', #4347, .T. ) ;
#216 = DIRECTION ( 'NONE',  ( 1.000000000000000000, 1.587125446138869267E-15, -0.000000000000000000 ) ) ;
#217 = CARTESIAN_POINT ( 'NONE',  ( -2.164999999999999591, 0.2860014607077954740, 3.379999999999999449 ) ) ;
#218 = VECTOR ( 'NONE', #3064, 1000.000000000000000 ) ;
#219 = DIRECTION ( 'NONE',  ( -0.000000000000000000, -0.1736481776669273058, -0.9848077530122085754 ) ) ;
#220 = AXIS2_PLACEMENT_3D ( 'NONE', #7498, #5875, #6406 ) ;
#221 = LINE ( 'NONE', #1234, #2616 ) ;
#222 = ORIENTED_EDGE ( 'NONE', *, *, #2854, .F. ) ;
#223 = CIRCLE ( 'NONE', #7466, 0.07000000000000061728 ) ;
#224 = CARTESIAN_POINT ( 'NONE',  ( 2.095000000000000195, 1.077499999999984803, 0.8399999999999996358 ) ) ;
#225 = CYLINDRICAL_SURFACE ( 'NONE', #5470, 0.07000000000000018707 ) ;
#226 = CARTESIAN_POINT ( 'NONE',  ( 2.987792617094780834, 5.421010862427522170E-16, -4.240000000000001101 ) ) ;
#227 = CARTESIAN_POINT ( 'NONE',  ( -2.164999999999999591, 0.2860014607077954740, -0.4300000000000007150 ) ) ;
#228 = VECTOR ( 'NONE', #1944, 1000.000000000000114 ) ;
#229 = EDGE_CURVE ( 'NONE', #115, #5623, #4885, .T. ) ;
#230 = ADVANCED_FACE ( 'NONE', ( #250 ), #4340, .F. ) ;
#231 = AXIS2_PLACEMENT_3D ( 'NONE', #2282, #7565, #2321 ) ;
#232 = LINE ( 'NONE', #5552, #2273 ) ;
#233 = DIRECTION ( 'NONE',  ( 0.9975640502598244197, 0.06975647374412290158, -0.000000000000000000 ) ) ;
#234 = DIRECTION ( 'NONE',  ( -1.000000000000000000, 1.587125446138869267E-15, 0.000000000000000000 ) ) ;
#235 = EDGE_LOOP ( 'NONE', ( #2933, #3078, #499, #5807 ) ) ;
#236 = LINE ( 'NONE', #6571, #5684 ) ;
#237 = ADVANCED_FACE ( 'NONE', ( #6727 ), #2816, .F. ) ;
#238 = EDGE_LOOP ( 'NONE', ( #6618, #2959, #5067, #2941 ) ) ;
#239 = DIRECTION ( 'NONE',  ( -0.000000000000000000, -0.000000000000000000, -1.000000000000000000 ) ) ;
#240 = ORIENTED_EDGE ( 'NONE', *, *, #5308, .T. ) ;
#241 = VERTEX_POINT ( 'NONE', #5738 ) ;
#242 = DIRECTION ( 'NONE',  ( 1.000000000000000000, 0.000000000000000000, 0.000000000000000000 ) ) ;
#243 = PRESENTATION_STYLE_ASSIGNMENT (( #908 ) ) ;
#244 = CARTESIAN_POINT ( 'NONE',  ( -3.000000000000000000, 0.1745737087954402911, -1.700000000000000622 ) ) ;
#245 = ADVANCED_FACE ( 'NONE', ( #5573 ), #430, .F. ) ;
#246 = ORIENTED_EDGE ( 'NONE', *, *, #3920, .T. ) ;
#247 = EDGE_LOOP ( 'NONE', ( #1139, #407, #4685, #702 ) ) ;
#248 = ADVANCED_FACE ( 'NONE', ( #1604 ), #3392, .F. ) ;
#249 = LINE ( 'NONE', #4339, #2437 ) ;
#250 = FACE_OUTER_BOUND ( 'NONE', #38, .T. ) ;
#251 = EDGE_CURVE ( 'NONE', #1224, #3355, #6895, .T. ) ;
#252 = DIRECTION ( 'NONE',  ( -1.000000000000000000, 0.000000000000000000, 0.000000000000000000 ) ) ;
#253 = FACE_OUTER_BOUND ( 'NONE', #871, .T. ) ;
#254 = DIRECTION ( 'NONE',  ( 1.000000000000000000, 0.000000000000000000, 0.000000000000000000 ) ) ;
#255 = ORIENTED_EDGE ( 'NONE', *, *, #3191, .F. ) ;
#256 = ORIENTED_EDGE ( 'NONE', *, *, #6170, .F. ) ;
#257 = LINE ( 'NONE', #4924, #7116 ) ;
#258 = CARTESIAN_POINT ( 'NONE',  ( -0.6610000000000000320, 1.700000000000000178, -3.944999999999999840 ) ) ;
#259 = CARTESIAN_POINT ( 'NONE',  ( -2.987792617094780834, 5.421010862427522170E-16, 3.379999999999999449 ) ) ;
#260 = CYLINDRICAL_SURFACE ( 'NONE', #7423, 0.2449999999999704914 ) ;
#261 = EDGE_CURVE ( 'NONE', #4427, #1096, #3272, .T. ) ;
#262 = CARTESIAN_POINT ( 'NONE',  ( -1.949999999999999956, 1.077499999999984803, 2.109999999999999876 ) ) ;
#263 = CARTESIAN_POINT ( 'NONE',  ( 2.409999999999970832, 0.2860014607077954185, -3.380000000000000338 ) ) ;
#264 = DIRECTION ( 'NONE',  ( -0.000000000000000000, -0.000000000000000000, -1.000000000000000000 ) ) ;
#265 = LINE ( 'NONE', #7417, #455 ) ;
#266 = CARTESIAN_POINT ( 'NONE',  ( -2.409999999999970832, 0.2860014607077954185, -4.240000000000001101 ) ) ;
#267 = ORIENTED_EDGE ( 'NONE', *, *, #3930, .F. ) ;
#268 = EDGE_CURVE ( 'NONE', #4404, #694, #5616, .T. ) ;
#269 = ORIENTED_EDGE ( 'NONE', *, *, #3288, .T. ) ;
#270 = FACE_OUTER_BOUND ( 'NONE', #2940, .T. ) ;
#271 = VERTEX_POINT ( 'NONE', #7317 ) ;
#272 = ORIENTED_EDGE ( 'NONE', *, *, #7094, .F. ) ;
#273 = CARTESIAN_POINT ( 'NONE',  ( 2.339999999999969660, 0.2860014607077954185, -1.700000000000000622 ) ) ;
#274 = SURFACE_SIDE_STYLE ('',( #867 ) ) ;
#275 = EDGE_CURVE ( 'NONE', #3014, #6176, #5564, .T. ) ;
#276 = VECTOR ( 'NONE', #3052, 1000.000000000000000 ) ;
#277 = DIRECTION ( 'NONE',  ( -0.9975640502598241977, -0.06975647374412531632, -0.000000000000000000 ) ) ;
#278 = ORIENTED_EDGE ( 'NONE', *, *, #158, .F. ) ;
#279 = ORIENTED_EDGE ( 'NONE', *, *, #7184, .T. ) ;
#280 = AXIS2_PLACEMENT_3D ( 'NONE', #7297, #4934, #1968 ) ;
#281 = DIRECTION ( 'NONE',  ( -0.000000000000000000, -0.000000000000000000, -1.000000000000000000 ) ) ;
#282 = LINE ( 'NONE', #3700, #521 ) ;
#283 = LINE ( 'NONE', #842, #4617 ) ;
#284 = DIRECTION ( 'NONE',  ( -0.000000000000000000, -0.000000000000000000, -1.000000000000000000 ) ) ;
#285 = FACE_OUTER_BOUND ( 'NONE', #2058, .T. ) ;
#286 = AXIS2_PLACEMENT_3D ( 'NONE', #2664, #963, #6771 ) ;
#287 = PRESENTATION_LAYER_ASSIGNMENT (  '', '', ( #4575 ) ) ;
#288 = EDGE_LOOP ( 'NONE', ( #2238, #5803, #1689, #2104, #330, #3960, #4078, #5731, #1449, #7136, #5995, #321 ) ) ;
#289 = PLANE ( 'NONE',  #6483 ) ;
#290 = VECTOR ( 'NONE', #2479, 1000.000000000000227 ) ;
#291 = VECTOR ( 'NONE', #3594, 1000.000000000000000 ) ;
#292 = CARTESIAN_POINT ( 'NONE',  ( -2.339999999999969660, 0.2860014607077954185, -0.4300000000000007150 ) ) ;
#293 = CARTESIAN_POINT ( 'NONE',  ( 0.000000000000000000, 0.000000000000000000, 0.000000000000000000 ) ) ;
#294 = LINE ( 'NONE', #3866, #5367 ) ;
#295 = DIRECTION ( 'NONE',  ( 0.000000000000000000, 0.000000000000000000, 1.000000000000000000 ) ) ;
#296 = ADVANCED_FACE ( 'NONE', ( #7392, #6154 ), #3309, .F. ) ;
#297 = CIRCLE ( 'NONE', #1764, 0.2449999999999709355 ) ;
#298 = AXIS2_PLACEMENT_3D ( 'NONE', #324, #5069, #3852 ) ;
#299 = APPLICATION_CONTEXT ( 'automotive_design' ) ;
#300 = DIRECTION ( 'NONE',  ( -0.000000000000000000, -0.000000000000000000, -1.000000000000000000 ) ) ;
#301 = CARTESIAN_POINT ( 'NONE',  ( -1.949999999999999956, -10.64048871058091983, -4.950000000000000178 ) ) ;
#302 = MECHANICAL_DESIGN_GEOMETRIC_PRESENTATION_REPRESENTATION (  '', ( #3125 ), #2258 ) ;
#303 = CARTESIAN_POINT ( 'NONE',  ( 2.987792617094780834, 5.421010862427522170E-16, -2.110000000000000320 ) ) ;
#304 = VERTEX_POINT ( 'NONE', #3348 ) ;
#305 = CARTESIAN_POINT ( 'NONE',  ( 2.392909663932662134, 0.04159826839416821964, -1.700000000000000622 ) ) ;
#306 = DIRECTION ( 'NONE',  ( 0.000000000000000000, -0.000000000000000000, 1.000000000000000000 ) ) ;
#307 = EDGE_CURVE ( 'NONE', #1218, #7389, #1451, .T. ) ;
#308 = AXIS2_PLACEMENT_3D ( 'NONE', #549, #589, #3477 ) ;
#309 = DIRECTION ( 'NONE',  ( 0.000000000000000000, 1.000000000000000000, 0.000000000000000000 ) ) ;
#310 = ORIENTED_EDGE ( 'NONE', *, *, #5325, .F. ) ;
#311 = ORIENTED_EDGE ( 'NONE', *, *, #6540, .F. ) ;
#312 = ADVANCED_FACE ( 'NONE', ( #6308 ), #1035, .F. ) ;
#313 = CYLINDRICAL_SURFACE ( 'NONE', #4236, 0.07000000000000018707 ) ;
#314 =( NAMED_UNIT ( * ) PLANE_ANGLE_UNIT ( ) SI_UNIT ( $, .RADIAN. ) );
#315 = AXIS2_PLACEMENT_3D ( 'NONE', #7414, #233, #6707 ) ;
#316 = DIRECTION ( 'NONE',  ( -0.000000000000000000, -0.000000000000000000, -1.000000000000000000 ) ) ;
#317 = EDGE_CURVE ( 'NONE', #5606, #5264, #2255, .T. ) ;
#318 = EDGE_CURVE ( 'NONE', #4747, #4542, #4419, .T. ) ;
#319 = ORIENTED_EDGE ( 'NONE', *, *, #1713, .T. ) ;
#320 = AXIS2_PLACEMENT_3D ( 'NONE', #2079, #816, #2043 ) ;
#321 = ORIENTED_EDGE ( 'NONE', *, *, #5035, .F. ) ;
#322 = VECTOR ( 'NONE', #3492, 1000.000000000000000 ) ;
#323 = CARTESIAN_POINT ( 'NONE',  ( -1.949999999999999956, 0.9025000000000144018, -3.380000000000000338 ) ) ;
#324 = CARTESIAN_POINT ( 'NONE',  ( -2.095000000000000195, 0.8325000000000144507, -2.110000000000000320 ) ) ;
#325 = CARTESIAN_POINT ( 'NONE',  ( -1.949999999999999956, 1.077499999999984803, -2.110000000000000320 ) ) ;
#326 = CARTESIAN_POINT ( 'NONE',  ( 1.949999999999999956, 0.9025000000000144018, -4.950000000000000178 ) ) ;
#327 = CARTESIAN_POINT ( 'NONE',  ( -2.095000000000000195, 0.8325000000000144507, 3.379999999999999449 ) ) ;
#328 = DIRECTION ( 'NONE',  ( -0.000000000000000000, -0.000000000000000000, -1.000000000000000000 ) ) ;
#329 = AXIS2_PLACEMENT_3D ( 'NONE', #4421, #2569, #4275 ) ;
#330 = ORIENTED_EDGE ( 'NONE', *, *, #6525, .F. ) ;
#331 = LINE ( 'NONE', #4548, #2112 ) ;
#332 = LINE ( 'NONE', #7282, #1688 ) ;
#333 = ORIENTED_EDGE ( 'NONE', *, *, #5656, .T. ) ;
#334 = VECTOR ( 'NONE', #4718, 1000.000000000000000 ) ;
#335 = CARTESIAN_POINT ( 'NONE',  ( 1.949999999999999956, 1.077499999999984803, 0.8399999999999996358 ) ) ;
#336 = PLANE ( 'NONE',  #1919 ) ;
#337 = DIRECTION ( 'NONE',  ( -0.9975640502598241977, 0.06975647374412531632, 0.000000000000000000 ) ) ;
#338 = VERTEX_POINT ( 'NONE', #470 ) ;
#339 = AXIS2_PLACEMENT_3D ( 'NONE', #952, #3386, #388 ) ;
#340 = EDGE_CURVE ( 'NONE', #7236, #1020, #874, .T. ) ;
#341 = DIRECTION ( 'NONE',  ( 0.000000000000000000, -1.000000000000000000, 0.000000000000000000 ) ) ;
#342 = DIRECTION ( 'NONE',  ( 0.9975640502598241977, 0.06975647374412548285, -0.000000000000000000 ) ) ;
#343 = EDGE_CURVE ( 'NONE', #7057, #145, #6805, .T. ) ;
#344 = AXIS2_PLACEMENT_3D ( 'NONE', #3795, #1360, #863 ) ;
#345 = CARTESIAN_POINT ( 'NONE',  ( -2.095000000000000195, 1.077499999999984803, -0.4300000000000007150 ) ) ;
#346 = ORIENTED_EDGE ( 'NONE', *, *, #410, .F. ) ;
#347 = CARTESIAN_POINT ( 'NONE',  ( -2.405117046837882633, 0.2161719771896077891, 4.240000000000000213 ) ) ;
#348 = DIRECTION ( 'NONE',  ( -0.000000000000000000, -0.000000000000000000, -1.000000000000000000 ) ) ;
#349 = AXIS2_PLACEMENT_3D ( 'NONE', #7024, #1166, #2291 ) ;
#350 = CARTESIAN_POINT ( 'NONE',  ( 2.339999999999970548, 0.8325000000000144507, -4.650000000000000355 ) ) ;
#351 = ORIENTED_EDGE ( 'NONE', *, *, #5415, .T. ) ;
#352 = EDGE_LOOP ( 'NONE', ( #7125, #2729, #2747, #6262 ) ) ;
#353 = CARTESIAN_POINT ( 'NONE',  ( 2.095000000000000195, 0.8325000000000144507, 3.379999999999999449 ) ) ;
#354 = ORIENTED_EDGE ( 'NONE', *, *, #609, .T. ) ;
#355 = CARTESIAN_POINT ( 'NONE',  ( -2.165000000000000480, 0.8325000000000144507, 4.649999999999999467 ) ) ;
#356 = EDGE_LOOP ( 'NONE', ( #4836, #3938, #2642, #7585, #7038, #2662, #6117, #3552, #3569, #591, #3521, #4766 ) ) ;
#357 = EDGE_LOOP ( 'NONE', ( #2971, #6594, #4901, #3323 ) ) ;
#358 = DIRECTION ( 'NONE',  ( 1.000000000000000000, 7.477256361968987358E-16, -0.000000000000000000 ) ) ;
#359 = CARTESIAN_POINT ( 'NONE',  ( -2.095000000000000195, 1.077499999999984803, -2.970000000000000639 ) ) ;
#360 = ADVANCED_FACE ( 'NONE', ( #1569 ), #6270, .T. ) ;
#361 = DIRECTION ( 'NONE',  ( 0.000000000000000000, -1.000000000000000000, 0.000000000000000000 ) ) ;
#362 = PLANE ( 'NONE',  #3263 ) ;
#363 = LINE ( 'NONE', #2611, #4931 ) ;
#364 = EDGE_CURVE ( 'NONE', #5623, #3000, #1106, .T. ) ;
#365 = EDGE_LOOP ( 'NONE', ( #3982, #7345, #4940, #1185 ) ) ;
#366 = LINE ( 'NONE', #439, #5677 ) ;
#367 = CARTESIAN_POINT ( 'NONE',  ( 1.949999999999999956, 0.9025000000000144018, 0.8399999999999996358 ) ) ;
#368 = VERTEX_POINT ( 'NONE', #5774 ) ;
#369 = DIRECTION ( 'NONE',  ( -0.000000000000000000, -0.000000000000000000, -1.000000000000000000 ) ) ;
#370 = DIRECTION ( 'NONE',  ( 1.000000000000000000, 0.000000000000000000, -0.000000000000000000 ) ) ;
#371 = DIRECTION ( 'NONE',  ( 0.000000000000000000, 1.000000000000000000, 0.000000000000000000 ) ) ;
#372 = EDGE_CURVE ( 'NONE', #2999, #1026, #657, .T. ) ;
#373 = ORIENTED_EDGE ( 'NONE', *, *, #2186, .F. ) ;
#374 = FACE_OUTER_BOUND ( 'NONE', #2264, .T. ) ;
#375 = UNCERTAINTY_MEASURE_WITH_UNIT (LENGTH_MEASURE( 1.000000000000000082E-05 ), #4889, 'distance_accuracy_value', 'NONE');
#376 = DIRECTION ( 'NONE',  ( 0.000000000000000000, 0.000000000000000000, 1.000000000000000000 ) ) ;
#377 = CARTESIAN_POINT ( 'NONE',  ( 3.000000000000000000, 0.1745737087954402911, 3.379999999999999449 ) ) ;
#378 = VERTEX_POINT ( 'NONE', #1726 ) ;
#379 = CARTESIAN_POINT ( 'NONE',  ( -2.392909663932662134, 0.04159826839416762290, -3.380000000000000338 ) ) ;
#380 = DIRECTION ( 'NONE',  ( -0.000000000000000000, -0.000000000000000000, -1.000000000000000000 ) ) ;
#381 = ADVANCED_FACE ( 'NONE', ( #4577 ), #5813, .T. ) ;
#382 = ORIENTED_EDGE ( 'NONE', *, *, #4828, .F. ) ;
#383 = ORIENTED_EDGE ( 'NONE', *, *, #2133, .F. ) ;
#384 = DIRECTION ( 'NONE',  ( 0.000000000000000000, 0.000000000000000000, 1.000000000000000000 ) ) ;
#385 = ORIENTED_EDGE ( 'NONE', *, *, #3808, .T. ) ;
#386 = ORIENTED_EDGE ( 'NONE', *, *, #6900, .T. ) ;
#387 = DIRECTION ( 'NONE',  ( -1.000000000000000000, -2.380688169208303900E-15, 0.000000000000000000 ) ) ;
#388 = DIRECTION ( 'NONE',  ( 1.000000000000000000, 0.000000000000000000, 0.000000000000000000 ) ) ;
#389 = ORIENTED_EDGE ( 'NONE', *, *, #2457, .F. ) ;
#390 = ORIENTED_EDGE ( 'NONE', *, *, #5380, .T. ) ;
#391 = DIRECTION ( 'NONE',  ( -0.000000000000000000, -0.000000000000000000, -1.000000000000000000 ) ) ;
#392 = DIRECTION ( 'NONE',  ( -0.000000000000000000, -0.000000000000000000, -1.000000000000000000 ) ) ;
#393 = DIRECTION ( 'NONE',  ( 0.9975640502598241977, 0.06975647374412548285, -0.000000000000000000 ) ) ;
#394 = VECTOR ( 'NONE', #496, 1000.000000000000000 ) ;
#395 = PLANE ( 'NONE',  #6959 ) ;
#396 = DIRECTION ( 'NONE',  ( 0.9975640502598241977, -0.06975647374412531632, 0.000000000000000000 ) ) ;
#397 = AXIS2_PLACEMENT_3D ( 'NONE', #5484, #1433, #1322 ) ;
#398 = ORIENTED_EDGE ( 'NONE', *, *, #6237, .T. ) ;
#399 = FACE_OUTER_BOUND ( 'NONE', #5124, .T. ) ;
#400 = DIRECTION ( 'NONE',  ( 1.587125446138869267E-15, 1.000000000000000000, 0.000000000000000000 ) ) ;
#401 = ORIENTED_EDGE ( 'NONE', *, *, #3737, .T. ) ;
#402 = ADVANCED_FACE ( 'NONE', ( #5298 ), #1221, .T. ) ;
#403 = CARTESIAN_POINT ( 'NONE',  ( 2.409999999999970832, 0.2860014607077954185, 0.4299999999999998268 ) ) ;
#404 = VECTOR ( 'NONE', #4690, 1000.000000000000000 ) ;
#405 = CARTESIAN_POINT ( 'NONE',  ( -0.6610000000000000320, 1.700000000000000178, -3.564999999999999503 ) ) ;
#406 = EDGE_LOOP ( 'NONE', ( #3457, #540, #3816, #6023 ) ) ;
#407 = ORIENTED_EDGE ( 'NONE', *, *, #5853, .F. ) ;
#408 = VECTOR ( 'NONE', #5882, 1000.000000000000000 ) ;
#409 = CIRCLE ( 'NONE', #1012, 0.07000000000000018707 ) ;
#410 = EDGE_CURVE ( 'NONE', #21, #7346, #4126, .T. ) ;
#411 = CARTESIAN_POINT ( 'NONE',  ( -1.949999999999999956, 0.9025000000000144018, -4.240000000000001101 ) ) ;
#412 = LINE ( 'NONE', #1707, #5335 ) ;
#413 = DIRECTION ( 'NONE',  ( -1.000000000000000000, -7.477256361968987358E-16, 0.000000000000000000 ) ) ;
#414 = ORIENTED_EDGE ( 'NONE', *, *, #4720, .T. ) ;
#415 = DIRECTION ( 'NONE',  ( -0.000000000000000000, -0.000000000000000000, -1.000000000000000000 ) ) ;
#416 = LINE ( 'NONE', #2802, #6428 ) ;
#417 = VECTOR ( 'NONE', #5401, 1000.000000000000000 ) ;
#418 = VECTOR ( 'NONE', #705, 1000.000000000000000 ) ;
#419 = VERTEX_POINT ( 'NONE', #3432 ) ;
#420 = EDGE_LOOP ( 'NONE', ( #5141, #2162, #2963, #1602 ) ) ;
#421 = CIRCLE ( 'NONE', #2499, 0.07000000000000061728 ) ;
#422 = ORIENTED_EDGE ( 'NONE', *, *, #2279, .T. ) ;
#423 = LINE ( 'NONE', #3885, #1892 ) ;
#424 = VERTEX_POINT ( 'NONE', #5230 ) ;
#425 = DIRECTION ( 'NONE',  ( 0.000000000000000000, 0.000000000000000000, 1.000000000000000000 ) ) ;
#426 = VECTOR ( 'NONE', #2969, 1000.000000000000000 ) ;
#427 = VERTEX_POINT ( 'NONE', #4086 ) ;
#428 = VERTEX_POINT ( 'NONE', #7513 ) ;
#429 = DIRECTION ( 'NONE',  ( -0.000000000000000000, -0.000000000000000000, -1.000000000000000000 ) ) ;
#430 = CYLINDRICAL_SURFACE ( 'NONE', #4567, 0.07000000000000018707 ) ;
#431 = VECTOR ( 'NONE', #4879, 1000.000000000000000 ) ;
#432 = AXIS2_PLACEMENT_3D ( 'NONE', #2413, #133, #2338 ) ;
#433 = LINE ( 'NONE', #3973, #6696 ) ;
#434 = ADVANCED_FACE ( 'NONE', ( #5151 ), #4015, .F. ) ;
#435 = CARTESIAN_POINT ( 'NONE',  ( -1.949999999999999956, 0.9025000000000144018, -4.240000000000001101 ) ) ;
#436 = LINE ( 'NONE', #6465, #4335 ) ;
#437 = AXIS2_PLACEMENT_3D ( 'NONE', #3596, #3565, #668 ) ;
#438 = EDGE_LOOP ( 'NONE', ( #2057, #530, #5894, #1597, #740, #6674, #4022, #3474, #4475, #6509, #1785, #7281 ) ) ;
#439 = CARTESIAN_POINT ( 'NONE',  ( 3.000000000000000000, 0.1745737087954402911, 3.379999999999999449 ) ) ;
#440 = LINE ( 'NONE', #513, #5989 ) ;
#441 = VERTEX_POINT ( 'NONE', #4697 ) ;
#442 = PLANE ( 'NONE',  #4965 ) ;
#443 = VECTOR ( 'NONE', #5081, 1000.000000000000000 ) ;
#444 = VECTOR ( 'NONE', #3586, 1000.000000000000114 ) ;
#445 = CARTESIAN_POINT ( 'NONE',  ( -2.095000000000000195, 0.8325000000000144507, -1.700000000000000622 ) ) ;
#446 = CARTESIAN_POINT ( 'NONE',  ( 2.987792617094780834, 5.421010862427522170E-16, 2.109999999999999876 ) ) ;
#447 = CIRCLE ( 'NONE', #6338, 0.2449999999999704914 ) ;
#448 = CARTESIAN_POINT ( 'NONE',  ( -2.095000000000000195, 1.077499999999984803, -3.380000000000000338 ) ) ;
#449 = CARTESIAN_POINT ( 'NONE',  ( 2.409999999999970832, 0.2860014607077954185, -4.240000000000001101 ) ) ;
#450 = EDGE_CURVE ( 'NONE', #5561, #981, #2965, .T. ) ;
#451 = LINE ( 'NONE', #4602, #1484 ) ;
#452 = CARTESIAN_POINT ( 'NONE',  ( 2.095000000000000195, 0.8325000000000144507, 1.700000000000000178 ) ) ;
#453 = LINE ( 'NONE', #2714, #3976 ) ;
#454 = VECTOR ( 'NONE', #78, 1000.000000000000000 ) ;
#455 = VECTOR ( 'NONE', #1472, 1000.000000000000227 ) ;
#456 = EDGE_CURVE ( 'NONE', #7347, #2211, #7554, .T. ) ;
#457 = EDGE_CURVE ( 'NONE', #5740, #6450, #7598, .T. ) ;
#458 = AXIS2_PLACEMENT_3D ( 'NONE', #4469, #3819, #2119 ) ;
#459 = VERTEX_POINT ( 'NONE', #1805 ) ;
#460 = DIRECTION ( 'NONE',  ( -1.000000000000000000, 0.000000000000000000, 0.000000000000000000 ) ) ;
#461 = PRESENTATION_STYLE_ASSIGNMENT (( #5730 ) ) ;
#462 = VERTEX_POINT ( 'NONE', #6460 ) ;
#463 = CARTESIAN_POINT ( 'NONE',  ( -2.987792617094780834, 5.421010862427522170E-16, 2.969999999999999751 ) ) ;
#464 = VECTOR ( 'NONE', #1267, 1000.000000000000000 ) ;
#465 = EDGE_CURVE ( 'NONE', #7493, #7228, #2898, .T. ) ;
#466 = CARTESIAN_POINT ( 'NONE',  ( -2.165000000000000036, 0.8325000000000144507, -2.970000000000000639 ) ) ;
#467 = ORIENTED_EDGE ( 'NONE', *, *, #5786, .F. ) ;
#468 = VERTEX_POINT ( 'NONE', #6973 ) ;
#469 = DIRECTION ( 'NONE',  ( -0.000000000000000000, -0.000000000000000000, -1.000000000000000000 ) ) ;
#470 = CARTESIAN_POINT ( 'NONE',  ( 2.095000000000000195, 1.077499999999984803, 0.4299999999999998268 ) ) ;
#471 = DIRECTION ( 'NONE',  ( 1.000000000000000000, 0.000000000000000000, 0.000000000000000000 ) ) ;
#472 = DIRECTION ( 'NONE',  ( -0.000000000000000000, -0.000000000000000000, -1.000000000000000000 ) ) ;
#473 =( NAMED_UNIT ( * ) SI_UNIT ( $, .STERADIAN. ) SOLID_ANGLE_UNIT ( ) );
#474 = EDGE_CURVE ( 'NONE', #7236, #519, #4926, .T. ) ;
#475 = ORIENTED_EDGE ( 'NONE', *, *, #860, .F. ) ;
#476 = ORIENTED_EDGE ( 'NONE', *, *, #6563, .T. ) ;
#477 = DIRECTION ( 'NONE',  ( -0.000000000000000000, -0.000000000000000000, -1.000000000000000000 ) ) ;
#478 = ORIENTED_EDGE ( 'NONE', *, *, #4120, .T. ) ;
#479 = LINE ( 'NONE', #1542, #7086 ) ;
#480 = CARTESIAN_POINT ( 'NONE',  ( -1.949999999999999956, 1.077499999999984803, -4.240000000000001101 ) ) ;
#481 = CARTESIAN_POINT ( 'NONE',  ( -2.405117046837882633, 0.2161719771896077891, -1.700000000000000622 ) ) ;
#482 = VERTEX_POINT ( 'NONE', #2226 ) ;
#483 = DIRECTION ( 'NONE',  ( 1.000000000000000000, 0.000000000000000000, -0.000000000000000000 ) ) ;
#484 = DIRECTION ( 'NONE',  ( -1.000000000000000000, -0.000000000000000000, -0.000000000000000000 ) ) ;
#485 = LINE ( 'NONE', #7536, #560 ) ;
#486 = EDGE_CURVE ( 'NONE', #5632, #5916, #1495, .T. ) ;
#487 = CARTESIAN_POINT ( 'NONE',  ( -2.987792617094780834, 5.421010862427522170E-16, 4.649999999999999467 ) ) ;
#488 = ORIENTED_EDGE ( 'NONE', *, *, #4712, .F. ) ;
#489 = CARTESIAN_POINT ( 'NONE',  ( 2.165000000000000480, 0.8325000000000144507, 0.8399999999999996358 ) ) ;
#490 = LINE ( 'NONE', #4719, #2736 ) ;
#491 = ADVANCED_FACE ( 'NONE', ( #2314 ), #4662, .T. ) ;
#492 = ORIENTED_EDGE ( 'NONE', *, *, #3367, .F. ) ;
#493 = VERTEX_POINT ( 'NONE', #6500 ) ;
#494 = CARTESIAN_POINT ( 'NONE',  ( 2.409999999999970832, 0.2860014607077954185, 0.8399999999999996358 ) ) ;
#495 = EDGE_CURVE ( 'NONE', #1574, #5220, #7050, .T. ) ;
#496 = DIRECTION ( 'NONE',  ( -0.000000000000000000, -0.000000000000000000, -1.000000000000000000 ) ) ;
#497 = VERTEX_POINT ( 'NONE', #1647 ) ;
#498 = DIRECTION ( 'NONE',  ( -0.1710878697460323783, -0.9702875252478150303, 0.1710878697460323783 ) ) ;
#499 = ORIENTED_EDGE ( 'NONE', *, *, #1304, .F. ) ;
#500 = LINE ( 'NONE', #4618, #4722 ) ;
#501 = CARTESIAN_POINT ( 'NONE',  ( -2.339999999999970548, 0.8325000000000144507, -4.240000000000001101 ) ) ;
#502 = ORIENTED_EDGE ( 'NONE', *, *, #317, .T. ) ;
#503 = VERTEX_POINT ( 'NONE', #6352 ) ;
#504 = CARTESIAN_POINT ( 'NONE',  ( 3.000000000000000000, 0.1745737087954402911, 4.649999999999999467 ) ) ;
#505 = DIRECTION ( 'NONE',  ( 1.000000000000000000, 0.000000000000000000, -0.000000000000000000 ) ) ;
#506 = EDGE_CURVE ( 'NONE', #177, #6641, #729, .T. ) ;
#507 = VERTEX_POINT ( 'NONE', #3080 ) ;
#508 = DIRECTION ( 'NONE',  ( 0.000000000000000000, 0.000000000000000000, 1.000000000000000000 ) ) ;
#509 = FACE_OUTER_BOUND ( 'NONE', #2653, .T. ) ;
#510 = ORIENTED_EDGE ( 'NONE', *, *, #2948, .T. ) ;
#511 = VERTEX_POINT ( 'NONE', #6614 ) ;
#512 =( GEOMETRIC_REPRESENTATION_CONTEXT ( 3 ) GLOBAL_UNCERTAINTY_ASSIGNED_CONTEXT ( ( #1672 ) ) GLOBAL_UNIT_ASSIGNED_CONTEXT ( ( #835, #314, #2684 ) ) REPRESENTATION_CONTEXT ( 'NONE', 'WORKASPACE' ) );
#513 = CARTESIAN_POINT ( 'NONE',  ( -1.949999999999999956, 0.9025000000000144018, 4.649999999999999467 ) ) ;
#514 = DIRECTION ( 'NONE',  ( 0.000000000000000000, 0.000000000000000000, 1.000000000000000000 ) ) ;
#515 = CARTESIAN_POINT ( 'NONE',  ( 1.949999999999999956, 1.077499999999984803, 3.379999999999999449 ) ) ;
#516 = CYLINDRICAL_SURFACE ( 'NONE', #4634, 0.07000000000000018707 ) ;
#517 = DIRECTION ( 'NONE',  ( 0.000000000000000000, 0.000000000000000000, 1.000000000000000000 ) ) ;
#518 = VECTOR ( 'NONE', #6136, 1000.000000000000227 ) ;
#519 = VERTEX_POINT ( 'NONE', #6035 ) ;
#520 = CARTESIAN_POINT ( 'NONE',  ( 2.165000000000000480, 0.8325000000000144507, -2.970000000000000639 ) ) ;
#521 = VECTOR ( 'NONE', #3731, 1000.000000000000000 ) ;
#522 = FACE_OUTER_BOUND ( 'NONE', #948, .T. ) ;
#523 = CARTESIAN_POINT ( 'NONE',  ( -3.000000000000000000, 0.1745737087954402911, 0.8399999999999996358 ) ) ;
#524 = CARTESIAN_POINT ( 'NONE',  ( 3.000000000000000000, 0.1745737087954402911, -0.4300000000000007150 ) ) ;
#525 = EDGE_CURVE ( 'NONE', #3667, #6228, #4801, .T. ) ;
#526 = LINE ( 'NONE', #2881, #3764 ) ;
#527 = DIRECTION ( 'NONE',  ( -0.000000000000000000, -0.000000000000000000, -1.000000000000000000 ) ) ;
#528 = CIRCLE ( 'NONE', #7545, 0.07000000000000061728 ) ;
#529 = VERTEX_POINT ( 'NONE', #4233 ) ;
#530 = ORIENTED_EDGE ( 'NONE', *, *, #4638, .T. ) ;
#531 = DIRECTION ( 'NONE',  ( 1.000000000000000000, 1.587125446138869267E-15, -0.000000000000000000 ) ) ;
#532 = AXIS2_PLACEMENT_3D ( 'NONE', #5521, #136, #4366 ) ;
#533 = CARTESIAN_POINT ( 'NONE',  ( 1.949999999999999956, 0.9025000000000144018, 4.240000000000000213 ) ) ;
#534 = ORIENTED_EDGE ( 'NONE', *, *, #2133, .T. ) ;
#535 = AXIS2_PLACEMENT_3D ( 'NONE', #2393, #4095, #6432 ) ;
#536 = DIRECTION ( 'NONE',  ( 0.000000000000000000, 0.000000000000000000, 1.000000000000000000 ) ) ;
#537 = ORIENTED_EDGE ( 'NONE', *, *, #1354, .F. ) ;
#538 = EDGE_CURVE ( 'NONE', #1479, #7120, #1260, .T. ) ;
#539 = AXIS2_PLACEMENT_3D ( 'NONE', #2170, #3910, #4429 ) ;
#540 = ORIENTED_EDGE ( 'NONE', *, *, #2862, .F. ) ;
#541 = VERTEX_POINT ( 'NONE', #1876 ) ;
#542 = LINE ( 'NONE', #7478, #2579 ) ;
#543 = CARTESIAN_POINT ( 'NONE',  ( 1.949999999999999956, 1.077499999999984803, 2.109999999999999876 ) ) ;
#544 = DIRECTION ( 'NONE',  ( 1.000000000000000000, 0.000000000000000000, 0.000000000000000000 ) ) ;
#545 = ORIENTED_EDGE ( 'NONE', *, *, #3034, .T. ) ;
#546 = DIRECTION ( 'NONE',  ( 1.000000000000000000, 0.000000000000000000, 0.000000000000000000 ) ) ;
#547 = EDGE_CURVE ( 'NONE', #5092, #2652, #3623, .T. ) ;
#548 = MECHANICAL_DESIGN_GEOMETRIC_PRESENTATION_REPRESENTATION (  '', ( #2885 ), #5700 ) ;
#549 = CARTESIAN_POINT ( 'NONE',  ( -2.095000000000000195, 0.8325000000000144507, 0.4299999999999998268 ) ) ;
#550 = EDGE_CURVE ( 'NONE', #1224, #4444, #2454, .T. ) ;
#551 = ORIENTED_EDGE ( 'NONE', *, *, #5333, .F. ) ;
#552 = AXIS2_PLACEMENT_3D ( 'NONE', #6798, #3844, #950 ) ;
#553 = ORIENTED_EDGE ( 'NONE', *, *, #6392, .T. ) ;
#554 = AXIS2_PLACEMENT_3D ( 'NONE', #273, #2683, #2644 ) ;
#555 = DIRECTION ( 'NONE',  ( 0.000000000000000000, 0.000000000000000000, 1.000000000000000000 ) ) ;
#556 = ORIENTED_EDGE ( 'NONE', *, *, #4792, .T. ) ;
#557 = LINE ( 'NONE', #515, #1902 ) ;
#558 =( NAMED_UNIT ( * ) PLANE_ANGLE_UNIT ( ) SI_UNIT ( $, .RADIAN. ) );
#559 = LINE ( 'NONE', #4711, #74 ) ;
#560 = VECTOR ( 'NONE', #6954, 1000.000000000000000 ) ;
#561 = CIRCLE ( 'NONE', #95, 0.07000000000000018707 ) ;
#562 = EDGE_CURVE ( 'NONE', #2909, #5772, #3049, .T. ) ;
#563 = DIRECTION ( 'NONE',  ( -0.000000000000000000, -0.000000000000000000, -1.000000000000000000 ) ) ;
#564 = AXIS2_PLACEMENT_3D ( 'NONE', #3443, #4591, #6946 ) ;
#565 = CIRCLE ( 'NONE', #5846, 0.07000000000000061728 ) ;
#566 = LINE ( 'NONE', #4107, #4241 ) ;
#567 = DIRECTION ( 'NONE',  ( 0.06975647374412288770, 0.9975640502598244197, 0.000000000000000000 ) ) ;
#568 = LINE ( 'NONE', #5213, #7587 ) ;
#569 = LINE ( 'NONE', #3538, #1507 ) ;
#570 = ADVANCED_FACE ( 'NONE', ( #7130 ), #141, .F. ) ;
#571 = AXIS2_PLACEMENT_3D ( 'NONE', #1844, #34, #3009 ) ;
#572 = EDGE_CURVE ( 'NONE', #2452, #7381, #3007, .T. ) ;
#573 = ORIENTED_EDGE ( 'NONE', *, *, #4450, .F. ) ;
#574 = VERTEX_POINT ( 'NONE', #3662 ) ;
#575 = CARTESIAN_POINT ( 'NONE',  ( 2.095000000000000195, 0.8325000000000144507, -0.4300000000000007150 ) ) ;
#576 = VECTOR ( 'NONE', #563, 1000.000000000000000 ) ;
#577 = VECTOR ( 'NONE', #7075, 1000.000000000000000 ) ;
#578 = DIRECTION ( 'NONE',  ( 0.000000000000000000, -0.000000000000000000, -1.000000000000000000 ) ) ;
#579 = CARTESIAN_POINT ( 'NONE',  ( -2.392909663932662134, 0.04159826839416821964, 3.379999999999999449 ) ) ;
#580 = VERTEX_POINT ( 'NONE', #4769 ) ;
#581 = ORIENTED_EDGE ( 'NONE', *, *, #1653, .F. ) ;
#582 = ORIENTED_EDGE ( 'NONE', *, *, #5805, .F. ) ;
#583 = LINE ( 'NONE', #1804, #5687 ) ;
#584 = CARTESIAN_POINT ( 'NONE',  ( -2.409999999999970832, 0.2860014607077954185, -1.700000000000000622 ) ) ;
#585 = LINE ( 'NONE', #658, #3750 ) ;
#586 = CARTESIAN_POINT ( 'NONE',  ( -2.339999999999970104, 0.2860014607077954185, -2.110000000000000320 ) ) ;
#587 = CIRCLE ( 'NONE', #4871, 0.2449999999999709355 ) ;
#588 = EDGE_CURVE ( 'NONE', #1718, #1623, #6002, .T. ) ;
#589 = DIRECTION ( 'NONE',  ( 0.000000000000000000, 0.000000000000000000, 1.000000000000000000 ) ) ;
#590 = EDGE_CURVE ( 'NONE', #493, #6076, #3693, .T. ) ;
#591 = ORIENTED_EDGE ( 'NONE', *, *, #5121, .T. ) ;
#592 = AXIS2_PLACEMENT_3D ( 'NONE', #4891, #5474, #7215 ) ;
#593 = ORIENTED_EDGE ( 'NONE', *, *, #73, .T. ) ;
#594 = CARTESIAN_POINT ( 'NONE',  ( 2.339999999999969660, 0.2860014607077954185, 4.240000000000000213 ) ) ;
#595 = DIRECTION ( 'NONE',  ( 0.06975647374412288770, -0.9975640502598244197, -0.000000000000000000 ) ) ;
#596 = FACE_OUTER_BOUND ( 'NONE', #3508, .T. ) ;
#597 = EDGE_CURVE ( 'NONE', #7389, #1299, #4268, .T. ) ;
#598 = SURFACE_SIDE_STYLE ('',( #2358 ) ) ;
#599 = LINE ( 'NONE', #1703, #894 ) ;
#600 = CARTESIAN_POINT ( 'NONE',  ( 2.987792617094780834, 5.421010862427522170E-16, 4.649999999999999467 ) ) ;
#601 = LINE ( 'NONE', #2949, #6200 ) ;
#602 = DIRECTION ( 'NONE',  ( -1.000000000000000000, -0.000000000000000000, -0.000000000000000000 ) ) ;
#603 = EDGE_CURVE ( 'NONE', #5023, #1133, #2868, .T. ) ;
#604 = DIRECTION ( 'NONE',  ( -1.000000000000000000, 0.000000000000000000, 0.000000000000000000 ) ) ;
#605 = DIRECTION ( 'NONE',  ( -1.000000000000000000, 0.000000000000000000, 0.000000000000000000 ) ) ;
#606 = FACE_OUTER_BOUND ( 'NONE', #965, .T. ) ;
#607 = ORIENTED_EDGE ( 'NONE', *, *, #5853, .T. ) ;
#608 = CARTESIAN_POINT ( 'NONE',  ( 2.095000000000000195, 0.8325000000000144507, -1.700000000000000622 ) ) ;
#609 = EDGE_CURVE ( 'NONE', #914, #6932, #1870, .T. ) ;
#610 = DIRECTION ( 'NONE',  ( -0.06975647374412549673, 0.9975640502598243087, 0.000000000000000000 ) ) ;
#611 = ORIENTED_EDGE ( 'NONE', *, *, #2871, .F. ) ;
#612 = DIRECTION ( 'NONE',  ( 1.000000000000000000, 0.000000000000000000, 0.000000000000000000 ) ) ;
#613 = EDGE_LOOP ( 'NONE', ( #5736, #3333, #2595, #6879 ) ) ;
#614 = EDGE_CURVE ( 'NONE', #5772, #4150, #366, .T. ) ;
#615 =( NAMED_UNIT ( * ) PLANE_ANGLE_UNIT ( ) SI_UNIT ( $, .RADIAN. ) );
#616 = VERTEX_POINT ( 'NONE', #6202 ) ;
#617 = ORIENTED_EDGE ( 'NONE', *, *, #4554, .F. ) ;
#618 = CARTESIAN_POINT ( 'NONE',  ( 0.000000000000000000, 1.750000000000000000, 4.831420105473557491 ) ) ;
#619 = CARTESIAN_POINT ( 'NONE',  ( 2.409999999999970832, 0.2860014607077954185, 3.379999999999999449 ) ) ;
#620 = ORIENTED_EDGE ( 'NONE', *, *, #6197, .T. ) ;
#621 = CARTESIAN_POINT ( 'NONE',  ( 2.392909663932662134, 0.04159826839416821964, 2.109999999999999876 ) ) ;
#622 = FACE_OUTER_BOUND ( 'NONE', #1323, .T. ) ;
#623 = CARTESIAN_POINT ( 'NONE',  ( 2.339999999999969660, 0.2860014607077954185, -4.240000000000001101 ) ) ;
#624 = ORIENTED_EDGE ( 'NONE', *, *, #6886, .F. ) ;
#625 = ORIENTED_EDGE ( 'NONE', *, *, #3859, .F. ) ;
#626 = CARTESIAN_POINT ( 'NONE',  ( -2.339999999999970548, 0.8325000000000144507, -0.4300000000000007150 ) ) ;
#627 = CARTESIAN_POINT ( 'NONE',  ( -1.949999999999999956, 0.9025000000000144018, -2.970000000000000639 ) ) ;
#628 = DIRECTION ( 'NONE',  ( 1.000000000000000000, -2.380688169208303900E-15, 0.000000000000000000 ) ) ;
#629 = LINE ( 'NONE', #5424, #1522 ) ;
#630 =( LENGTH_UNIT ( ) NAMED_UNIT ( * ) SI_UNIT ( .MILLI., .METRE. ) );
#631 = EDGE_CURVE ( 'NONE', #819, #4547, #760, .T. ) ;
#632 = EDGE_CURVE ( 'NONE', #4585, #6641, #3904, .T. ) ;
#633 = FACE_OUTER_BOUND ( 'NONE', #1518, .T. ) ;
#634 = CARTESIAN_POINT ( 'NONE',  ( -2.095000000000000195, 0.9025000000000142908, 3.379999999999999449 ) ) ;
#635 = DIRECTION ( 'NONE',  ( 1.000000000000000000, -2.380688169208303900E-15, 0.000000000000000000 ) ) ;
#636 = CARTESIAN_POINT ( 'NONE',  ( -2.095000000000000195, 1.077499999999984803, 4.240000000000000213 ) ) ;
#637 = LINE ( 'NONE', #2623, #7464 ) ;
#638 = CIRCLE ( 'NONE', #2581, 0.2449999999999704914 ) ;
#639 = DIRECTION ( 'NONE',  ( -0.000000000000000000, -0.000000000000000000, -1.000000000000000000 ) ) ;
#640 = ADVANCED_FACE ( 'NONE', ( #3316 ), #3279, .F. ) ;
#641 = VECTOR ( 'NONE', #3585, 1000.000000000000000 ) ;
#642 = EDGE_CURVE ( 'NONE', #4368, #987, #1131, .T. ) ;
#643 = VECTOR ( 'NONE', #2951, 1000.000000000000000 ) ;
#644 = ORIENTED_EDGE ( 'NONE', *, *, #5541, .T. ) ;
#645 = LINE ( 'NONE', #2371, #2135 ) ;
#646 = FACE_OUTER_BOUND ( 'NONE', #1756, .T. ) ;
#647 = CARTESIAN_POINT ( 'NONE',  ( 2.165000000000000480, 0.8325000000000144507, -0.4300000000000007150 ) ) ;
#648 = ORIENTED_EDGE ( 'NONE', *, *, #3456, .F. ) ;
#649 = VECTOR ( 'NONE', #2658, 1000.000000000000000 ) ;
#650 =( GEOMETRIC_REPRESENTATION_CONTEXT ( 3 ) GLOBAL_UNCERTAINTY_ASSIGNED_CONTEXT ( ( #5756 ) ) GLOBAL_UNIT_ASSIGNED_CONTEXT ( ( #6740, #3244, #2621 ) ) REPRESENTATION_CONTEXT ( 'NONE', 'WORKASPACE' ) );
#651 = ORIENTED_EDGE ( 'NONE', *, *, #3632, .F. ) ;
#652 = VERTEX_POINT ( 'NONE', #1458 ) ;
#653 = ORIENTED_EDGE ( 'NONE', *, *, #7430, .T. ) ;
#654 = VECTOR ( 'NONE', #6139, 1000.000000000000114 ) ;
#655 = ORIENTED_EDGE ( 'NONE', *, *, #4880, .T. ) ;
#656 = CARTESIAN_POINT ( 'NONE',  ( -2.095000000000000195, 0.8325000000000144507, 3.379999999999999449 ) ) ;
#657 = LINE ( 'NONE', #7013, #997 ) ;
#658 = CARTESIAN_POINT ( 'NONE',  ( -1.949999999999999956, 1.077499999999984803, 3.379999999999999449 ) ) ;
#659 = CYLINDRICAL_SURFACE ( 'NONE', #3146, 0.3800000000000001155 ) ;
#660 = LINE ( 'NONE', #4199, #3370 ) ;
#661 = VECTOR ( 'NONE', #2001, 1000.000000000000000 ) ;
#662 = ORIENTED_EDGE ( 'NONE', *, *, #6703, .T. ) ;
#663 = ORIENTED_EDGE ( 'NONE', *, *, #642, .F. ) ;
#664 = EDGE_CURVE ( 'NONE', #7338, #6884, #2738, .T. ) ;
#665 = LINE ( 'NONE', #147, #2414 ) ;
#666 = LINE ( 'NONE', #5863, #3724 ) ;
#667 = PLANE ( 'NONE',  #5716 ) ;
#668 = DIRECTION ( 'NONE',  ( 1.000000000000000000, 0.000000000000000000, 0.000000000000000000 ) ) ;
#669 = CARTESIAN_POINT ( 'NONE',  ( -1.949999999999999956, 0.9025000000000144018, 2.109999999999999876 ) ) ;
#670 = CIRCLE ( 'NONE', #5209, 0.07000000000000018707 ) ;
#671 = EDGE_LOOP ( 'NONE', ( #5681, #6201, #5538, #4519 ) ) ;
#672 = FACE_OUTER_BOUND ( 'NONE', #6786, .T. ) ;
#673 = CARTESIAN_POINT ( 'NONE',  ( 2.987792617094780834, 5.421010862427522170E-16, 4.240000000000000213 ) ) ;
#674 = UNCERTAINTY_MEASURE_WITH_UNIT (LENGTH_MEASURE( 1.000000000000000082E-05 ), #4998, 'distance_accuracy_value', 'NONE');
#675 = CARTESIAN_POINT ( 'NONE',  ( 3.000000000000000000, 0.1745737087954402911, 4.240000000000000213 ) ) ;
#676 = AXIS2_PLACEMENT_3D ( 'NONE', #5393, #3702, #709 ) ;
#677 = CIRCLE ( 'NONE', #1037, 0.2449999999999704914 ) ;
#678 = CARTESIAN_POINT ( 'NONE',  ( -2.409999999999970832, 0.2860014607077954185, -4.240000000000001101 ) ) ;
#679 = LINE ( 'NONE', #3032, #2883 ) ;
#680 = CIRCLE ( 'NONE', #5223, 0.2449999999999709355 ) ;
#681 = VECTOR ( 'NONE', #4971, 1000.000000000000227 ) ;
#682 = EDGE_CURVE ( 'NONE', #2281, #462, #7445, .T. ) ;
#683 = EDGE_LOOP ( 'NONE', ( #6160, #5963, #4319, #5562, #4726, #167, #5694, #1937, #269, #7093, #3045, #5780 ) ) ;
#684 = DIRECTION ( 'NONE',  ( 1.000000000000000000, -7.477256361968987358E-16, 0.000000000000000000 ) ) ;
#685 = CARTESIAN_POINT ( 'NONE',  ( -2.095000000000000195, 0.8325000000000144507, 1.700000000000000178 ) ) ;
#686 = DIRECTION ( 'NONE',  ( 0.000000000000000000, 1.000000000000000000, 0.000000000000000000 ) ) ;
#687 = VERTEX_POINT ( 'NONE', #5001 ) ;
#688 = ADVANCED_FACE ( 'NONE', ( #7326 ), #2040, .F. ) ;
#689 = VECTOR ( 'NONE', #7276, 1000.000000000000227 ) ;
#690 = EDGE_CURVE ( 'NONE', #3324, #4187, #331, .T. ) ;
#691 = VECTOR ( 'NONE', #5070, 1000.000000000000000 ) ;
#692 = DIRECTION ( 'NONE',  ( -0.1710878697460326003, 0.9702875252478149193, -0.1710878697460326003 ) ) ;
#693 = VERTEX_POINT ( 'NONE', #1575 ) ;
#694 = VERTEX_POINT ( 'NONE', #6902 ) ;
#695 = DIRECTION ( 'NONE',  ( -0.9975640502598241977, 0.06975647374412531632, 0.000000000000000000 ) ) ;
#696 = CARTESIAN_POINT ( 'NONE',  ( -2.339999999999969660, 0.2860014607077954185, 4.649999999999999467 ) ) ;
#697 = CARTESIAN_POINT ( 'NONE',  ( 1.949999999999999956, 1.077499999999984803, -0.8400000000000005240 ) ) ;
#698 = DIRECTION ( 'NONE',  ( 1.000000000000000000, 0.000000000000000000, 0.000000000000000000 ) ) ;
#699 = EDGE_CURVE ( 'NONE', #1765, #424, #7399, .T. ) ;
#700 = PLANE ( 'NONE',  #6316 ) ;
#701 = PRESENTATION_LAYER_ASSIGNMENT (  '', '', ( #7593 ) ) ;
#702 = ORIENTED_EDGE ( 'NONE', *, *, #3135, .T. ) ;
#703 = ORIENTED_EDGE ( 'NONE', *, *, #3451, .T. ) ;
#704 = CARTESIAN_POINT ( 'NONE',  ( -2.095000000000000195, 0.8325000000000144507, -2.110000000000000320 ) ) ;
#705 = DIRECTION ( 'NONE',  ( 1.000000000000000000, 7.477256361968987358E-16, -0.000000000000000000 ) ) ;
#706 = STYLED_ITEM ( 'NONE', ( #5920 ), #4544 ) ;
#707 = CARTESIAN_POINT ( 'NONE',  ( 2.095000000000000195, 1.077499999999984803, -4.650000000000000355 ) ) ;
#708 = EDGE_CURVE ( 'NONE', #797, #2808, #3400, .T. ) ;
#709 = DIRECTION ( 'NONE',  ( 1.000000000000000000, 0.000000000000000000, -0.000000000000000000 ) ) ;
#710 = CARTESIAN_POINT ( 'NONE',  ( -1.949999999999999956, 1.077499999999984803, -2.970000000000000639 ) ) ;
#711 = VECTOR ( 'NONE', #3480, 1000.000000000000000 ) ;
#712 = ORIENTED_EDGE ( 'NONE', *, *, #1956, .F. ) ;
#713 = FACE_OUTER_BOUND ( 'NONE', #6267, .T. ) ;
#714 = CARTESIAN_POINT ( 'NONE',  ( -2.339999999999969660, 0.2860014607077954185, 2.969999999999999751 ) ) ;
#715 = LINE ( 'NONE', #4680, #7528 ) ;
#716 = LINE ( 'NONE', #1792, #1914 ) ;
#717 = LINE ( 'NONE', #7183, #4112 ) ;
#718 = VERTEX_POINT ( 'NONE', #3943 ) ;
#719 = ADVANCED_FACE ( 'NONE', ( #399 ), #3980, .F. ) ;
#720 = CARTESIAN_POINT ( 'NONE',  ( -2.339999999999969660, 0.2860014607077954185, 3.379999999999999449 ) ) ;
#721 = CARTESIAN_POINT ( 'NONE',  ( 2.409999999999970832, 0.2860014607077954185, 2.109999999999999876 ) ) ;
#722 = CARTESIAN_POINT ( 'NONE',  ( -3.000000000000000000, 0.1745737087954402911, -0.4300000000000007150 ) ) ;
#723 = EDGE_CURVE ( 'NONE', #529, #3355, #6317, .T. ) ;
#724 = LINE ( 'NONE', #6753, #2663 ) ;
#725 = ORIENTED_EDGE ( 'NONE', *, *, #5877, .T. ) ;
#726 = ORIENTED_EDGE ( 'NONE', *, *, #5072, .F. ) ;
#727 = ADVANCED_FACE ( 'NONE', ( #4511 ), #6862, .F. ) ;
#728 = LINE ( 'NONE', #5924, #3717 ) ;
#729 = LINE ( 'NONE', #5966, #4819 ) ;
#730 = ORIENTED_EDGE ( 'NONE', *, *, #7066, .F. ) ;
#731 = DIRECTION ( 'NONE',  ( -1.000000000000000000, 0.000000000000000000, 0.000000000000000000 ) ) ;
#732 = EDGE_CURVE ( 'NONE', #6881, #5688, #3356, .T. ) ;
#733 = ORIENTED_EDGE ( 'NONE', *, *, #2573, .T. ) ;
#734 = VERTEX_POINT ( 'NONE', #7358 ) ;
#735 = DIRECTION ( 'NONE',  ( -0.000000000000000000, 1.000000000000000000, -0.000000000000000000 ) ) ;
#736 = CARTESIAN_POINT ( 'NONE',  ( -2.409999999999970832, 0.2860014607077954185, 2.109999999999999876 ) ) ;
#737 = LINE ( 'NONE', #1820, #7202 ) ;
#738 = LINE ( 'NONE', #1271, #4239 ) ;
#739 = DIRECTION ( 'NONE',  ( 1.000000000000000000, 0.000000000000000000, 0.000000000000000000 ) ) ;
#740 = ORIENTED_EDGE ( 'NONE', *, *, #3427, .T. ) ;
#741 = PLANE ( 'NONE',  #1195 ) ;
#742 = CARTESIAN_POINT ( 'NONE',  ( 2.165000000000000480, 0.8325000000000144507, 2.109999999999999876 ) ) ;
#743 = CARTESIAN_POINT ( 'NONE',  ( -2.095000000000000195, 0.8325000000000144507, 0.8399999999999996358 ) ) ;
#744 = DIRECTION ( 'NONE',  ( -0.000000000000000000, 0.000000000000000000, -1.000000000000000000 ) ) ;
#745 = EDGE_LOOP ( 'NONE', ( #2614, #7488, #4691, #2751 ) ) ;
#746 = EDGE_CURVE ( 'NONE', #5181, #4423, #4301, .T. ) ;
#747 = VECTOR ( 'NONE', #469, 1000.000000000000000 ) ;
#748 = PLANE ( 'NONE',  #2637 ) ;
#749 =( GEOMETRIC_REPRESENTATION_CONTEXT ( 3 ) GLOBAL_UNCERTAINTY_ASSIGNED_CONTEXT ( ( #5669 ) ) GLOBAL_UNIT_ASSIGNED_CONTEXT ( ( #4612, #2140, #1595 ) ) REPRESENTATION_CONTEXT ( 'NONE', 'WORKASPACE' ) );
#750 = DIRECTION ( 'NONE',  ( -0.000000000000000000, 0.000000000000000000, -1.000000000000000000 ) ) ;
#751 = ORIENTED_EDGE ( 'NONE', *, *, #495, .T. ) ;
#752 = LINE ( 'NONE', #7299, #4323 ) ;
#753 = VECTOR ( 'NONE', #6252, 1000.000000000000114 ) ;
#754 = EDGE_LOOP ( 'NONE', ( #4227, #7159, #6725, #1630 ) ) ;
#755 = LINE ( 'NONE', #1974, #6361 ) ;
#756 = ORIENTED_EDGE ( 'NONE', *, *, #682, .T. ) ;
#757 = ORIENTED_EDGE ( 'NONE', *, *, #2784, .F. ) ;
#758 = CARTESIAN_POINT ( 'NONE',  ( -2.987792617094780834, 5.421010862427522170E-16, -2.970000000000000639 ) ) ;
#759 = CARTESIAN_POINT ( 'NONE',  ( 2.987792617094780834, 5.421010862427522170E-16, 3.379999999999999449 ) ) ;
#760 = CIRCLE ( 'NONE', #3603, 0.2449999999999709355 ) ;
#761 = FILL_AREA_STYLE ('',( #3624 ) ) ;
#762 =( GEOMETRIC_REPRESENTATION_CONTEXT ( 3 ) GLOBAL_UNCERTAINTY_ASSIGNED_CONTEXT ( ( #6746 ) ) GLOBAL_UNIT_ASSIGNED_CONTEXT ( ( #4788, #3494, #2920 ) ) REPRESENTATION_CONTEXT ( 'NONE', 'WORKASPACE' ) );
#763 = CARTESIAN_POINT ( 'NONE',  ( 2.095000000000000195, 1.077499999999984803, 3.379999999999999449 ) ) ;
#764 = EDGE_CURVE ( 'NONE', #6174, #7432, #363, .T. ) ;
#765 = VECTOR ( 'NONE', #1180, 1000.000000000000227 ) ;
#766 = AXIS2_PLACEMENT_3D ( 'NONE', #2453, #4837, #5267 ) ;
#767 = ORIENTED_EDGE ( 'NONE', *, *, #4570, .T. ) ;
#768 = ORIENTED_EDGE ( 'NONE', *, *, #5612, .T. ) ;
#769 = DIRECTION ( 'NONE',  ( -0.000000000000000000, -0.000000000000000000, -1.000000000000000000 ) ) ;
#770 = LINE ( 'NONE', #3124, #53 ) ;
#771 = ADVANCED_FACE ( 'NONE', ( #4918 ), #6235, .F. ) ;
#772 = CARTESIAN_POINT ( 'NONE',  ( 2.339999999999969660, 0.2860014607077954185, -0.8400000000000005240 ) ) ;
#773 = DIRECTION ( 'NONE',  ( -0.000000000000000000, -0.000000000000000000, -1.000000000000000000 ) ) ;
#774 = VECTOR ( 'NONE', #527, 1000.000000000000000 ) ;
#775 = CLOSED_SHELL ( 'NONE', ( #1486, #7176, #4258, #1694, #5901, #6666, #792, #6551, #3270, #6208, #4064, #230, #4415, #5152 ) ) ;
#776 = ADVANCED_FACE ( 'NONE', ( #7277 ), #6653, .T. ) ;
#777 = EDGE_CURVE ( 'NONE', #5767, #2521, #3275, .T. ) ;
#778 = VERTEX_POINT ( 'NONE', #1377 ) ;
#779 = AXIS2_PLACEMENT_3D ( 'NONE', #7406, #6244, #5710 ) ;
#780 = LINE ( 'NONE', #1933, #3 ) ;
#781 = DIRECTION ( 'NONE',  ( -1.000000000000000000, 0.000000000000000000, 0.000000000000000000 ) ) ;
#782 = DIRECTION ( 'NONE',  ( -1.000000000000000000, 0.000000000000000000, 0.000000000000000000 ) ) ;
#783 = LINE ( 'NONE', #2444, #2254 ) ;
#784 = EDGE_CURVE ( 'NONE', #1094, #419, #5620, .T. ) ;
#785 = AXIS2_PLACEMENT_3D ( 'NONE', #1949, #1811, #5893 ) ;
#786 = AXIS2_PLACEMENT_3D ( 'NONE', #2530, #6721, #5019 ) ;
#787 = CARTESIAN_POINT ( 'NONE',  ( 2.165000000000000480, 0.8325000000000144507, -4.240000000000001101 ) ) ;
#788 = CARTESIAN_POINT ( 'NONE',  ( -1.949999999999999956, 0.9025000000000144018, -0.4300000000000007150 ) ) ;
#789 = CARTESIAN_POINT ( 'NONE',  ( 2.165000000000000036, 0.2860014607077954740, -2.970000000000000639 ) ) ;
#790 = ADVANCED_FACE ( 'NONE', ( #3810 ), #3855, .F. ) ;
#791 = AXIS2_PLACEMENT_3D ( 'NONE', #2396, #1957, #5046 ) ;
#792 = ADVANCED_FACE ( 'NONE', ( #808 ), #7320, .T. ) ;
#793 = ADVANCED_FACE ( 'NONE', ( #285 ), #2695, .F. ) ;
#794 = ORIENTED_EDGE ( 'NONE', *, *, #1474, .F. ) ;
#795 = LINE ( 'NONE', #1912, #2924 ) ;
#796 = ORIENTED_EDGE ( 'NONE', *, *, #1586, .T. ) ;
#797 = VERTEX_POINT ( 'NONE', #4384 ) ;
#798 = DIRECTION ( 'NONE',  ( -1.000000000000000000, 0.000000000000000000, 0.000000000000000000 ) ) ;
#799 = FILL_AREA_STYLE_COLOUR ( '', #1356 ) ;
#800 = CARTESIAN_POINT ( 'NONE',  ( -2.095000000000000195, 0.9025000000000142908, 2.109999999999999876 ) ) ;
#801 = VECTOR ( 'NONE', #7357, 1000.000000000000000 ) ;
#802 = ORIENTED_EDGE ( 'NONE', *, *, #1732, .T. ) ;
#803 = ORIENTED_EDGE ( 'NONE', *, *, #4774, .F. ) ;
#804 = CARTESIAN_POINT ( 'NONE',  ( -2.409999999999970832, 0.2860014607077954185, -0.4300000000000007150 ) ) ;
#805 = DIRECTION ( 'NONE',  ( 1.000000000000000000, 0.000000000000000000, 0.000000000000000000 ) ) ;
#806 = DIRECTION ( 'NONE',  ( -0.9975640502598241977, -0.06975647374412531632, -0.000000000000000000 ) ) ;
#807 = DIRECTION ( 'NONE',  ( 1.587125446138869267E-15, 1.000000000000000000, 0.000000000000000000 ) ) ;
#808 = FACE_OUTER_BOUND ( 'NONE', #6098, .T. ) ;
#809 = AXIS2_PLACEMENT_3D ( 'NONE', #3206, #370, #7368 ) ;
#810 = ORIENTED_EDGE ( 'NONE', *, *, #5622, .T. ) ;
#811 = EDGE_CURVE ( 'NONE', #1807, #2189, #6731, .T. ) ;
#812 = ORIENTED_EDGE ( 'NONE', *, *, #5279, .F. ) ;
#813 = AXIS2_PLACEMENT_3D ( 'NONE', #445, #5866, #7568 ) ;
#814 = CARTESIAN_POINT ( 'NONE',  ( 2.165000000000000036, 0.2860014607077954740, -4.240000000000001101 ) ) ;
#815 = EDGE_CURVE ( 'NONE', #5226, #529, #5180, .T. ) ;
#816 = DIRECTION ( 'NONE',  ( -0.000000000000000000, -0.000000000000000000, -1.000000000000000000 ) ) ;
#817 = PLANE ( 'NONE',  #5316 ) ;
#818 = AXIS2_PLACEMENT_3D ( 'NONE', #3408, #903, #1626 ) ;
#819 = VERTEX_POINT ( 'NONE', #1414 ) ;
#820 = EDGE_CURVE ( 'NONE', #6258, #734, #4957, .T. ) ;
#821 = CIRCLE ( 'NONE', #3549, 0.2449999999999704914 ) ;
#822 = DIRECTION ( 'NONE',  ( 1.000000000000000000, 0.000000000000000000, 0.000000000000000000 ) ) ;
#823 = PLANE ( 'NONE',  #6949 ) ;
#824 = DIRECTION ( 'NONE',  ( 0.9975640502598241977, -0.06975647374412531632, 0.000000000000000000 ) ) ;
#825 = CARTESIAN_POINT ( 'NONE',  ( 2.095000000000000195, 1.077499999999984803, 2.969999999999999751 ) ) ;
#826 = DIRECTION ( 'NONE',  ( 0.000000000000000000, -0.000000000000000000, -1.000000000000000000 ) ) ;
#827 = ORIENTED_EDGE ( 'NONE', *, *, #4606, .T. ) ;
#828 = ORIENTED_EDGE ( 'NONE', *, *, #3675, .F. ) ;
#829 = EDGE_CURVE ( 'NONE', #2189, #6719, #1253, .T. ) ;
#830 = DIRECTION ( 'NONE',  ( 0.000000000000000000, 0.000000000000000000, -1.000000000000000000 ) ) ;
#831 = EDGE_LOOP ( 'NONE', ( #839, #3620, #5779, #3850 ) ) ;
#832 = EDGE_LOOP ( 'NONE', ( #2564, #2450, #4911, #7239 ) ) ;
#833 = ORIENTED_EDGE ( 'NONE', *, *, #4684, .T. ) ;
#834 = DIRECTION ( 'NONE',  ( 2.380688169208303900E-15, -1.000000000000000000, 0.000000000000000000 ) ) ;
#835 =( LENGTH_UNIT ( ) NAMED_UNIT ( * ) SI_UNIT ( .MILLI., .METRE. ) );
#836 = DIRECTION ( 'NONE',  ( -0.9975640502598241977, -0.06975647374412531632, -0.000000000000000000 ) ) ;
#837 = ORIENTED_EDGE ( 'NONE', *, *, #1860, .T. ) ;
#838 = ORIENTED_EDGE ( 'NONE', *, *, #6837, .F. ) ;
#839 = ORIENTED_EDGE ( 'NONE', *, *, #2327, .T. ) ;
#840 = LINE ( 'NONE', #6191, #2215 ) ;
#841 = DIRECTION ( 'NONE',  ( -0.000000000000000000, -0.000000000000000000, -1.000000000000000000 ) ) ;
#842 = CARTESIAN_POINT ( 'NONE',  ( -3.000000000000000000, 0.1745737087954402911, -2.970000000000000639 ) ) ;
#843 = LINE ( 'NONE', #1376, #4858 ) ;
#844 = DIRECTION ( 'NONE',  ( 0.06975647374412288770, -0.9975640502598244197, -0.000000000000000000 ) ) ;
#845 = ORIENTED_EDGE ( 'NONE', *, *, #7033, .T. ) ;
#846 = DIRECTION ( 'NONE',  ( -2.380688169208303900E-15, 1.000000000000000000, -0.000000000000000000 ) ) ;
#847 = ORIENTED_EDGE ( 'NONE', *, *, #7518, .F. ) ;
#848 = CARTESIAN_POINT ( 'NONE',  ( 2.095000000000000195, 0.9025000000000146239, 4.649999999999999467 ) ) ;
#849 = CARTESIAN_POINT ( 'NONE',  ( -1.949999999999999956, 1.077499999999984803, -1.700000000000000622 ) ) ;
#850 = EDGE_CURVE ( 'NONE', #4427, #6238, #5028, .T. ) ;
#851 = DIRECTION ( 'NONE',  ( 1.000000000000000000, 0.000000000000000000, 0.000000000000000000 ) ) ;
#852 = DIRECTION ( 'NONE',  ( -1.000000000000000000, 7.477256361968987358E-16, 0.000000000000000000 ) ) ;
#853 = EDGE_CURVE ( 'NONE', #1096, #6880, #7396, .T. ) ;
#854 = CARTESIAN_POINT ( 'NONE',  ( -2.095000000000000195, 0.8325000000000144507, 0.8399999999999996358 ) ) ;
#855 = FACE_OUTER_BOUND ( 'NONE', #4975, .T. ) ;
#856 = EDGE_CURVE ( 'NONE', #1718, #981, #5766, .T. ) ;
#857 = CARTESIAN_POINT ( 'NONE',  ( -2.095000000000000195, 1.077499999999984803, -1.700000000000000622 ) ) ;
#858 = DIRECTION ( 'NONE',  ( -1.000000000000000000, 0.000000000000000000, 0.000000000000000000 ) ) ;
#859 = CARTESIAN_POINT ( 'NONE',  ( -1.949999999999999956, 0.9025000000000144018, -3.380000000000000338 ) ) ;
#860 = EDGE_CURVE ( 'NONE', #3402, #2141, #3710, .T. ) ;
#861 = CIRCLE ( 'NONE', #1475, 0.07000000000000018707 ) ;
#862 = AXIS2_PLACEMENT_3D ( 'NONE', #2721, #3461, #3962 ) ;
#863 = DIRECTION ( 'NONE',  ( 1.000000000000000000, 0.000000000000000000, 0.000000000000000000 ) ) ;
#864 = ORIENTED_EDGE ( 'NONE', *, *, #6037, .F. ) ;
#865 = ORIENTED_EDGE ( 'NONE', *, *, #6812, .T. ) ;
#866 = CARTESIAN_POINT ( 'NONE',  ( 2.095000000000000195, 0.8325000000000144507, -2.970000000000000639 ) ) ;
#867 = SURFACE_STYLE_FILL_AREA ( #2561 ) ;
#868 = AXIS2_PLACEMENT_3D ( 'NONE', #1059, #1172, #2332 ) ;
#869 = DIRECTION ( 'NONE',  ( -0.000000000000000000, -0.000000000000000000, -1.000000000000000000 ) ) ;
#870 = ORIENTED_EDGE ( 'NONE', *, *, #6179, .F. ) ;
#871 = EDGE_LOOP ( 'NONE', ( #1457, #7584, #5727, #4799, #4537, #6861, #1837, #2065, #1596, #2556, #240, #6888 ) ) ;
#872 = VERTEX_POINT ( 'NONE', #100 ) ;
#873 = PLANE ( 'NONE',  #7148 ) ;
#874 = LINE ( 'NONE', #2153, #7532 ) ;
#875 = LINE ( 'NONE', #3233, #2021 ) ;
#876 = DIRECTION ( 'NONE',  ( -0.9975640502598241977, 0.06975647374412531632, 0.000000000000000000 ) ) ;
#877 = CARTESIAN_POINT ( 'NONE',  ( 2.165000000000000480, 0.8325000000000144507, 1.700000000000000178 ) ) ;
#878 = CARTESIAN_POINT ( 'NONE',  ( -2.095000000000000195, 0.9025000000000142908, -2.970000000000000639 ) ) ;
#879 = VECTOR ( 'NONE', #5341, 1000.000000000000114 ) ;
#880 = EDGE_CURVE ( 'NONE', #3287, #987, #1719, .T. ) ;
#881 = VERTEX_POINT ( 'NONE', #7084 ) ;
#882 = DIRECTION ( 'NONE',  ( 0.000000000000000000, 0.000000000000000000, 1.000000000000000000 ) ) ;
#883 = CARTESIAN_POINT ( 'NONE',  ( 2.409999999999970832, 0.2860014607077954185, -4.650000000000000355 ) ) ;
#884 = ORIENTED_EDGE ( 'NONE', *, *, #7258, .T. ) ;
#885 = AXIS2_PLACEMENT_3D ( 'NONE', #5638, #3373, #306 ) ;
#886 = CLOSED_SHELL ( 'NONE', ( #4775, #3042, #4333, #1938, #4189, #719, #1239, #6989, #2160, #1920, #2590, #7373, #6132, #727 ) ) ;
#887 = CARTESIAN_POINT ( 'NONE',  ( 2.095000000000000195, 0.8325000000000144507, 4.649999999999999467 ) ) ;
#888 = DIRECTION ( 'NONE',  ( -0.000000000000000000, -0.000000000000000000, -1.000000000000000000 ) ) ;
#889 = VERTEX_POINT ( 'NONE', #1214 ) ;
#890 = VECTOR ( 'NONE', #2578, 1000.000000000000000 ) ;
#891 = ORIENTED_EDGE ( 'NONE', *, *, #5513, .T. ) ;
#892 = CARTESIAN_POINT ( 'NONE',  ( 2.987792617094780834, 5.421010862427522170E-16, -4.240000000000001101 ) ) ;
#893 = DIRECTION ( 'NONE',  ( 0.000000000000000000, 0.000000000000000000, -1.000000000000000000 ) ) ;
#894 = VECTOR ( 'NONE', #5245, 1000.000000000000000 ) ;
#895 = EDGE_CURVE ( 'NONE', #462, #6209, #1618, .T. ) ;
#896 = FACE_OUTER_BOUND ( 'NONE', #5605, .T. ) ;
#897 = VERTEX_POINT ( 'NONE', #5957 ) ;
#898 = LINE ( 'NONE', #825, #7213 ) ;
#899 = DIRECTION ( 'NONE',  ( 7.477256361968987358E-16, 1.000000000000000000, -0.000000000000000000 ) ) ;
#900 = EDGE_CURVE ( 'NONE', #5237, #872, #5221, .T. ) ;
#901 = AXIS2_PLACEMENT_3D ( 'NONE', #5062, #2562, #911 ) ;
#902 = AXIS2_PLACEMENT_3D ( 'NONE', #2762, #1681, #1095 ) ;
#903 = DIRECTION ( 'NONE',  ( -0.000000000000000000, -0.000000000000000000, -1.000000000000000000 ) ) ;
#904 = ORIENTED_EDGE ( 'NONE', *, *, #815, .T. ) ;
#905 = EDGE_LOOP ( 'NONE', ( #6936, #6015, #5066, #6301 ) ) ;
#906 = DIRECTION ( 'NONE',  ( 0.000000000000000000, 0.000000000000000000, 1.000000000000000000 ) ) ;
#907 = ADVANCED_FACE ( 'NONE', ( #3041 ), #2263, .F. ) ;
#908 = SURFACE_STYLE_USAGE ( .BOTH. , #947 ) ;
#909 = AXIS2_PLACEMENT_3D ( 'NONE', #7173, #1888, #182 ) ;
#910 = CIRCLE ( 'NONE', #5717, 0.07000000000000018707 ) ;
#911 = DIRECTION ( 'NONE',  ( 0.000000000000000000, 0.000000000000000000, -1.000000000000000000 ) ) ;
#912 = ORIENTED_EDGE ( 'NONE', *, *, #2399, .T. ) ;
#913 = AXIS2_PLACEMENT_3D ( 'NONE', #2867, #1004, #4027 ) ;
#914 = VERTEX_POINT ( 'NONE', #5290 ) ;
#915 = VECTOR ( 'NONE', #4578, 1000.000000000000000 ) ;
#916 = DIRECTION ( 'NONE',  ( -0.000000000000000000, -0.000000000000000000, -1.000000000000000000 ) ) ;
#917 = DIRECTION ( 'NONE',  ( -0.000000000000000000, -0.000000000000000000, -1.000000000000000000 ) ) ;
#918 = EDGE_CURVE ( 'NONE', #6068, #3193, #528, .T. ) ;
#919 = LINE ( 'NONE', #3273, #2404 ) ;
#920 = CARTESIAN_POINT ( 'NONE',  ( 2.095000000000000195, 1.077499999999984803, -2.970000000000000639 ) ) ;
#921 = DIRECTION ( 'NONE',  ( -1.000000000000000000, 0.000000000000000000, 0.000000000000000000 ) ) ;
#922 = AXIS2_PLACEMENT_3D ( 'NONE', #1970, #5302, #1772 ) ;
#923 = ORIENTED_EDGE ( 'NONE', *, *, #1721, .F. ) ;
#924 = CARTESIAN_POINT ( 'NONE',  ( 2.409999999999970832, 0.2860014607077954185, -0.4300000000000007150 ) ) ;
#925 = CARTESIAN_POINT ( 'NONE',  ( -1.949999999999999956, 1.077499999999984803, 4.240000000000000213 ) ) ;
#926 = ORIENTED_EDGE ( 'NONE', *, *, #5072, .T. ) ;
#927 = EDGE_CURVE ( 'NONE', #7338, #2459, #2375, .T. ) ;
#928 = VECTOR ( 'NONE', #4757, 1000.000000000000000 ) ;
#929 = CARTESIAN_POINT ( 'NONE',  ( -2.164999999999999591, 0.2860014607077954740, 0.8399999999999996358 ) ) ;
#930 = ADVANCED_FACE ( 'NONE', ( #3547 ), #1685, .F. ) ;
#931 = DIRECTION ( 'NONE',  ( -0.000000000000000000, 0.000000000000000000, -1.000000000000000000 ) ) ;
#932 = DIRECTION ( 'NONE',  ( -0.9975640502598244197, 0.06975647374412290158, 0.000000000000000000 ) ) ;
#933 = ORIENTED_EDGE ( 'NONE', *, *, #2748, .T. ) ;
#934 = CARTESIAN_POINT ( 'NONE',  ( -1.949999999999999956, 0.9025000000000144018, -4.950000000000000178 ) ) ;
#935 = LINE ( 'NONE', #4317, #4959 ) ;
#936 = VECTOR ( 'NONE', #239, 1000.000000000000000 ) ;
#937 = DIRECTION ( 'NONE',  ( -1.000000000000000000, 0.000000000000000000, 0.000000000000000000 ) ) ;
#938 = ORIENTED_EDGE ( 'NONE', *, *, #2573, .F. ) ;
#939 = CYLINDRICAL_SURFACE ( 'NONE', #2528, 0.07000000000000061728 ) ;
#940 = CARTESIAN_POINT ( 'NONE',  ( 2.409999999999970832, 0.2860014607077954185, -3.380000000000000338 ) ) ;
#941 = ORIENTED_EDGE ( 'NONE', *, *, #1425, .F. ) ;
#942 = VECTOR ( 'NONE', #3944, 1000.000000000000227 ) ;
#943 = ORIENTED_EDGE ( 'NONE', *, *, #4692, .F. ) ;
#944 = ORIENTED_EDGE ( 'NONE', *, *, #4570, .F. ) ;
#945 = VERTEX_POINT ( 'NONE', #2998 ) ;
#946 = FACE_OUTER_BOUND ( 'NONE', #6108, .T. ) ;
#947 = SURFACE_SIDE_STYLE ('',( #5455 ) ) ;
#948 = EDGE_LOOP ( 'NONE', ( #7045, #1680, #278, #6495 ) ) ;
#949 = EDGE_CURVE ( 'NONE', #954, #5023, #4763, .T. ) ;
#950 = DIRECTION ( 'NONE',  ( 1.000000000000000000, 0.000000000000000000, 0.000000000000000000 ) ) ;
#951 = EDGE_CURVE ( 'NONE', #6209, #462, #5940, .T. ) ;
#952 = CARTESIAN_POINT ( 'NONE',  ( -2.409999999999970832, 0.2860014607077954185, -3.380000000000000338 ) ) ;
#953 = VERTEX_POINT ( 'NONE', #4046 ) ;
#954 = VERTEX_POINT ( 'NONE', #5915 ) ;
#955 = DIRECTION ( 'NONE',  ( -1.000000000000000000, 0.000000000000000000, 0.000000000000000000 ) ) ;
#956 = DIRECTION ( 'NONE',  ( -1.000000000000000000, 1.587125446138869267E-15, 0.000000000000000000 ) ) ;
#957 = DIRECTION ( 'NONE',  ( 1.587125446138869267E-15, 1.000000000000000000, 0.000000000000000000 ) ) ;
#958 = FACE_OUTER_BOUND ( 'NONE', #3425, .T. ) ;
#959 = DIRECTION ( 'NONE',  ( -1.000000000000000000, 0.000000000000000000, 0.000000000000000000 ) ) ;
#960 = CARTESIAN_POINT ( 'NONE',  ( -2.987792617094780834, 5.421010862427522170E-16, 3.379999999999999449 ) ) ;
#961 = EDGE_CURVE ( 'NONE', #7302, #819, #4118, .T. ) ;
#962 = ORIENTED_EDGE ( 'NONE', *, *, #2923, .F. ) ;
#963 = DIRECTION ( 'NONE',  ( 1.000000000000000000, -2.380688169208303900E-15, 0.000000000000000000 ) ) ;
#964 = CARTESIAN_POINT ( 'NONE',  ( 1.949999999999999956, 1.077499999999984803, -4.950000000000000178 ) ) ;
#965 = EDGE_LOOP ( 'NONE', ( #1734, #4337, #4835, #3837 ) ) ;
#966 = DIRECTION ( 'NONE',  ( -1.000000000000000000, 0.000000000000000000, 0.000000000000000000 ) ) ;
#967 = PRESENTATION_STYLE_ASSIGNMENT (( #6165 ) ) ;
#968 = DIRECTION ( 'NONE',  ( -0.06975647374412290158, -0.9975640502598244197, 0.000000000000000000 ) ) ;
#969 = ORIENTED_EDGE ( 'NONE', *, *, #6642, .F. ) ;
#970 = ORIENTED_EDGE ( 'NONE', *, *, #2256, .F. ) ;
#971 = CARTESIAN_POINT ( 'NONE',  ( 2.095000000000000195, 0.8325000000000144507, 2.109999999999999876 ) ) ;
#972 = UNCERTAINTY_MEASURE_WITH_UNIT (LENGTH_MEASURE( 1.000000000000000082E-05 ), #6496, 'distance_accuracy_value', 'NONE');
#973 = DIRECTION ( 'NONE',  ( 1.000000000000000000, 7.477256361968987358E-16, -0.000000000000000000 ) ) ;
#974 = CARTESIAN_POINT ( 'NONE',  ( -1.949999999999999956, 1.077499999999984803, 4.649999999999999467 ) ) ;
#975 = EDGE_LOOP ( 'NONE', ( #4303, #980, #4733, #6838 ) ) ;
#976 = DIRECTION ( 'NONE',  ( 0.9975640502598241977, -0.06975647374412548285, 0.000000000000000000 ) ) ;
#977 = FACE_OUTER_BOUND ( 'NONE', #4949, .T. ) ;
#978 = ORIENTED_EDGE ( 'NONE', *, *, #4948, .F. ) ;
#979 = EDGE_CURVE ( 'NONE', #6228, #5840, #2416, .T. ) ;
#980 = ORIENTED_EDGE ( 'NONE', *, *, #2504, .F. ) ;
#981 = VERTEX_POINT ( 'NONE', #7006 ) ;
#982 = DIRECTION ( 'NONE',  ( 2.380688169208303900E-15, -1.000000000000000000, 0.000000000000000000 ) ) ;
#983 = LINE ( 'NONE', #7426, #6038 ) ;
#984 = ORIENTED_EDGE ( 'NONE', *, *, #6314, .F. ) ;
#985 = ORIENTED_EDGE ( 'NONE', *, *, #6563, .F. ) ;
#986 = CARTESIAN_POINT ( 'NONE',  ( -1.949999999999999956, 1.077499999999984803, 4.649999999999999467 ) ) ;
#987 = VERTEX_POINT ( 'NONE', #3463 ) ;
#988 = ORIENTED_EDGE ( 'NONE', *, *, #3696, .T. ) ;
#989 = ORIENTED_EDGE ( 'NONE', *, *, #5161, .T. ) ;
#990 = FACE_OUTER_BOUND ( 'NONE', #2649, .T. ) ;
#991 = CARTESIAN_POINT ( 'NONE',  ( 2.987792617094780834, 5.421010862427522170E-16, -0.4300000000000007150 ) ) ;
#992 = DIRECTION ( 'NONE',  ( -2.380688169208303900E-15, -1.000000000000000000, 0.000000000000000000 ) ) ;
#993 = ORIENTED_EDGE ( 'NONE', *, *, #2954, .F. ) ;
#994 = AXIS2_PLACEMENT_3D ( 'NONE', #4234, #6582, #1302 ) ;
#995 = DIRECTION ( 'NONE',  ( 0.000000000000000000, 0.000000000000000000, 1.000000000000000000 ) ) ;
#996 = SURFACE_STYLE_FILL_AREA ( #3779 ) ;
#997 = VECTOR ( 'NONE', #5890, 1000.000000000000000 ) ;
#998 = VECTOR ( 'NONE', #2879, 1000.000000000000000 ) ;
#999 = EDGE_CURVE ( 'NONE', #1623, #4585, #7124, .T. ) ;
#1000 = VERTEX_POINT ( 'NONE', #6414 ) ;
#1001 = DIRECTION ( 'NONE',  ( 1.000000000000000000, 0.000000000000000000, -0.000000000000000000 ) ) ;
#1002 = CARTESIAN_POINT ( 'NONE',  ( -2.339999999999969660, 0.2860014607077954185, 0.4299999999999998268 ) ) ;
#1003 = ORIENTED_EDGE ( 'NONE', *, *, #856, .T. ) ;
#1004 = DIRECTION ( 'NONE',  ( 0.000000000000000000, 0.000000000000000000, 1.000000000000000000 ) ) ;
#1005 = EDGE_CURVE ( 'NONE', #872, #6497, #6659, .T. ) ;
#1006 = VECTOR ( 'NONE', #7547, 1000.000000000000227 ) ;
#1007 = EDGE_CURVE ( 'NONE', #1913, #1728, #5844, .T. ) ;
#1008 = CARTESIAN_POINT ( 'NONE',  ( -2.339999999999970548, 0.8325000000000144507, 2.109999999999999876 ) ) ;
#1009 = CARTESIAN_POINT ( 'NONE',  ( 2.165000000000000480, 0.8325000000000144507, -3.380000000000000338 ) ) ;
#1010 = ORIENTED_EDGE ( 'NONE', *, *, #764, .T. ) ;
#1011 = VECTOR ( 'NONE', #6451, 1000.000000000000000 ) ;
#1012 = AXIS2_PLACEMENT_3D ( 'NONE', #656, #4232, #7049 ) ;
#1013 = PLANE ( 'NONE',  #5968 ) ;
#1014 = DIRECTION ( 'NONE',  ( -1.000000000000000000, 0.000000000000000000, 0.000000000000000000 ) ) ;
#1015 = CYLINDRICAL_SURFACE ( 'NONE', #1121, 0.2449999999999709355 ) ;
#1016 = ORIENTED_EDGE ( 'NONE', *, *, #609, .F. ) ;
#1017 = CARTESIAN_POINT ( 'NONE',  ( 1.949999999999999956, 0.9025000000000144018, -3.380000000000000338 ) ) ;
#1018 = DIRECTION ( 'NONE',  ( -0.000000000000000000, -0.000000000000000000, -1.000000000000000000 ) ) ;
#1019 = VECTOR ( 'NONE', #4968, 1000.000000000000000 ) ;
#1020 = VERTEX_POINT ( 'NONE', #2929 ) ;
#1021 = ORIENTED_EDGE ( 'NONE', *, *, #1814, .T. ) ;
#1022 = VECTOR ( 'NONE', #6391, 1000.000000000000000 ) ;
#1023 = EDGE_LOOP ( 'NONE', ( #6960, #978, #2074, #6847 ) ) ;
#1024 = DIRECTION ( 'NONE',  ( 0.9975640502598241977, -0.06975647374412548285, 0.000000000000000000 ) ) ;
#1025 = EDGE_CURVE ( 'NONE', #3440, #2038, #5261, .T. ) ;
#1026 = VERTEX_POINT ( 'NONE', #4937 ) ;
#1027 = ORIENTED_EDGE ( 'NONE', *, *, #2462, .T. ) ;
#1028 = CARTESIAN_POINT ( 'NONE',  ( -2.095000000000000195, 0.9025000000000142908, -4.240000000000001101 ) ) ;
#1029 = EDGE_CURVE ( 'NONE', #1913, #2468, #3145, .T. ) ;
#1030 = VECTOR ( 'NONE', #4374, 1000.000000000000000 ) ;
#1031 = FACE_OUTER_BOUND ( 'NONE', #613, .T. ) ;
#1032 = ORIENTED_EDGE ( 'NONE', *, *, #6990, .F. ) ;
#1033 = ORIENTED_EDGE ( 'NONE', *, *, #777, .T. ) ;
#1034 = DIRECTION ( 'NONE',  ( -0.000000000000000000, -0.000000000000000000, -1.000000000000000000 ) ) ;
#1035 = CYLINDRICAL_SURFACE ( 'NONE', #3983, 0.07000000000000061728 ) ;
#1036 = VECTOR ( 'NONE', #2175, 1000.000000000000000 ) ;
#1037 = AXIS2_PLACEMENT_3D ( 'NONE', #5607, #7234, #242 ) ;
#1038 = FILL_AREA_STYLE_COLOUR ( '', #6822 ) ;
#1039 = ORIENTED_EDGE ( 'NONE', *, *, #2030, .F. ) ;
#1040 = FACE_OUTER_BOUND ( 'NONE', #406, .T. ) ;
#1041 = FACE_OUTER_BOUND ( 'NONE', #4371, .T. ) ;
#1042 = AXIS2_PLACEMENT_3D ( 'NONE', #887, #4468, #5512 ) ;
#1043 = VECTOR ( 'NONE', #7071, 1000.000000000000114 ) ;
#1044 = ORIENTED_EDGE ( 'NONE', *, *, #6940, .F. ) ;
#1045 = DIRECTION ( 'NONE',  ( -0.9975640502598241977, 0.06975647374412548285, 0.000000000000000000 ) ) ;
#1046 = EDGE_CURVE ( 'NONE', #3668, #5226, #2990, .T. ) ;
#1047 = CARTESIAN_POINT ( 'NONE',  ( -2.339999999999970104, 0.2860014607077954185, -4.240000000000001101 ) ) ;
#1048 = ORIENTED_EDGE ( 'NONE', *, *, #1911, .T. ) ;
#1049 = DIRECTION ( 'NONE',  ( 0.9848077530122085754, -0.1736481776669273058, 0.000000000000000000 ) ) ;
#1050 = COLOUR_RGB ( '',0.7921568627450980005, 0.8196078431372548767, 0.9333333333333333481 ) ;
#1051 = CARTESIAN_POINT ( 'NONE',  ( -3.000000000000000000, 0.1745737087954402911, 0.4299999999999998268 ) ) ;
#1052 = CARTESIAN_POINT ( 'NONE',  ( -1.949999999999999956, 0.9025000000000144018, 2.109999999999999876 ) ) ;
#1053 = VERTEX_POINT ( 'NONE', #3217 ) ;
#1054 = VECTOR ( 'NONE', #5048, 1000.000000000000000 ) ;
#1055 = EDGE_CURVE ( 'NONE', #3769, #6071, #5407, .T. ) ;
#1056 = DIRECTION ( 'NONE',  ( 1.000000000000000000, 0.000000000000000000, -0.000000000000000000 ) ) ;
#1057 = CARTESIAN_POINT ( 'NONE',  ( -2.095000000000000195, 1.077499999999984803, -4.240000000000001101 ) ) ;
#1058 = CARTESIAN_POINT ( 'NONE',  ( -2.339999999999970548, 0.8325000000000144507, 4.240000000000000213 ) ) ;
#1059 = CARTESIAN_POINT ( 'NONE',  ( -2.409999999999970832, 0.2860014607077954185, 0.8399999999999996358 ) ) ;
#1060 = CARTESIAN_POINT ( 'NONE',  ( 1.949999999999999956, 1.077499999999984803, -3.380000000000000338 ) ) ;
#1061 = LINE ( 'NONE', #7418, #6298 ) ;
#1062 = EDGE_CURVE ( 'NONE', #428, #3269, #4831, .T. ) ;
#1063 = ORIENTED_EDGE ( 'NONE', *, *, #2509, .F. ) ;
#1064 = CARTESIAN_POINT ( 'NONE',  ( -1.949999999999999956, 0.9025000000000144018, 0.4299999999999998268 ) ) ;
#1065 = CARTESIAN_POINT ( 'NONE',  ( 3.000000000000000000, 0.1745737087954402911, 3.379999999999999449 ) ) ;
#1066 = EDGE_LOOP ( 'NONE', ( #3086, #617, #923, #3842 ) ) ;
#1067 = DIRECTION ( 'NONE',  ( -1.000000000000000000, 0.000000000000000000, 0.000000000000000000 ) ) ;
#1068 = VECTOR ( 'NONE', #2380, 1000.000000000000000 ) ;
#1069 = DIRECTION ( 'NONE',  ( -0.000000000000000000, -0.000000000000000000, -1.000000000000000000 ) ) ;
#1070 = ORIENTED_EDGE ( 'NONE', *, *, #2829, .T. ) ;
#1071 = ORIENTED_EDGE ( 'NONE', *, *, #1046, .F. ) ;
#1072 = CARTESIAN_POINT ( 'NONE',  ( -2.405117046837882633, 0.2161719771896077891, 2.109999999999999876 ) ) ;
#1073 = DIRECTION ( 'NONE',  ( -1.000000000000000000, 0.000000000000000000, 0.000000000000000000 ) ) ;
#1074 = DIRECTION ( 'NONE',  ( -0.000000000000000000, -0.000000000000000000, -1.000000000000000000 ) ) ;
#1075 = LINE ( 'NONE', #2779, #2285 ) ;
#1076 = DIRECTION ( 'NONE',  ( -0.06975647374412290158, 0.9975640502598244197, 0.000000000000000000 ) ) ;
#1077 = ORIENTED_EDGE ( 'NONE', *, *, #1465, .T. ) ;
#1078 = EDGE_LOOP ( 'NONE', ( #55, #1405, #5540, #1103 ) ) ;
#1079 = EDGE_CURVE ( 'NONE', #1856, #1438, #164, .T. ) ;
#1080 = DIRECTION ( 'NONE',  ( 1.000000000000000000, 7.477256361968987358E-16, -0.000000000000000000 ) ) ;
#1081 = DIRECTION ( 'NONE',  ( -2.380688169208303900E-15, 1.000000000000000000, -0.000000000000000000 ) ) ;
#1082 = CARTESIAN_POINT ( 'NONE',  ( -2.095000000000000195, 0.8325000000000144507, 1.700000000000000178 ) ) ;
#1083 = DIRECTION ( 'NONE',  ( -0.000000000000000000, -0.000000000000000000, -1.000000000000000000 ) ) ;
#1084 = FACE_OUTER_BOUND ( 'NONE', #7164, .T. ) ;
#1085 = ORIENTED_EDGE ( 'NONE', *, *, #1390, .F. ) ;
#1086 = CYLINDRICAL_SURFACE ( 'NONE', #818, 0.2449999999999704914 ) ;
#1087 = LINE ( 'NONE', #2405, #6331 ) ;
#1088 = DIRECTION ( 'NONE',  ( 0.000000000000000000, -1.000000000000000000, 0.000000000000000000 ) ) ;
#1089 = CARTESIAN_POINT ( 'NONE',  ( -0.6610000000000000320, 1.750000000000000000, -3.944999999999999840 ) ) ;
#1090 = LINE ( 'NONE', #5836, #6705 ) ;
#1091 = DIRECTION ( 'NONE',  ( 0.000000000000000000, 0.000000000000000000, 1.000000000000000000 ) ) ;
#1092 = EDGE_CURVE ( 'NONE', #6778, #3017, #7256, .T. ) ;
#1093 = ORIENTED_EDGE ( 'NONE', *, *, #1261, .F. ) ;
#1094 = VERTEX_POINT ( 'NONE', #2449 ) ;
#1095 = DIRECTION ( 'NONE',  ( -1.000000000000000000, 0.000000000000000000, 0.000000000000000000 ) ) ;
#1096 = VERTEX_POINT ( 'NONE', #7153 ) ;
#1097 = CARTESIAN_POINT ( 'NONE',  ( -2.095000000000000195, 1.077499999999984803, 2.109999999999999876 ) ) ;
#1098 = EDGE_LOOP ( 'NONE', ( #3870, #2390, #6123, #7448, #3358, #3429, #6110, #1222, #6710, #5509, #6603, #1555 ) ) ;
#1099 = EDGE_CURVE ( 'NONE', #5688, #3419, #3653, .T. ) ;
#1100 = EDGE_CURVE ( 'NONE', #778, #1765, #1971, .T. ) ;
#1101 = CIRCLE ( 'NONE', #1851, 0.07000000000000018707 ) ;
#1102 = CARTESIAN_POINT ( 'NONE',  ( -2.165000000000000036, 0.8325000000000144507, 3.379999999999999449 ) ) ;
#1103 = ORIENTED_EDGE ( 'NONE', *, *, #457, .T. ) ;
#1104 = EDGE_LOOP ( 'NONE', ( #5228, #1165, #7017, #3298 ) ) ;
#1105 = CARTESIAN_POINT ( 'NONE',  ( 2.165000000000000480, 0.8325000000000144507, -3.380000000000000338 ) ) ;
#1106 = LINE ( 'NONE', #5925, #3833 ) ;
#1107 = DIRECTION ( 'NONE',  ( 1.000000000000000000, 0.000000000000000000, 0.000000000000000000 ) ) ;
#1108 = ORIENTED_EDGE ( 'NONE', *, *, #6791, .F. ) ;
#1109 = FACE_OUTER_BOUND ( 'NONE', #7221, .T. ) ;
#1110 = EDGE_CURVE ( 'NONE', #5570, #4596, #2012, .T. ) ;
#1111 = AXIS2_PLACEMENT_3D ( 'NONE', #804, #281, #3159 ) ;
#1112 = DIRECTION ( 'NONE',  ( 1.000000000000000000, 0.000000000000000000, -0.000000000000000000 ) ) ;
#1113 = ORIENTED_EDGE ( 'NONE', *, *, #7434, .T. ) ;
#1114 = ORIENTED_EDGE ( 'NONE', *, *, #7274, .F. ) ;
#1115 = AXIS2_PLACEMENT_3D ( 'NONE', #5494, #6758, #6222 ) ;
#1116 = DIRECTION ( 'NONE',  ( 0.06975647374412288770, -0.9975640502598244197, -0.000000000000000000 ) ) ;
#1117 = ORIENTED_EDGE ( 'NONE', *, *, #6328, .F. ) ;
#1118 = FACE_OUTER_BOUND ( 'NONE', #6951, .T. ) ;
#1119 = EDGE_CURVE ( 'NONE', #1361, #7154, #752, .T. ) ;
#1120 = ADVANCED_FACE ( 'NONE', ( #3180 ), #200, .F. ) ;
#1121 = AXIS2_PLACEMENT_3D ( 'NONE', #1511, #7537, #5135 ) ;
#1122 = ADVANCED_FACE ( 'NONE', ( #2522 ), #5443, .F. ) ;
#1123 = ORIENTED_EDGE ( 'NONE', *, *, #777, .F. ) ;
#1124 = CARTESIAN_POINT ( 'NONE',  ( -2.392909663932662134, 0.04159826839416762290, -2.110000000000000320 ) ) ;
#1125 = CARTESIAN_POINT ( 'NONE',  ( 1.949999999999999956, 0.9025000000000144018, 2.109999999999999876 ) ) ;
#1126 = UNCERTAINTY_MEASURE_WITH_UNIT (LENGTH_MEASURE( 1.000000000000000082E-05 ), #5698, 'distance_accuracy_value', 'NONE');
#1127 = CARTESIAN_POINT ( 'NONE',  ( -2.095000000000000195, 1.077499999999984803, 4.649999999999999467 ) ) ;
#1128 = DIRECTION ( 'NONE',  ( 0.000000000000000000, -1.000000000000000000, 0.000000000000000000 ) ) ;
#1129 = DIRECTION ( 'NONE',  ( -0.000000000000000000, -0.000000000000000000, -1.000000000000000000 ) ) ;
#1130 = PLANE ( 'NONE',  #6061 ) ;
#1131 = CIRCLE ( 'NONE', #5431, 0.2449999999999704914 ) ;
#1132 = VERTEX_POINT ( 'NONE', #1942 ) ;
#1133 = VERTEX_POINT ( 'NONE', #6635 ) ;
#1134 = PLANE ( 'NONE',  #90 ) ;
#1135 = VECTOR ( 'NONE', #6493, 1000.000000000000000 ) ;
#1136 = LINE ( 'NONE', #2339, #3475 ) ;
#1137 = CLOSED_SHELL ( 'NONE', ( #3438, #776, #6186, #5481, #6382, #6022, #5609, #402, #5952, #3059, #1583, #4870, #2583, #4921 ) ) ;
#1138 = DIRECTION ( 'NONE',  ( -1.000000000000000000, 0.000000000000000000, 0.000000000000000000 ) ) ;
#1139 = ORIENTED_EDGE ( 'NONE', *, *, #5445, .T. ) ;
#1140 = ADVANCED_FACE ( 'NONE', ( #1868 ), #2587, .F. ) ;
#1141 = AXIS2_PLACEMENT_3D ( 'NONE', #7569, #3445, #3568 ) ;
#1142 = ORIENTED_EDGE ( 'NONE', *, *, #4684, .F. ) ;
#1143 = VERTEX_POINT ( 'NONE', #1436 ) ;
#1144 = EDGE_CURVE ( 'NONE', #6926, #6720, #236, .T. ) ;
#1145 = CYLINDRICAL_SURFACE ( 'NONE', #4820, 0.07000000000000018707 ) ;
#1146 = CARTESIAN_POINT ( 'NONE',  ( -1.949999999999999956, -10.64048871058091983, 4.950000000000000178 ) ) ;
#1147 = SURFACE_STYLE_USAGE ( .BOTH. , #5775 ) ;
#1148 = EDGE_LOOP ( 'NONE', ( #7501, #2376, #1922, #2094 ) ) ;
#1149 = FACE_OUTER_BOUND ( 'NONE', #5680, .T. ) ;
#1150 =( GEOMETRIC_REPRESENTATION_CONTEXT ( 3 ) GLOBAL_UNCERTAINTY_ASSIGNED_CONTEXT ( ( #6912 ) ) GLOBAL_UNIT_ASSIGNED_CONTEXT ( ( #630, #2325, #6948 ) ) REPRESENTATION_CONTEXT ( 'NONE', 'WORKASPACE' ) );
#1151 = ORIENTED_EDGE ( 'NONE', *, *, #5516, .T. ) ;
#1152 = CARTESIAN_POINT ( 'NONE',  ( 1.689999321670649479, -0.5720371200975288284, -4.689999321670649479 ) ) ;
#1153 = ORIENTED_EDGE ( 'NONE', *, *, #6647, .F. ) ;
#1154 = VECTOR ( 'NONE', #4009, 1000.000000000000000 ) ;
#1155 = ORIENTED_EDGE ( 'NONE', *, *, #895, .F. ) ;
#1156 = VECTOR ( 'NONE', #5799, 1000.000000000000000 ) ;
#1157 = LINE ( 'NONE', #1047, #4517 ) ;
#1158 = FACE_OUTER_BOUND ( 'NONE', #3723, .T. ) ;
#1159 = DIRECTION ( 'NONE',  ( -0.000000000000000000, -0.000000000000000000, -1.000000000000000000 ) ) ;
#1160 = DIRECTION ( 'NONE',  ( -0.000000000000000000, -0.000000000000000000, -1.000000000000000000 ) ) ;
#1161 = CARTESIAN_POINT ( 'NONE',  ( -2.095000000000000195, 0.8325000000000144507, -0.4300000000000007150 ) ) ;
#1162 = VECTOR ( 'NONE', #154, 1000.000000000000000 ) ;
#1163 = CIRCLE ( 'NONE', #5588, 0.07000000000000061728 ) ;
#1164 = EDGE_CURVE ( 'NONE', #1053, #7591, #3794, .T. ) ;
#1165 = ORIENTED_EDGE ( 'NONE', *, *, #2849, .F. ) ;
#1166 = DIRECTION ( 'NONE',  ( -0.000000000000000000, -0.000000000000000000, -1.000000000000000000 ) ) ;
#1167 = AXIS2_PLACEMENT_3D ( 'NONE', #5320, #7115, #7216 ) ;
#1168 = MECHANICAL_DESIGN_GEOMETRIC_PRESENTATION_REPRESENTATION (  '', ( #7451 ), #3142 ) ;
#1169 = ADVANCED_FACE ( 'NONE', ( #4321 ), #6672, .F. ) ;
#1170 = CARTESIAN_POINT ( 'NONE',  ( -2.339999999999970548, 0.8325000000000144507, -0.4300000000000007150 ) ) ;
#1171 = DIRECTION ( 'NONE',  ( -1.000000000000000000, 0.000000000000000000, 0.000000000000000000 ) ) ;
#1172 = DIRECTION ( 'NONE',  ( -0.000000000000000000, -0.000000000000000000, -1.000000000000000000 ) ) ;
#1173 = CARTESIAN_POINT ( 'NONE',  ( 2.987792617094780834, 5.421010862427522170E-16, -0.8400000000000005240 ) ) ;
#1174 = DIRECTION ( 'NONE',  ( -1.000000000000000000, 0.000000000000000000, 0.000000000000000000 ) ) ;
#1175 = ORIENTED_EDGE ( 'NONE', *, *, #3941, .F. ) ;
#1176 = CARTESIAN_POINT ( 'NONE',  ( 1.949999999999999956, 1.077499999999984803, 4.649999999999999467 ) ) ;
#1177 = VECTOR ( 'NONE', #5984, 1000.000000000000227 ) ;
#1178 = VECTOR ( 'NONE', #5597, 1000.000000000000000 ) ;
#1179 = CYLINDRICAL_SURFACE ( 'NONE', #3100, 0.07000000000000018707 ) ;
#1180 = DIRECTION ( 'NONE',  ( 0.9975640502598241977, 0.06975647374412548285, -0.000000000000000000 ) ) ;
#1181 = ORIENTED_EDGE ( 'NONE', *, *, #4254, .F. ) ;
#1182 = CIRCLE ( 'NONE', #1421, 0.07000000000000018707 ) ;
#1183 = CARTESIAN_POINT ( 'NONE',  ( 3.000000000000000000, 0.1745737087954402911, -2.970000000000000639 ) ) ;
#1184 = VERTEX_POINT ( 'NONE', #859 ) ;
#1185 = ORIENTED_EDGE ( 'NONE', *, *, #5554, .F. ) ;
#1186 = ORIENTED_EDGE ( 'NONE', *, *, #1977, .T. ) ;
#1187 = CARTESIAN_POINT ( 'NONE',  ( 3.000000000000000000, 0.1745737087954402911, 3.379999999999999449 ) ) ;
#1188 = CARTESIAN_POINT ( 'NONE',  ( 2.409999999999970832, 0.2860014607077954185, 0.8399999999999996358 ) ) ;
#1189 = EDGE_CURVE ( 'NONE', #5247, #3446, #1061, .T. ) ;
#1190 = CARTESIAN_POINT ( 'NONE',  ( -1.949999999999999956, 0.9025000000000144018, 0.8399999999999996358 ) ) ;
#1191 = AXIS2_PLACEMENT_3D ( 'NONE', #5015, #5602, #6181 ) ;
#1192 = CARTESIAN_POINT ( 'NONE',  ( -2.987792617094780834, 5.421010862427522170E-16, -1.700000000000000622 ) ) ;
#1193 = ADVANCED_FACE ( 'NONE', ( #4561 ), #6917, .F. ) ;
#1194 = VERTEX_POINT ( 'NONE', #4403 ) ;
#1195 = AXIS2_PLACEMENT_3D ( 'NONE', #3025, #5397, #2545 ) ;
#1196 = ORIENTED_EDGE ( 'NONE', *, *, #6647, .T. ) ;
#1197 = DIRECTION ( 'NONE',  ( 1.000000000000000000, 0.000000000000000000, 0.000000000000000000 ) ) ;
#1198 = DIRECTION ( 'NONE',  ( -0.000000000000000000, -0.000000000000000000, -1.000000000000000000 ) ) ;
#1199 = DIRECTION ( 'NONE',  ( 0.06975647374412533019, -0.9975640502598243087, 0.000000000000000000 ) ) ;
#1200 = CARTESIAN_POINT ( 'NONE',  ( -2.339999999999969660, 0.2860014607077954185, -0.4300000000000007150 ) ) ;
#1201 =( NAMED_UNIT ( * ) PLANE_ANGLE_UNIT ( ) SI_UNIT ( $, .RADIAN. ) );
#1202 = CYLINDRICAL_SURFACE ( 'NONE', #187, 0.2449999999999704914 ) ;
#1203 = ADVANCED_FACE ( 'NONE', ( #977 ), #6216, .F. ) ;
#1204 = ORIENTED_EDGE ( 'NONE', *, *, #1382, .T. ) ;
#1205 = CARTESIAN_POINT ( 'NONE',  ( 2.095000000000000195, 0.9025000000000146239, -2.970000000000000639 ) ) ;
#1206 = DIRECTION ( 'NONE',  ( -0.9975640502598241977, 0.06975647374412548285, 0.000000000000000000 ) ) ;
#1207 = DIRECTION ( 'NONE',  ( 0.000000000000000000, 0.000000000000000000, 1.000000000000000000 ) ) ;
#1208 = LINE ( 'NONE', #5834, #643 ) ;
#1209 = LINE ( 'NONE', #5478, #3150 ) ;
#1210 = DIRECTION ( 'NONE',  ( -1.000000000000000000, 0.000000000000000000, 0.000000000000000000 ) ) ;
#1211 = ORIENTED_EDGE ( 'NONE', *, *, #3038, .F. ) ;
#1212 = FACE_OUTER_BOUND ( 'NONE', #1997, .T. ) ;
#1213 = CARTESIAN_POINT ( 'NONE',  ( 1.949999999999999956, 1.077499999999984803, -0.4300000000000007150 ) ) ;
#1214 = CARTESIAN_POINT ( 'NONE',  ( 2.165000000000000036, 0.2860014607077954740, 4.240000000000000213 ) ) ;
#1215 = ORIENTED_EDGE ( 'NONE', *, *, #6149, .T. ) ;
#1216 = ORIENTED_EDGE ( 'NONE', *, *, #7533, .T. ) ;
#1217 = CARTESIAN_POINT ( 'NONE',  ( -1.949999999999999956, 1.077499999999984803, -0.8400000000000005240 ) ) ;
#1218 = VERTEX_POINT ( 'NONE', #3922 ) ;
#1219 = ORIENTED_EDGE ( 'NONE', *, *, #2231, .F. ) ;
#1220 = LINE ( 'NONE', #7129, #3485 ) ;
#1221 = CYLINDRICAL_SURFACE ( 'NONE', #5299, 0.2449999999999709355 ) ;
#1222 = ORIENTED_EDGE ( 'NONE', *, *, #5435, .T. ) ;
#1223 = CARTESIAN_POINT ( 'NONE',  ( -2.339999999999970548, 0.8325000000000144507, 3.379999999999999449 ) ) ;
#1224 = VERTEX_POINT ( 'NONE', #5723 ) ;
#1225 = CARTESIAN_POINT ( 'NONE',  ( -2.987792617094780834, 5.421010862427522170E-16, -0.4300000000000007150 ) ) ;
#1226 = CYLINDRICAL_SURFACE ( 'NONE', #785, 0.2449999999999704914 ) ;
#1227 = ORIENTED_EDGE ( 'NONE', *, *, #4080, .F. ) ;
#1228 = VERTEX_POINT ( 'NONE', #3331 ) ;
#1229 = PLANE ( 'NONE',  #4024 ) ;
#1230 = LINE ( 'NONE', #3563, #2992 ) ;
#1231 = EDGE_CURVE ( 'NONE', #3355, #5702, #453, .T. ) ;
#1232 = FACE_OUTER_BOUND ( 'NONE', #1864, .T. ) ;
#1233 = CARTESIAN_POINT ( 'NONE',  ( 2.987792617094780834, 5.421010862427522170E-16, -2.970000000000000639 ) ) ;
#1234 = CARTESIAN_POINT ( 'NONE',  ( -2.339999999999969660, 0.2860014607077954185, -3.380000000000000338 ) ) ;
#1235 = EDGE_CURVE ( 'NONE', #1690, #1372, #1369, .T. ) ;
#1236 = VERTEX_POINT ( 'NONE', #1553 ) ;
#1237 = CARTESIAN_POINT ( 'NONE',  ( 0.000000000000000000, 0.2300000000000000100, 4.831420105473557491 ) ) ;
#1238 = EDGE_CURVE ( 'NONE', #4159, #1802, #3352, .T. ) ;
#1239 = ADVANCED_FACE ( 'NONE', ( #7377 ), #2089, .T. ) ;
#1240 = CYLINDRICAL_SURFACE ( 'NONE', #7315, 0.2449999999999709355 ) ;
#1241 = FACE_OUTER_BOUND ( 'NONE', #7538, .T. ) ;
#1242 = SURFACE_STYLE_USAGE ( .BOTH. , #6520 ) ;
#1243 = LINE ( 'NONE', #2408, #928 ) ;
#1244 = LINE ( 'NONE', #157, #6303 ) ;
#1245 = AXIS2_PLACEMENT_3D ( 'NONE', #2461, #1885, #3670 ) ;
#1246 = AXIS2_PLACEMENT_3D ( 'NONE', #377, #4558, #6334 ) ;
#1247 = EDGE_CURVE ( 'NONE', #3077, #28, #416, .T. ) ;
#1248 = ORIENTED_EDGE ( 'NONE', *, *, #3495, .T. ) ;
#1249 = PLANE ( 'NONE',  #3869 ) ;
#1250 = FACE_OUTER_BOUND ( 'NONE', #2764, .T. ) ;
#1251 = CARTESIAN_POINT ( 'NONE',  ( 2.095000000000000195, 0.8325000000000144507, 2.109999999999999876 ) ) ;
#1252 = ORIENTED_EDGE ( 'NONE', *, *, #1079, .F. ) ;
#1253 = CIRCLE ( 'NONE', #3840, 0.2449999999999709355 ) ;
#1254 = ADVANCED_FACE ( 'NONE', ( #5557 ), #5138, .F. ) ;
#1255 = VERTEX_POINT ( 'NONE', #6835 ) ;
#1256 = ORIENTED_EDGE ( 'NONE', *, *, #3182, .F. ) ;
#1257 = VECTOR ( 'NONE', #2180, 1000.000000000000000 ) ;
#1258 = VECTOR ( 'NONE', #841, 1000.000000000000000 ) ;
#1259 = DIRECTION ( 'NONE',  ( -0.000000000000000000, -0.000000000000000000, -1.000000000000000000 ) ) ;
#1260 = LINE ( 'NONE', #696, #6919 ) ;
#1261 = EDGE_CURVE ( 'NONE', #5220, #1763, #3489, .T. ) ;
#1262 = CARTESIAN_POINT ( 'NONE',  ( -2.409999999999970832, 0.2860014607077954185, 0.8399999999999996358 ) ) ;
#1263 = CARTESIAN_POINT ( 'NONE',  ( -2.392909663932662134, 0.04159826839416821964, 0.8399999999999996358 ) ) ;
#1264 = VECTOR ( 'NONE', #888, 1000.000000000000000 ) ;
#1265 = ORIENTED_EDGE ( 'NONE', *, *, #5251, .T. ) ;
#1266 = ORIENTED_EDGE ( 'NONE', *, *, #6875, .F. ) ;
#1267 = DIRECTION ( 'NONE',  ( -0.000000000000000000, -0.000000000000000000, -1.000000000000000000 ) ) ;
#1268 = CARTESIAN_POINT ( 'NONE',  ( -2.165000000000000480, 0.8325000000000144507, 3.379999999999999449 ) ) ;
#1269 = VECTOR ( 'NONE', #1822, 1000.000000000000000 ) ;
#1270 = DIRECTION ( 'NONE',  ( -0.000000000000000000, -0.000000000000000000, -1.000000000000000000 ) ) ;
#1271 = CARTESIAN_POINT ( 'NONE',  ( 3.000000000000000000, 0.1745737087954402911, 1.700000000000000178 ) ) ;
#1272 = DIRECTION ( 'NONE',  ( 0.000000000000000000, 0.000000000000000000, 1.000000000000000000 ) ) ;
#1273 = VECTOR ( 'NONE', #869, 1000.000000000000000 ) ;
#1274 = EDGE_CURVE ( 'NONE', #468, #459, #1473, .T. ) ;
#1275 = AXIS2_PLACEMENT_3D ( 'NONE', #4331, #3766, #834 ) ;
#1276 = ORIENTED_EDGE ( 'NONE', *, *, #7307, .F. ) ;
#1277 = LINE ( 'NONE', #3641, #1177 ) ;
#1278 = DIRECTION ( 'NONE',  ( -0.000000000000000000, -0.000000000000000000, -1.000000000000000000 ) ) ;
#1279 = LINE ( 'NONE', #4145, #1162 ) ;
#1280 = EDGE_CURVE ( 'NONE', #6125, #1548, #7462, .T. ) ;
#1281 = VECTOR ( 'NONE', #342, 1000.000000000000227 ) ;
#1282 = DIRECTION ( 'NONE',  ( 1.000000000000000000, 0.000000000000000000, -0.000000000000000000 ) ) ;
#1283 = LINE ( 'NONE', #3099, #5235 ) ;
#1284 = CARTESIAN_POINT ( 'NONE',  ( 2.095000000000000195, 0.9025000000000146239, 3.379999999999999449 ) ) ;
#1285 = EDGE_CURVE ( 'NONE', #7470, #5256, #2873, .T. ) ;
#1286 = AXIS2_PLACEMENT_3D ( 'NONE', #1386, #2667, #2118 ) ;
#1287 = AXIS2_PLACEMENT_3D ( 'NONE', #7413, #2174, #4598 ) ;
#1288 = ORIENTED_EDGE ( 'NONE', *, *, #3758, .T. ) ;
#1289 = DIRECTION ( 'NONE',  ( -0.000000000000000000, -0.000000000000000000, -1.000000000000000000 ) ) ;
#1290 = DIRECTION ( 'NONE',  ( 1.000000000000000000, 0.000000000000000000, 0.000000000000000000 ) ) ;
#1291 = ORIENTED_EDGE ( 'NONE', *, *, #1923, .F. ) ;
#1292 = CARTESIAN_POINT ( 'NONE',  ( 2.987792617094780834, 5.421010862427522170E-16, -4.650000000000000355 ) ) ;
#1293 = AXIS2_PLACEMENT_3D ( 'NONE', #119, #1739, #4096 ) ;
#1294 = ADVANCED_FACE ( 'NONE', ( #1590 ), #2635, .T. ) ;
#1295 = ORIENTED_EDGE ( 'NONE', *, *, #2009, .T. ) ;
#1296 = CARTESIAN_POINT ( 'NONE',  ( -1.949999999999999956, 1.077499999999984803, 2.969999999999999751 ) ) ;
#1297 = ORIENTED_EDGE ( 'NONE', *, *, #52, .T. ) ;
#1298 = AXIS2_PLACEMENT_3D ( 'NONE', #7182, #3707, #4281 ) ;
#1299 = VERTEX_POINT ( 'NONE', #6177 ) ;
#1300 = CARTESIAN_POINT ( 'NONE',  ( 2.409999999999970832, 0.2860014607077954185, -2.970000000000000639 ) ) ;
#1301 = DIRECTION ( 'NONE',  ( -0.000000000000000000, -0.000000000000000000, -1.000000000000000000 ) ) ;
#1302 = DIRECTION ( 'NONE',  ( -1.000000000000000000, 0.000000000000000000, 0.000000000000000000 ) ) ;
#1303 = PLANE ( 'NONE',  #7300 ) ;
#1304 = EDGE_CURVE ( 'NONE', #137, #241, #5598, .T. ) ;
#1305 = PRESENTATION_LAYER_ASSIGNMENT (  '', '', ( #2171 ) ) ;
#1306 = VERTEX_POINT ( 'NONE', #3880 ) ;
#1307 = ORIENTED_EDGE ( 'NONE', *, *, #6275, .F. ) ;
#1308 = DIRECTION ( 'NONE',  ( -1.000000000000000000, 0.000000000000000000, 0.000000000000000000 ) ) ;
#1309 = CARTESIAN_POINT ( 'NONE',  ( 2.987792617094780834, 5.421010862427522170E-16, 4.649999999999999467 ) ) ;
#1310 = CARTESIAN_POINT ( 'NONE',  ( -2.095000000000000195, 1.077499999999984803, 2.969999999999999751 ) ) ;
#1311 = DIRECTION ( 'NONE',  ( -0.000000000000000000, -0.000000000000000000, -1.000000000000000000 ) ) ;
#1312 = DIRECTION ( 'NONE',  ( 1.000000000000000000, 0.000000000000000000, -0.000000000000000000 ) ) ;
#1313 = VECTOR ( 'NONE', #4389, 1000.000000000000000 ) ;
#1314 = ORIENTED_EDGE ( 'NONE', *, *, #4455, .F. ) ;
#1315 = CYLINDRICAL_SURFACE ( 'NONE', #4994, 0.3800000000000001155 ) ;
#1316 = LINE ( 'NONE', #2364, #3638 ) ;
#1317 = DIRECTION ( 'NONE',  ( -0.000000000000000000, -0.000000000000000000, -1.000000000000000000 ) ) ;
#1318 = LINE ( 'NONE', #6055, #890 ) ;
#1319 = EDGE_CURVE ( 'NONE', #2889, #1194, #6052, .T. ) ;
#1320 = ORIENTED_EDGE ( 'NONE', *, *, #632, .F. ) ;
#1321 = DIRECTION ( 'NONE',  ( 0.000000000000000000, 0.000000000000000000, 1.000000000000000000 ) ) ;
#1322 = DIRECTION ( 'NONE',  ( 2.380688169208303900E-15, -1.000000000000000000, 0.000000000000000000 ) ) ;
#1323 = EDGE_LOOP ( 'NONE', ( #3505, #3307, #3040, #1155 ) ) ;
#1324 = CARTESIAN_POINT ( 'NONE',  ( 2.095000000000000195, 1.077499999999984803, -1.700000000000000622 ) ) ;
#1325 = ORIENTED_EDGE ( 'NONE', *, *, #3460, .F. ) ;
#1326 = EDGE_CURVE ( 'NONE', #4579, #4563, #490, .T. ) ;
#1327 = ORIENTED_EDGE ( 'NONE', *, *, #1390, .T. ) ;
#1328 = CARTESIAN_POINT ( 'NONE',  ( 2.165000000000000480, 0.8325000000000144507, 0.4299999999999998268 ) ) ;
#1329 = ORIENTED_EDGE ( 'NONE', *, *, #4883, .F. ) ;
#1330 = ORIENTED_EDGE ( 'NONE', *, *, #3154, .T. ) ;
#1331 = EDGE_LOOP ( 'NONE', ( #2809, #5841, #6319, #4278 ) ) ;
#1332 = FACE_OUTER_BOUND ( 'NONE', #1567, .T. ) ;
#1333 = DIRECTION ( 'NONE',  ( -0.06975647374412549673, 0.9975640502598243087, 0.000000000000000000 ) ) ;
#1334 = ADVANCED_FACE ( 'NONE', ( #606 ), #4182, .T. ) ;
#1335 = EDGE_CURVE ( 'NONE', #3114, #5473, #5313, .T. ) ;
#1336 = DIRECTION ( 'NONE',  ( -1.000000000000000000, 7.477256361968987358E-16, 0.000000000000000000 ) ) ;
#1337 = CARTESIAN_POINT ( 'NONE',  ( 2.987792617094780834, 5.421010862427522170E-16, -0.4300000000000007150 ) ) ;
#1338 = ORIENTED_EDGE ( 'NONE', *, *, #5472, .F. ) ;
#1339 = ORIENTED_EDGE ( 'NONE', *, *, #6791, .T. ) ;
#1340 = LINE ( 'NONE', #2942, #2931 ) ;
#1341 = PLANE ( 'NONE',  #5692 ) ;
#1342 = EDGE_CURVE ( 'NONE', #1728, #3881, #2334, .T. ) ;
#1343 = PLANE ( 'NONE',  #6694 ) ;
#1344 = FACE_OUTER_BOUND ( 'NONE', #5973, .T. ) ;
#1345 = SURFACE_STYLE_USAGE ( .BOTH. , #5425 ) ;
#1346 = ORIENTED_EDGE ( 'NONE', *, *, #6815, .F. ) ;
#1347 = VECTOR ( 'NONE', #391, 1000.000000000000000 ) ;
#1348 = PLANE ( 'NONE',  #3167 ) ;
#1349 = EDGE_CURVE ( 'NONE', #4529, #2685, #2298, .T. ) ;
#1350 = PLANE ( 'NONE',  #5587 ) ;
#1351 = EDGE_CURVE ( 'NONE', #4984, #2889, #2253, .T. ) ;
#1352 = LINE ( 'NONE', #3574, #2650 ) ;
#1353 = DIRECTION ( 'NONE',  ( -1.000000000000000000, -7.477256361968987358E-16, 0.000000000000000000 ) ) ;
#1354 = EDGE_CURVE ( 'NONE', #3158, #2880, #6999, .T. ) ;
#1355 = FACE_OUTER_BOUND ( 'NONE', #3478, .T. ) ;
#1356 = COLOUR_RGB ( '',0.7921568627450980005, 0.8196078431372548767, 0.9333333333333333481 ) ;
#1357 = LINE ( 'NONE', #6633, #166 ) ;
#1358 = DIRECTION ( 'NONE',  ( -1.000000000000000000, 0.000000000000000000, 0.000000000000000000 ) ) ;
#1359 = VECTOR ( 'NONE', #7082, 1000.000000000000114 ) ;
#1360 = DIRECTION ( 'NONE',  ( 0.000000000000000000, 0.000000000000000000, 1.000000000000000000 ) ) ;
#1361 = VERTEX_POINT ( 'NONE', #4039 ) ;
#1362 = ORIENTED_EDGE ( 'NONE', *, *, #4908, .T. ) ;
#1363 = ORIENTED_EDGE ( 'NONE', *, *, #6271, .T. ) ;
#1364 = FACE_OUTER_BOUND ( 'NONE', #7497, .T. ) ;
#1365 = VECTOR ( 'NONE', #1301, 1000.000000000000000 ) ;
#1366 = DIRECTION ( 'NONE',  ( -1.000000000000000000, 7.477256361968987358E-16, 0.000000000000000000 ) ) ;
#1367 = EDGE_LOOP ( 'NONE', ( #5330, #7268, #3464, #6924 ) ) ;
#1368 = LINE ( 'NONE', #2686, #4341 ) ;
#1369 = CIRCLE ( 'NONE', #5057, 0.07000000000000061728 ) ;
#1370 = ADVANCED_FACE ( 'NONE', ( #92 ), #5323, .F. ) ;
#1371 = AXIS2_PLACEMENT_3D ( 'NONE', #6351, #2855, #1603 ) ;
#1372 = VERTEX_POINT ( 'NONE', #1676 ) ;
#1373 = VERTEX_POINT ( 'NONE', #6376 ) ;
#1374 = DIRECTION ( 'NONE',  ( -0.000000000000000000, -0.000000000000000000, -1.000000000000000000 ) ) ;
#1375 = CARTESIAN_POINT ( 'NONE',  ( 2.165000000000000480, 0.8325000000000144507, 4.649999999999999467 ) ) ;
#1376 = CARTESIAN_POINT ( 'NONE',  ( -2.987792617094780834, 5.421010862427522170E-16, -3.380000000000000338 ) ) ;
#1377 = CARTESIAN_POINT ( 'NONE',  ( 2.095000000000000195, 1.077499999999984803, -1.700000000000000622 ) ) ;
#1378 = MECHANICAL_DESIGN_GEOMETRIC_PRESENTATION_REPRESENTATION (  '', ( #6433 ), #1150 ) ;
#1379 = CLOSED_SHELL ( 'NONE', ( #4704, #2203, #1515, #6920, #3528, #7582, #381, #2980, #771, #7502, #4822, #5691, #7041, #1120 ) ) ;
#1380 = FILL_AREA_STYLE ('',( #5314 ) ) ;
#1381 = VERTEX_POINT ( 'NONE', #2409 ) ;
#1382 = EDGE_CURVE ( 'NONE', #3929, #1096, #3609, .T. ) ;
#1383 = ORIENTED_EDGE ( 'NONE', *, *, #3887, .F. ) ;
#1384 = PRESENTATION_LAYER_ASSIGNMENT (  '', '', ( #6562 ) ) ;
#1385 = DIRECTION ( 'NONE',  ( -0.9975640502598244197, 0.06975647374412290158, 0.000000000000000000 ) ) ;
#1386 = CARTESIAN_POINT ( 'NONE',  ( 2.095000000000000195, 0.8325000000000144507, 1.700000000000000178 ) ) ;
#1387 = CARTESIAN_POINT ( 'NONE',  ( 2.095000000000000195, 0.8325000000000144507, -2.970000000000000639 ) ) ;
#1388 = AXIS2_PLACEMENT_3D ( 'NONE', #1263, #5386, #144 ) ;
#1389 = ADVANCED_FACE ( 'NONE', ( #2882 ), #2837, .T. ) ;
#1390 = EDGE_CURVE ( 'NONE', #2087, #4368, #7119, .T. ) ;
#1391 = VECTOR ( 'NONE', #1510, 1000.000000000000000 ) ;
#1392 = DIRECTION ( 'NONE',  ( 0.06975647374412549673, 0.9975640502598243087, -0.000000000000000000 ) ) ;
#1393 = DIRECTION ( 'NONE',  ( 2.380688169208303900E-15, -1.000000000000000000, 0.000000000000000000 ) ) ;
#1394 = CARTESIAN_POINT ( 'NONE',  ( 2.339999999999969660, 0.2860014607077954185, -0.4300000000000007150 ) ) ;
#1395 = CYLINDRICAL_SURFACE ( 'NONE', #3886, 0.2449999999999709355 ) ;
#1396 = CARTESIAN_POINT ( 'NONE',  ( -2.095000000000000195, 1.077499999999984803, 4.649999999999999467 ) ) ;
#1397 = VECTOR ( 'NONE', #7212, 1000.000000000000114 ) ;
#1398 = AXIS2_PLACEMENT_3D ( 'NONE', #6993, #6481, #1858 ) ;
#1399 = DIRECTION ( 'NONE',  ( -2.380688169208303900E-15, 1.000000000000000000, -0.000000000000000000 ) ) ;
#1400 = VERTEX_POINT ( 'NONE', #1712 ) ;
#1401 = PLANE ( 'NONE',  #1275 ) ;
#1402 = VECTOR ( 'NONE', #5586, 1000.000000000000114 ) ;
#1403 = VECTOR ( 'NONE', #6502, 1000.000000000000000 ) ;
#1404 = DIRECTION ( 'NONE',  ( 2.380688169208303900E-15, -1.000000000000000000, 0.000000000000000000 ) ) ;
#1405 = ORIENTED_EDGE ( 'NONE', *, *, #4214, .F. ) ;
#1406 = AXIS2_PLACEMENT_3D ( 'NONE', #4320, #3514, #2387 ) ;
#1407 = EDGE_CURVE ( 'NONE', #6778, #6174, #5285, .T. ) ;
#1408 = ORIENTED_EDGE ( 'NONE', *, *, #52, .F. ) ;
#1409 = ORIENTED_EDGE ( 'NONE', *, *, #6540, .T. ) ;
#1410 = CARTESIAN_POINT ( 'NONE',  ( -2.095000000000000195, 0.9025000000000142908, 2.109999999999999876 ) ) ;
#1411 = DIRECTION ( 'NONE',  ( 0.9975640502598241977, -0.06975647374412548285, 0.000000000000000000 ) ) ;
#1412 = DIRECTION ( 'NONE',  ( -0.000000000000000000, -0.000000000000000000, -1.000000000000000000 ) ) ;
#1413 = LINE ( 'NONE', #3734, #1794 ) ;
#1414 = CARTESIAN_POINT ( 'NONE',  ( 2.165000000000000036, 0.2860014607077954740, -0.4300000000000007150 ) ) ;
#1415 = ORIENTED_EDGE ( 'NONE', *, *, #3691, .T. ) ;
#1416 = VECTOR ( 'NONE', #3955, 1000.000000000000000 ) ;
#1417 = EDGE_CURVE ( 'NONE', #3295, #6648, #5796, .T. ) ;
#1418 = LINE ( 'NONE', #2820, #2379 ) ;
#1419 = ORIENTED_EDGE ( 'NONE', *, *, #603, .T. ) ;
#1420 = ORIENTED_EDGE ( 'NONE', *, *, #2803, .F. ) ;
#1421 = AXIS2_PLACEMENT_3D ( 'NONE', #6823, #7022, #5244 ) ;
#1422 = DIRECTION ( 'NONE',  ( 0.9975640502598241977, 0.06975647374412548285, -0.000000000000000000 ) ) ;
#1423 = CARTESIAN_POINT ( 'NONE',  ( 3.000000000000000000, 0.1745737087954402911, 0.4299999999999998268 ) ) ;
#1424 = ADVANCED_FACE ( 'NONE', ( #7581 ), #1130, .T. ) ;
#1425 = EDGE_CURVE ( 'NONE', #6008, #2786, #569, .T. ) ;
#1426 = DIRECTION ( 'NONE',  ( -1.000000000000000000, 0.000000000000000000, 0.000000000000000000 ) ) ;
#1427 = CARTESIAN_POINT ( 'NONE',  ( 2.095000000000000195, 0.8325000000000144507, 0.4299999999999998268 ) ) ;
#1428 = MECHANICAL_DESIGN_GEOMETRIC_PRESENTATION_REPRESENTATION (  '', ( #3773 ), #7220 ) ;
#1429 = ORIENTED_EDGE ( 'NONE', *, *, #7088, .F. ) ;
#1430 = ORIENTED_EDGE ( 'NONE', *, *, #3034, .F. ) ;
#1431 = CARTESIAN_POINT ( 'NONE',  ( -1.666685501615249088, 1.750000000000000000, -4.950000000000000178 ) ) ;
#1432 = FACE_OUTER_BOUND ( 'NONE', #4041, .T. ) ;
#1433 = DIRECTION ( 'NONE',  ( -1.000000000000000000, -2.380688169208303900E-15, 0.000000000000000000 ) ) ;
#1434 = ORIENTED_EDGE ( 'NONE', *, *, #6357, .T. ) ;
#1435 = CARTESIAN_POINT ( 'NONE',  ( 1.949999999999999956, 0.9025000000000144018, 4.950000000000000178 ) ) ;
#1436 = CARTESIAN_POINT ( 'NONE',  ( 2.165000000000000036, 0.2860014607077954740, -4.240000000000001101 ) ) ;
#1437 = ORIENTED_EDGE ( 'NONE', *, *, #3759, .T. ) ;
#1438 = VERTEX_POINT ( 'NONE', #5254 ) ;
#1439 = CARTESIAN_POINT ( 'NONE',  ( -2.095000000000000195, 0.8325000000000144507, -4.240000000000001101 ) ) ;
#1440 = ORIENTED_EDGE ( 'NONE', *, *, #4863, .T. ) ;
#1441 = ORIENTED_EDGE ( 'NONE', *, *, #4679, .F. ) ;
#1442 = FACE_OUTER_BOUND ( 'NONE', #4155, .T. ) ;
#1443 = CARTESIAN_POINT ( 'NONE',  ( -2.405117046837882633, 0.2161719771896077891, 0.8399999999999996358 ) ) ;
#1444 = VERTEX_POINT ( 'NONE', #1752 ) ;
#1445 = EDGE_CURVE ( 'NONE', #1444, #2320, #7076, .T. ) ;
#1446 = CARTESIAN_POINT ( 'NONE',  ( -2.095000000000000195, 1.077499999999984803, 3.379999999999999449 ) ) ;
#1447 = ORIENTED_EDGE ( 'NONE', *, *, #5035, .T. ) ;
#1448 = ORIENTED_EDGE ( 'NONE', *, *, #880, .F. ) ;
#1449 = ORIENTED_EDGE ( 'NONE', *, *, #6637, .F. ) ;
#1450 = DIRECTION ( 'NONE',  ( -1.000000000000000000, 0.000000000000000000, 0.000000000000000000 ) ) ;
#1451 = LINE ( 'NONE', #991, #3614 ) ;
#1452 = FACE_OUTER_BOUND ( 'NONE', #6401, .T. ) ;
#1453 = LINE ( 'NONE', #6157, #5593 ) ;
#1454 = CARTESIAN_POINT ( 'NONE',  ( 2.409999999999970832, 0.2860014607077954185, 1.700000000000000178 ) ) ;
#1455 = DIRECTION ( 'NONE',  ( -0.06975647374412533019, -0.9975640502598243087, 0.000000000000000000 ) ) ;
#1456 = PRODUCT_DEFINITION_SHAPE ( 'NONE', 'NONE',  #6489 ) ;
#1457 = ORIENTED_EDGE ( 'NONE', *, *, #2619, .T. ) ;
#1458 = CARTESIAN_POINT ( 'NONE',  ( -2.339999999999970548, 0.8325000000000144507, -4.240000000000001101 ) ) ;
#1459 = EDGE_CURVE ( 'NONE', #5695, #945, #4357, .T. ) ;
#1460 = PLANE ( 'NONE',  #4862 ) ;
#1461 = ORIENTED_EDGE ( 'NONE', *, *, #6752, .T. ) ;
#1462 = DIRECTION ( 'NONE',  ( 0.000000000000000000, 0.000000000000000000, 1.000000000000000000 ) ) ;
#1463 = DIRECTION ( 'NONE',  ( 0.06975647374412288770, -0.9975640502598244197, -0.000000000000000000 ) ) ;
#1464 = PLANE ( 'NONE',  #779 ) ;
#1465 = EDGE_CURVE ( 'NONE', #3242, #4874, #1244, .T. ) ;
#1466 = ORIENTED_EDGE ( 'NONE', *, *, #1407, .F. ) ;
#1467 = ADVANCED_FACE ( 'NONE', ( #7289 ), #817, .F. ) ;
#1468 = DIRECTION ( 'NONE',  ( -0.000000000000000000, -0.000000000000000000, -1.000000000000000000 ) ) ;
#1469 = PLANE ( 'NONE',  #6199 ) ;
#1470 = DIRECTION ( 'NONE',  ( -0.000000000000000000, -0.000000000000000000, -1.000000000000000000 ) ) ;
#1471 = VECTOR ( 'NONE', #4456, 1000.000000000000000 ) ;
#1472 = DIRECTION ( 'NONE',  ( -0.9975640502598241977, -0.06975647374412531632, -0.000000000000000000 ) ) ;
#1473 = LINE ( 'NONE', #4527, #3113 ) ;
#1474 = EDGE_CURVE ( 'NONE', #6641, #3324, #7219, .T. ) ;
#1475 = AXIS2_PLACEMENT_3D ( 'NONE', #6933, #6386, #2193 ) ;
#1476 = MECHANICAL_DESIGN_GEOMETRIC_PRESENTATION_REPRESENTATION (  '', ( #2091 ), #749 ) ;
#1477 = VERTEX_POINT ( 'NONE', #227 ) ;
#1478 = DIRECTION ( 'NONE',  ( -0.000000000000000000, -0.000000000000000000, -1.000000000000000000 ) ) ;
#1479 = VERTEX_POINT ( 'NONE', #3172 ) ;
#1480 = VERTEX_POINT ( 'NONE', #4256 ) ;
#1481 = FACE_OUTER_BOUND ( 'NONE', #5240, .T. ) ;
#1482 = PLANE ( 'NONE',  #3592 ) ;
#1483 = ORIENTED_EDGE ( 'NONE', *, *, #2504, .T. ) ;
#1484 = VECTOR ( 'NONE', #6373, 1000.000000000000227 ) ;
#1485 = DIRECTION ( 'NONE',  ( -0.9975640502598241977, 0.06975647374412531632, 0.000000000000000000 ) ) ;
#1486 = ADVANCED_FACE ( 'NONE', ( #5514 ), #260, .T. ) ;
#1487 = ORIENTED_EDGE ( 'NONE', *, *, #562, .F. ) ;
#1488 = ORIENTED_EDGE ( 'NONE', *, *, #5905, .T. ) ;
#1489 = EDGE_CURVE ( 'NONE', #5702, #5222, #4218, .T. ) ;
#1490 = LINE ( 'NONE', #5229, #6029 ) ;
#1491 = DIRECTION ( 'NONE',  ( -0.000000000000000000, -0.000000000000000000, -1.000000000000000000 ) ) ;
#1492 = LINE ( 'NONE', #4215, #103 ) ;
#1493 = CARTESIAN_POINT ( 'NONE',  ( 2.392909663932662134, 0.04159826839416821964, 2.109999999999999876 ) ) ;
#1494 = DIRECTION ( 'NONE',  ( 0.9975640502598241977, -0.06975647374412548285, 0.000000000000000000 ) ) ;
#1495 = CIRCLE ( 'NONE', #7541, 0.2449999999999704914 ) ;
#1496 = VECTOR ( 'NONE', #68, 1000.000000000000000 ) ;
#1497 = ORIENTED_EDGE ( 'NONE', *, *, #1247, .T. ) ;
#1498 = DIRECTION ( 'NONE',  ( 0.000000000000000000, 0.000000000000000000, -1.000000000000000000 ) ) ;
#1499 = CYLINDRICAL_SURFACE ( 'NONE', #3781, 0.07000000000000061728 ) ;
#1500 = ORIENTED_EDGE ( 'NONE', *, *, #5810, .T. ) ;
#1501 = AXIS2_PLACEMENT_3D ( 'NONE', #2989, #5214, #18 ) ;
#1502 = AXIS2_PLACEMENT_3D ( 'NONE', #2943, #4708, #7060 ) ;
#1503 = DIRECTION ( 'NONE',  ( 1.587125446138869267E-15, -1.000000000000000000, -0.000000000000000000 ) ) ;
#1504 = LINE ( 'NONE', #4893, #5111 ) ;
#1505 = LINE ( 'NONE', #3284, #5074 ) ;
#1506 = ORIENTED_EDGE ( 'NONE', *, *, #7063, .F. ) ;
#1507 = VECTOR ( 'NONE', #2922, 1000.000000000000000 ) ;
#1508 = EDGE_CURVE ( 'NONE', #1560, #6704, #717, .T. ) ;
#1509 = LINE ( 'NONE', #448, #7571 ) ;
#1510 = DIRECTION ( 'NONE',  ( -0.000000000000000000, -0.000000000000000000, -1.000000000000000000 ) ) ;
#1511 = CARTESIAN_POINT ( 'NONE',  ( 2.409999999999970832, 0.2860014607077954185, -4.240000000000001101 ) ) ;
#1512 = ORIENTED_EDGE ( 'NONE', *, *, #7411, .F. ) ;
#1513 = DIRECTION ( 'NONE',  ( -1.000000000000000000, 0.000000000000000000, 0.000000000000000000 ) ) ;
#1514 = DIRECTION ( 'NONE',  ( 1.000000000000000000, 0.000000000000000000, 0.000000000000000000 ) ) ;
#1515 = ADVANCED_FACE ( 'NONE', ( #6662 ), #1900, .F. ) ;
#1516 = VECTOR ( 'NONE', #6265, 1000.000000000000000 ) ;
#1517 = ORIENTED_EDGE ( 'NONE', *, *, #631, .F. ) ;
#1518 = EDGE_LOOP ( 'NONE', ( #390, #6531, #3238, #989 ) ) ;
#1519 = CARTESIAN_POINT ( 'NONE',  ( -2.987792617094780834, 5.421010862427522170E-16, 3.379999999999999449 ) ) ;
#1520 = LINE ( 'NONE', #2022, #3466 ) ;
#1521 = ADVANCED_FACE ( 'NONE', ( #130 ), #5479, .T. ) ;
#1522 = VECTOR ( 'NONE', #1929, 1000.000000000000000 ) ;
#1523 = AXIS2_PLACEMENT_3D ( 'NONE', #7318, #1531, #5652 ) ;
#1524 = DIRECTION ( 'NONE',  ( -1.000000000000000000, 0.000000000000000000, 0.000000000000000000 ) ) ;
#1525 = EDGE_LOOP ( 'NONE', ( #4808, #256, #3414, #802 ) ) ;
#1526 = VECTOR ( 'NONE', #5423, 1000.000000000000000 ) ;
#1527 = ORIENTED_EDGE ( 'NONE', *, *, #5415, .F. ) ;
#1528 = AXIS2_PLACEMENT_3D ( 'NONE', #4053, #6388, #544 ) ;
#1529 = LINE ( 'NONE', #3195, #4683 ) ;
#1530 = CARTESIAN_POINT ( 'NONE',  ( -2.164999999999999591, 0.2860014607077954740, -2.970000000000000639 ) ) ;
#1531 = DIRECTION ( 'NONE',  ( 1.000000000000000000, -2.380688169208303900E-15, 0.000000000000000000 ) ) ;
#1532 = DIRECTION ( 'NONE',  ( -1.587125446138869267E-15, -1.000000000000000000, 0.000000000000000000 ) ) ;
#1533 = EDGE_CURVE ( 'NONE', #7346, #3269, #1318, .T. ) ;
#1534 = DIRECTION ( 'NONE',  ( -2.380688169208303900E-15, 1.000000000000000000, -0.000000000000000000 ) ) ;
#1535 = AXIS2_PLACEMENT_3D ( 'NONE', #7062, #1199, #1781 ) ;
#1536 = ORIENTED_EDGE ( 'NONE', *, *, #1708, .T. ) ;
#1537 = DIRECTION ( 'NONE',  ( 0.000000000000000000, 0.000000000000000000, 1.000000000000000000 ) ) ;
#1538 = CARTESIAN_POINT ( 'NONE',  ( 2.095000000000000195, 0.8325000000000144507, -3.380000000000000338 ) ) ;
#1539 = AXIS2_PLACEMENT_3D ( 'NONE', #3441, #477, #3357 ) ;
#1540 = EDGE_LOOP ( 'NONE', ( #1832, #6846, #2848, #7485 ) ) ;
#1541 = AXIS2_PLACEMENT_3D ( 'NONE', #3496, #605, #3454 ) ;
#1542 = CARTESIAN_POINT ( 'NONE',  ( 2.987792617094780834, 5.421010862427522170E-16, 2.109999999999999876 ) ) ;
#1543 = FILL_AREA_STYLE ('',( #5663 ) ) ;
#1544 = PLANE ( 'NONE',  #2741 ) ;
#1545 = EDGE_LOOP ( 'NONE', ( #6259, #2217, #5525, #3340, #6864, #2172, #214, #116, #7204, #833, #1557, #2908 ) ) ;
#1546 = VECTOR ( 'NONE', #4552, 1000.000000000000000 ) ;
#1547 = ORIENTED_EDGE ( 'NONE', *, *, #5612, .F. ) ;
#1548 = VERTEX_POINT ( 'NONE', #3747 ) ;
#1549 = DIRECTION ( 'NONE',  ( -1.000000000000000000, 0.000000000000000000, 0.000000000000000000 ) ) ;
#1550 = LINE ( 'NONE', #6250, #4729 ) ;
#1551 = CARTESIAN_POINT ( 'NONE',  ( -1.949999999999999956, 0.9025000000000144018, -0.4300000000000007150 ) ) ;
#1552 = CARTESIAN_POINT ( 'NONE',  ( -2.405117046837882633, 0.2161719771896077891, -0.4300000000000007150 ) ) ;
#1553 = CARTESIAN_POINT ( 'NONE',  ( -2.164999999999999591, 0.2860014607077954740, -4.240000000000001101 ) ) ;
#1554 = VECTOR ( 'NONE', #5625, 1000.000000000000227 ) ;
#1555 = ORIENTED_EDGE ( 'NONE', *, *, #5868, .T. ) ;
#1556 = ORIENTED_EDGE ( 'NONE', *, *, #6291, .F. ) ;
#1557 = ORIENTED_EDGE ( 'NONE', *, *, #3985, .T. ) ;
#1558 = CARTESIAN_POINT ( 'NONE',  ( -3.000000000000000000, 0.1745737087954402911, 2.969999999999999751 ) ) ;
#1559 = LINE ( 'NONE', #5800, #394 ) ;
#1560 = VERTEX_POINT ( 'NONE', #1284 ) ;
#1561 = PLANE ( 'NONE',  #2266 ) ;
#1562 = ORIENTED_EDGE ( 'NONE', *, *, #474, .F. ) ;
#1563 = EDGE_CURVE ( 'NONE', #7375, #1381, #4930, .T. ) ;
#1564 = EDGE_CURVE ( 'NONE', #1381, #5092, #679, .T. ) ;
#1565 = FACE_OUTER_BOUND ( 'NONE', #2875, .T. ) ;
#1566 = ORIENTED_EDGE ( 'NONE', *, *, #1349, .F. ) ;
#1567 = EDGE_LOOP ( 'NONE', ( #2251, #1873, #962, #2123 ) ) ;
#1568 = DIRECTION ( 'NONE',  ( -0.000000000000000000, -0.000000000000000000, -1.000000000000000000 ) ) ;
#1569 = FACE_OUTER_BOUND ( 'NONE', #6961, .T. ) ;
#1570 = ORIENTED_EDGE ( 'NONE', *, *, #572, .F. ) ;
#1571 = CARTESIAN_POINT ( 'NONE',  ( 2.095000000000000195, 1.077499999999984803, 2.109999999999999876 ) ) ;
#1572 = DIRECTION ( 'NONE',  ( -0.000000000000000000, -0.000000000000000000, -1.000000000000000000 ) ) ;
#1573 = EDGE_CURVE ( 'NONE', #6497, #3334, #4861, .T. ) ;
#1574 = VERTEX_POINT ( 'NONE', #3681 ) ;
#1575 = CARTESIAN_POINT ( 'NONE',  ( 1.949999999999999956, 1.077499999999984803, -4.650000000000000355 ) ) ;
#1576 = LINE ( 'NONE', #6363, #942 ) ;
#1577 = ORIENTED_EDGE ( 'NONE', *, *, #1247, .F. ) ;
#1578 = DIRECTION ( 'NONE',  ( 1.587125446138869267E-15, -1.000000000000000000, -0.000000000000000000 ) ) ;
#1579 = LINE ( 'NONE', #480, #6708 ) ;
#1580 = CARTESIAN_POINT ( 'NONE',  ( -0.6610000000000000320, 1.700000000000000178, -3.944999999999999840 ) ) ;
#1581 = ORIENTED_EDGE ( 'NONE', *, *, #4843, .F. ) ;
#1582 = EDGE_CURVE ( 'NONE', #2717, #4881, #783, .T. ) ;
#1583 = ADVANCED_FACE ( 'NONE', ( #6021 ), #4282, .F. ) ;
#1584 = FACE_OUTER_BOUND ( 'NONE', #2574, .T. ) ;
#1585 = CARTESIAN_POINT ( 'NONE',  ( -2.095000000000000195, 1.077499999999984803, -4.240000000000001101 ) ) ;
#1586 = EDGE_CURVE ( 'NONE', #2478, #507, #3140, .T. ) ;
#1587 = ORIENTED_EDGE ( 'NONE', *, *, #2744, .T. ) ;
#1588 = CARTESIAN_POINT ( 'NONE',  ( 2.095000000000000195, 0.8325000000000144507, -4.240000000000001101 ) ) ;
#1589 = CARTESIAN_POINT ( 'NONE',  ( 1.949999999999999956, 1.077499999999984803, 4.240000000000000213 ) ) ;
#1590 = FACE_OUTER_BOUND ( 'NONE', #438, .T. ) ;
#1591 = ORIENTED_EDGE ( 'NONE', *, *, #2678, .T. ) ;
#1592 = ORIENTED_EDGE ( 'NONE', *, *, #1903, .T. ) ;
#1593 = VECTOR ( 'NONE', #5464, 1000.000000000000000 ) ;
#1594 = PLANE ( 'NONE',  #5336 ) ;
#1595 =( NAMED_UNIT ( * ) SI_UNIT ( $, .STERADIAN. ) SOLID_ANGLE_UNIT ( ) );
#1596 = ORIENTED_EDGE ( 'NONE', *, *, #5768, .T. ) ;
#1597 = ORIENTED_EDGE ( 'NONE', *, *, #1046, .T. ) ;
#1598 = CARTESIAN_POINT ( 'NONE',  ( -2.095000000000000195, 1.077499999999984803, -4.240000000000001101 ) ) ;
#1599 = EDGE_CURVE ( 'NONE', #4864, #497, #4516, .T. ) ;
#1600 = PRESENTATION_STYLE_ASSIGNMENT (( #3933 ) ) ;
#1601 = ORIENTED_EDGE ( 'NONE', *, *, #2769, .F. ) ;
#1602 = ORIENTED_EDGE ( 'NONE', *, *, #364, .T. ) ;
#1603 = DIRECTION ( 'NONE',  ( -0.9975640502598241977, -0.06975647374412548285, 0.000000000000000000 ) ) ;
#1604 = FACE_OUTER_BOUND ( 'NONE', #2689, .T. ) ;
#1605 = EDGE_CURVE ( 'NONE', #897, #338, #7178, .T. ) ;
#1606 = DIRECTION ( 'NONE',  ( -0.9975640502598241977, -0.06975647374412531632, -0.000000000000000000 ) ) ;
#1607 = ORIENTED_EDGE ( 'NONE', *, *, #5600, .T. ) ;
#1608 = CARTESIAN_POINT ( 'NONE',  ( 2.339999999999969660, 0.2860014607077954185, 3.379999999999999449 ) ) ;
#1609 = CARTESIAN_POINT ( 'NONE',  ( -2.409999999999970832, 0.2860014607077954185, -2.110000000000000320 ) ) ;
#1610 = ADVANCED_FACE ( 'NONE', ( #3207 ), #1464, .F. ) ;
#1611 = AXIS2_PLACEMENT_3D ( 'NONE', #1188, #1692, #4052 ) ;
#1612 = CIRCLE ( 'NONE', #2589, 0.2449999999999704914 ) ;
#1613 = VERTEX_POINT ( 'NONE', #2624 ) ;
#1614 = DIRECTION ( 'NONE',  ( -1.000000000000000000, 0.000000000000000000, 0.000000000000000000 ) ) ;
#1615 = FACE_OUTER_BOUND ( 'NONE', #4012, .T. ) ;
#1616 = ORIENTED_EDGE ( 'NONE', *, *, #3665, .F. ) ;
#1617 = CARTESIAN_POINT ( 'NONE',  ( 1.831420105473556825, 0.2300000000000000100, 0.000000000000000000 ) ) ;
#1618 = CIRCLE ( 'NONE', #5933, 0.3800000000000001155 ) ;
#1619 = CIRCLE ( 'NONE', #1980, 0.07000000000000061728 ) ;
#1620 = DIRECTION ( 'NONE',  ( 1.000000000000000000, 0.000000000000000000, -0.000000000000000000 ) ) ;
#1621 = DIRECTION ( 'NONE',  ( 1.000000000000000000, 0.000000000000000000, 0.000000000000000000 ) ) ;
#1622 = ADVANCED_FACE ( 'NONE', ( #7331 ), #1544, .F. ) ;
#1623 = VERTEX_POINT ( 'NONE', #7491 ) ;
#1624 = VECTOR ( 'NONE', #2366, 1000.000000000000000 ) ;
#1625 = VERTEX_POINT ( 'NONE', #405 ) ;
#1626 = DIRECTION ( 'NONE',  ( -1.000000000000000000, 0.000000000000000000, 0.000000000000000000 ) ) ;
#1627 = FACE_OUTER_BOUND ( 'NONE', #831, .T. ) ;
#1628 = DIRECTION ( 'NONE',  ( -0.000000000000000000, -0.000000000000000000, -1.000000000000000000 ) ) ;
#1629 = DIRECTION ( 'NONE',  ( -0.06975647374412290158, 0.9975640502598244197, 0.000000000000000000 ) ) ;
#1630 = ORIENTED_EDGE ( 'NONE', *, *, #7195, .T. ) ;
#1631 = DIRECTION ( 'NONE',  ( 0.000000000000000000, -1.000000000000000000, 0.000000000000000000 ) ) ;
#1632 = DIRECTION ( 'NONE',  ( 0.000000000000000000, 0.000000000000000000, 1.000000000000000000 ) ) ;
#1633 = EDGE_CURVE ( 'NONE', #1026, #2798, #2120, .T. ) ;
#1634 = VECTOR ( 'NONE', #1829, 1000.000000000000000 ) ;
#1635 = ORIENTED_EDGE ( 'NONE', *, *, #4307, .F. ) ;
#1636 = ORIENTED_EDGE ( 'NONE', *, *, #4703, .T. ) ;
#1637 = CARTESIAN_POINT ( 'NONE',  ( -2.339999999999969660, 0.2860014607077954185, 4.649999999999999467 ) ) ;
#1638 = LINE ( 'NONE', #6883, #3212 ) ;
#1639 = VERTEX_POINT ( 'NONE', #2790 ) ;
#1640 = ORIENTED_EDGE ( 'NONE', *, *, #1100, .T. ) ;
#1641 = FACE_OUTER_BOUND ( 'NONE', #6456, .T. ) ;
#1642 = VECTOR ( 'NONE', #2768, 1000.000000000000000 ) ;
#1643 = ADVANCED_FACE ( 'NONE', ( #6824 ), #2743, .T. ) ;
#1644 = EDGE_LOOP ( 'NONE', ( #4322, #1219, #2527, #4045 ) ) ;
#1645 = EDGE_LOOP ( 'NONE', ( #5462, #6005, #3327, #1497 ) ) ;
#1646 = DIRECTION ( 'NONE',  ( -0.000000000000000000, 1.000000000000000000, -0.000000000000000000 ) ) ;
#1647 = CARTESIAN_POINT ( 'NONE',  ( 2.987792617094780834, 5.421010862427522170E-16, 0.4299999999999998268 ) ) ;
#1648 = AXIS2_PLACEMENT_3D ( 'NONE', #3326, #5634, #893 ) ;
#1649 = AXIS2_PLACEMENT_3D ( 'NONE', #4906, #3839, #1978 ) ;
#1650 = DIRECTION ( 'NONE',  ( -0.000000000000000000, -0.000000000000000000, -1.000000000000000000 ) ) ;
#1651 = FACE_OUTER_BOUND ( 'NONE', #1697, .T. ) ;
#1652 = DIRECTION ( 'NONE',  ( 0.000000000000000000, 0.000000000000000000, 1.000000000000000000 ) ) ;
#1653 = EDGE_CURVE ( 'NONE', #7422, #6852, #4470, .T. ) ;
#1654 = VECTOR ( 'NONE', #1578, 1000.000000000000000 ) ;
#1655 = VECTOR ( 'NONE', #2440, 1000.000000000000000 ) ;
#1656 = EDGE_LOOP ( 'NONE', ( #5935, #210, #4784, #2268 ) ) ;
#1657 = ORIENTED_EDGE ( 'NONE', *, *, #3219, .F. ) ;
#1658 = CARTESIAN_POINT ( 'NONE',  ( 2.405117046837882633, 0.2161719771896072062, 0.8399999999999996358 ) ) ;
#1659 = VERTEX_POINT ( 'NONE', #3867 ) ;
#1660 = EDGE_CURVE ( 'NONE', #2707, #6797, #6207, .T. ) ;
#1661 = CARTESIAN_POINT ( 'NONE',  ( -3.000000000000000000, 0.1745737087954402911, 1.700000000000000178 ) ) ;
#1662 = VECTOR ( 'NONE', #5505, 1000.000000000000227 ) ;
#1663 = CARTESIAN_POINT ( 'NONE',  ( 2.409999999999970832, 0.2860014607077954185, 4.649999999999999467 ) ) ;
#1664 = EDGE_CURVE ( 'NONE', #5270, #6068, #7369, .T. ) ;
#1665 = ORIENTED_EDGE ( 'NONE', *, *, #6608, .F. ) ;
#1666 = VECTOR ( 'NONE', #4482, 1000.000000000000000 ) ;
#1667 = EDGE_LOOP ( 'NONE', ( #6389, #5912, #6971, #43 ) ) ;
#1668 = CARTESIAN_POINT ( 'NONE',  ( -1.949999999999999956, 1.077499999999984803, -4.950000000000000178 ) ) ;
#1669 = EDGE_CURVE ( 'NONE', #1905, #1704, #7055, .T. ) ;
#1670 = EDGE_CURVE ( 'NONE', #3893, #2925, #5082, .T. ) ;
#1671 = CARTESIAN_POINT ( 'NONE',  ( -0.6610000000000000320, 1.700000000000000178, -3.944999999999999840 ) ) ;
#1672 = UNCERTAINTY_MEASURE_WITH_UNIT (LENGTH_MEASURE( 1.000000000000000082E-05 ), #835, 'distance_accuracy_value', 'NONE');
#1673 = LINE ( 'NONE', #714, #2004 ) ;
#1674 = FACE_OUTER_BOUND ( 'NONE', #6760, .T. ) ;
#1675 = DIRECTION ( 'NONE',  ( -0.000000000000000000, -0.000000000000000000, -1.000000000000000000 ) ) ;
#1676 = CARTESIAN_POINT ( 'NONE',  ( 2.339999999999969660, 0.2860014607077954185, -3.380000000000000338 ) ) ;
#1677 = MECHANICAL_DESIGN_GEOMETRIC_PRESENTATION_REPRESENTATION (  '', ( #2299 ), #4866 ) ;
#1678 = AXIS2_PLACEMENT_3D ( 'NONE', #7126, #4693, #6455 ) ;
#1679 = ORIENTED_EDGE ( 'NONE', *, *, #3808, .F. ) ;
#1680 = ORIENTED_EDGE ( 'NONE', *, *, #6226, .F. ) ;
#1681 = DIRECTION ( 'NONE',  ( -0.000000000000000000, -0.000000000000000000, -1.000000000000000000 ) ) ;
#1682 = VERTEX_POINT ( 'NONE', #7453 ) ;
#1683 = DIRECTION ( 'NONE',  ( 0.000000000000000000, 0.000000000000000000, 1.000000000000000000 ) ) ;
#1684 = ORIENTED_EDGE ( 'NONE', *, *, #1564, .F. ) ;
#1685 = PLANE ( 'NONE',  #5063 ) ;
#1686 = ORIENTED_EDGE ( 'NONE', *, *, #486, .T. ) ;
#1687 = CARTESIAN_POINT ( 'NONE',  ( 2.339999999999970548, 0.8325000000000144507, -2.970000000000000639 ) ) ;
#1688 = VECTOR ( 'NONE', #3280, 1000.000000000000000 ) ;
#1689 = ORIENTED_EDGE ( 'NONE', *, *, #1285, .F. ) ;
#1690 = VERTEX_POINT ( 'NONE', #3787 ) ;
#1691 = CARTESIAN_POINT ( 'NONE',  ( 2.392909663932662134, 0.04159826839416821964, 4.240000000000000213 ) ) ;
#1692 = DIRECTION ( 'NONE',  ( 0.000000000000000000, 0.000000000000000000, 1.000000000000000000 ) ) ;
#1693 = ORIENTED_EDGE ( 'NONE', *, *, #4359, .T. ) ;
#1694 = ADVANCED_FACE ( 'NONE', ( #6131 ), #3245, .F. ) ;
#1695 = CARTESIAN_POINT ( 'NONE',  ( -2.339999999999970104, 0.2860014607077954185, -4.240000000000001101 ) ) ;
#1696 = EDGE_CURVE ( 'NONE', #28, #1817, #4829, .T. ) ;
#1697 = EDGE_LOOP ( 'NONE', ( #4798, #4123, #7303, #7433 ) ) ;
#1698 = EDGE_LOOP ( 'NONE', ( #2974, #4669, #488, #891 ) ) ;
#1699 = ORIENTED_EDGE ( 'NONE', *, *, #2395, .T. ) ;
#1700 = CARTESIAN_POINT ( 'NONE',  ( -1.949999999999999956, 0.9025000000000144018, 4.649999999999999467 ) ) ;
#1701 = ORIENTED_EDGE ( 'NONE', *, *, #6832, .F. ) ;
#1702 = LINE ( 'NONE', #7, #2907 ) ;
#1703 = CARTESIAN_POINT ( 'NONE',  ( 2.392909663932662134, 0.04159826839416821964, 4.649999999999999467 ) ) ;
#1704 = VERTEX_POINT ( 'NONE', #1009 ) ;
#1705 = DIRECTION ( 'NONE',  ( -0.000000000000000000, -0.000000000000000000, -1.000000000000000000 ) ) ;
#1706 = LINE ( 'NONE', #673, #1043 ) ;
#1707 = CARTESIAN_POINT ( 'NONE',  ( -2.392909663932662134, 0.04159826839416762290, -0.4300000000000007150 ) ) ;
#1708 = EDGE_CURVE ( 'NONE', #2652, #1795, #1505, .T. ) ;
#1709 = DIRECTION ( 'NONE',  ( 1.000000000000000000, -2.380688169208303900E-15, 0.000000000000000000 ) ) ;
#1710 = ORIENTED_EDGE ( 'NONE', *, *, #895, .T. ) ;
#1711 = DIRECTION ( 'NONE',  ( -0.000000000000000000, 1.000000000000000000, -0.000000000000000000 ) ) ;
#1712 = CARTESIAN_POINT ( 'NONE',  ( 1.949999999999999956, 1.077499999999984803, 3.379999999999999449 ) ) ;
#1713 = EDGE_CURVE ( 'NONE', #953, #5921, #3498, .T. ) ;
#1714 = VERTEX_POINT ( 'NONE', #3948 ) ;
#1715 = ORIENTED_EDGE ( 'NONE', *, *, #6011, .F. ) ;
#1716 = FACE_OUTER_BOUND ( 'NONE', #2688, .T. ) ;
#1717 = FILL_AREA_STYLE ('',( #6299 ) ) ;
#1718 = VERTEX_POINT ( 'NONE', #6282 ) ;
#1719 = LINE ( 'NONE', #2340, #404 ) ;
#1720 = ORIENTED_EDGE ( 'NONE', *, *, #7407, .F. ) ;
#1721 = EDGE_CURVE ( 'NONE', #5473, #3667, #2241, .T. ) ;
#1722 = LINE ( 'NONE', #1871, #3161 ) ;
#1723 = ORIENTED_EDGE ( 'NONE', *, *, #128, .T. ) ;
#1724 = EDGE_LOOP ( 'NONE', ( #5584, #2981, #5922, #5613 ) ) ;
#1725 = CARTESIAN_POINT ( 'NONE',  ( -2.392909663932662134, 0.04159826839416821964, 3.379999999999999449 ) ) ;
#1726 = CARTESIAN_POINT ( 'NONE',  ( -2.095000000000000195, 0.9025000000000142908, 4.240000000000000213 ) ) ;
#1727 = LINE ( 'NONE', #2857, #6087 ) ;
#1728 = VERTEX_POINT ( 'NONE', #2914 ) ;
#1729 = CARTESIAN_POINT ( 'NONE',  ( 2.987792617094780834, 5.421010862427522170E-16, -2.970000000000000639 ) ) ;
#1730 = VECTOR ( 'NONE', #6079, 1000.000000000000000 ) ;
#1731 = PLANE ( 'NONE',  #6312 ) ;
#1732 = EDGE_CURVE ( 'NONE', #3104, #7470, #559, .T. ) ;
#1733 = ORIENTED_EDGE ( 'NONE', *, *, #4188, .T. ) ;
#1734 = ORIENTED_EDGE ( 'NONE', *, *, #5014, .T. ) ;
#1735 = VECTOR ( 'NONE', #2152, 1000.000000000000000 ) ;
#1736 = VECTOR ( 'NONE', #3422, 1000.000000000000114 ) ;
#1737 = CARTESIAN_POINT ( 'NONE',  ( -2.095000000000000195, 0.9025000000000142908, -2.110000000000000320 ) ) ;
#1738 = CARTESIAN_POINT ( 'NONE',  ( 1.949999999999999956, 1.077499999999984803, -4.240000000000001101 ) ) ;
#1739 = DIRECTION ( 'NONE',  ( 0.000000000000000000, 0.000000000000000000, 1.000000000000000000 ) ) ;
#1740 = FACE_OUTER_BOUND ( 'NONE', #4200, .T. ) ;
#1741 = DIRECTION ( 'NONE',  ( -0.1710878697460326003, 0.9702875252478149193, 0.1710878697460326003 ) ) ;
#1742 = CIRCLE ( 'NONE', #2360, 0.3800000000000001155 ) ;
#1743 = ADVANCED_FACE ( 'NONE', ( #1084 ), #1202, .T. ) ;
#1744 = ORIENTED_EDGE ( 'NONE', *, *, #159, .F. ) ;
#1745 = CARTESIAN_POINT ( 'NONE',  ( 3.000000000000000000, 0.1745737087954402911, -4.240000000000001101 ) ) ;
#1746 = AXIS2_PLACEMENT_3D ( 'NONE', #5624, #5032, #6818 ) ;
#1747 = LINE ( 'NONE', #5906, #1655 ) ;
#1748 = UNCERTAINTY_MEASURE_WITH_UNIT (LENGTH_MEASURE( 1.000000000000000082E-05 ), #4311, 'distance_accuracy_value', 'NONE');
#1749 = DIRECTION ( 'NONE',  ( -0.000000000000000000, -0.000000000000000000, -1.000000000000000000 ) ) ;
#1750 = DIRECTION ( 'NONE',  ( 2.380688169208303900E-15, 1.000000000000000000, 0.000000000000000000 ) ) ;
#1751 = LINE ( 'NONE', #2801, #2025 ) ;
#1752 = CARTESIAN_POINT ( 'NONE',  ( -2.392909663932662134, 0.04159826839416762290, 4.649999999999999467 ) ) ;
#1753 = AXIS2_PLACEMENT_3D ( 'NONE', #4148, #3416, #1210 ) ;
#1754 = ADVANCED_FACE ( 'NONE', ( #1782 ), #3487, .F. ) ;
#1755 = ORIENTED_EDGE ( 'NONE', *, *, #6355, .T. ) ;
#1756 = EDGE_LOOP ( 'NONE', ( #7314, #3365, #170, #593 ) ) ;
#1757 = DIRECTION ( 'NONE',  ( 1.000000000000000000, 1.587125446138869267E-15, -0.000000000000000000 ) ) ;
#1758 = AXIS2_PLACEMENT_3D ( 'NONE', #5760, #3455, #1174 ) ;
#1759 = EDGE_CURVE ( 'NONE', #5222, #6204, #297, .T. ) ;
#1760 = FACE_OUTER_BOUND ( 'NONE', #2311, .T. ) ;
#1761 = CIRCLE ( 'NONE', #535, 0.2449999999999704914 ) ;
#1762 = CARTESIAN_POINT ( 'NONE',  ( -0.6610000000000000320, 1.750000000000000000, -3.944999999999999840 ) ) ;
#1763 = VERTEX_POINT ( 'NONE', #2870 ) ;
#1764 = AXIS2_PLACEMENT_3D ( 'NONE', #7527, #517, #4061 ) ;
#1765 = VERTEX_POINT ( 'NONE', #2977 ) ;
#1766 = ORIENTED_EDGE ( 'NONE', *, *, #3756, .F. ) ;
#1767 = DIRECTION ( 'NONE',  ( -1.000000000000000000, 1.587125446138869267E-15, 0.000000000000000000 ) ) ;
#1768 = DIRECTION ( 'NONE',  ( -0.000000000000000000, -0.000000000000000000, -1.000000000000000000 ) ) ;
#1769 = EDGE_CURVE ( 'NONE', #459, #5561, #6400, .T. ) ;
#1770 = LINE ( 'NONE', #4739, #444 ) ;
#1771 = EDGE_LOOP ( 'NONE', ( #7401, #2016, #7040, #4240 ) ) ;
#1772 = DIRECTION ( 'NONE',  ( 1.000000000000000000, 0.000000000000000000, 0.000000000000000000 ) ) ;
#1773 = PRESENTATION_LAYER_ASSIGNMENT (  '', '', ( #7068 ) ) ;
#1774 = DIRECTION ( 'NONE',  ( 1.000000000000000000, 0.000000000000000000, 0.000000000000000000 ) ) ;
#1775 = ORIENTED_EDGE ( 'NONE', *, *, #6197, .F. ) ;
#1776 = CIRCLE ( 'NONE', #7073, 0.07000000000000061728 ) ;
#1777 = ORIENTED_EDGE ( 'NONE', *, *, #2960, .T. ) ;
#1778 = CIRCLE ( 'NONE', #3015, 0.07000000000000018707 ) ;
#1779 = PLANE ( 'NONE',  #4156 ) ;
#1780 = LINE ( 'NONE', #6473, #3977 ) ;
#1781 = DIRECTION ( 'NONE',  ( 0.9975640502598241977, 0.06975647374412531632, 0.000000000000000000 ) ) ;
#1782 = FACE_OUTER_BOUND ( 'NONE', #6921, .T. ) ;
#1783 = VECTOR ( 'NONE', #6333, 1000.000000000000000 ) ;
#1784 = AXIS2_PLACEMENT_3D ( 'NONE', #5043, #7458, #4435 ) ;
#1785 = ORIENTED_EDGE ( 'NONE', *, *, #5236, .T. ) ;
#1786 = FACE_OUTER_BOUND ( 'NONE', #2737, .T. ) ;
#1787 = AXIS2_PLACEMENT_3D ( 'NONE', #742, #635, #1827 ) ;
#1788 = DIRECTION ( 'NONE',  ( -0.000000000000000000, -0.000000000000000000, -1.000000000000000000 ) ) ;
#1789 = CARTESIAN_POINT ( 'NONE',  ( 1.949999999999999956, 0.9025000000000144018, -0.4300000000000007150 ) ) ;
#1790 = CARTESIAN_POINT ( 'NONE',  ( 2.409999999999970832, 0.2860014607077954185, 0.4299999999999998268 ) ) ;
#1791 = EDGE_CURVE ( 'NONE', #889, #5570, #4329, .T. ) ;
#1792 = CARTESIAN_POINT ( 'NONE',  ( 3.000000000000000000, 0.1745737087954402911, -1.700000000000000622 ) ) ;
#1793 = CARTESIAN_POINT ( 'NONE',  ( -2.392909663932662134, 0.04159826839416762290, 4.649999999999999467 ) ) ;
#1794 = VECTOR ( 'NONE', #7242, 1000.000000000000227 ) ;
#1795 = VERTEX_POINT ( 'NONE', #7023 ) ;
#1796 = DIRECTION ( 'NONE',  ( 0.000000000000000000, 0.000000000000000000, 1.000000000000000000 ) ) ;
#1797 = VECTOR ( 'NONE', #1631, 1000.000000000000000 ) ;
#1798 = CARTESIAN_POINT ( 'NONE',  ( 2.095000000000000195, 0.8325000000000144507, 1.700000000000000178 ) ) ;
#1799 = EDGE_LOOP ( 'NONE', ( #2, #6413, #4160, #3889 ) ) ;
#1800 = CARTESIAN_POINT ( 'NONE',  ( -2.095000000000000195, 1.077499999999984803, -4.650000000000000355 ) ) ;
#1801 = MECHANICAL_DESIGN_GEOMETRIC_PRESENTATION_REPRESENTATION (  '', ( #2171 ), #5483 ) ;
#1802 = VERTEX_POINT ( 'NONE', #481 ) ;
#1803 = EDGE_LOOP ( 'NONE', ( #6394, #1710 ) ) ;
#1804 = CARTESIAN_POINT ( 'NONE',  ( -2.987792617094780834, 5.421010862427522170E-16, -1.700000000000000622 ) ) ;
#1805 = CARTESIAN_POINT ( 'NONE',  ( -1.831420105473556825, 0.2300000000000000100, 4.831420105473557491 ) ) ;
#1806 = SURFACE_SIDE_STYLE ('',( #173 ) ) ;
#1807 = VERTEX_POINT ( 'NONE', #3986 ) ;
#1808 = LINE ( 'NONE', #6671, #5729 ) ;
#1809 = EDGE_CURVE ( 'NONE', #4647, #7370, #4589, .T. ) ;
#1810 = VECTOR ( 'NONE', #2247, 1000.000000000000000 ) ;
#1811 = DIRECTION ( 'NONE',  ( -0.000000000000000000, -0.000000000000000000, -1.000000000000000000 ) ) ;
#1812 = MANIFOLD_SOLID_BREP ( 'LPattern1[10]', #2874 ) ;
#1813 = EDGE_CURVE ( 'NONE', #5108, #1795, #6367, .T. ) ;
#1814 = EDGE_CURVE ( 'NONE', #1255, #5570, #599, .T. ) ;
#1815 = ORIENTED_EDGE ( 'NONE', *, *, #2697, .F. ) ;
#1816 = VECTOR ( 'NONE', #6658, 1000.000000000000000 ) ;
#1817 = VERTEX_POINT ( 'NONE', #5867 ) ;
#1818 = FACE_OUTER_BOUND ( 'NONE', #6354, .T. ) ;
#1819 = CARTESIAN_POINT ( 'NONE',  ( 1.949999999999999956, 1.077499999999984803, 2.109999999999999876 ) ) ;
#1820 = CARTESIAN_POINT ( 'NONE',  ( 2.339999999999969660, 0.2860014607077954185, 0.8399999999999996358 ) ) ;
#1821 = DIRECTION ( 'NONE',  ( -1.000000000000000000, 0.000000000000000000, 0.000000000000000000 ) ) ;
#1822 = DIRECTION ( 'NONE',  ( -0.000000000000000000, -0.000000000000000000, -1.000000000000000000 ) ) ;
#1823 = EDGE_CURVE ( 'NONE', #2452, #3440, #4114, .T. ) ;
#1824 = MANIFOLD_SOLID_BREP ( 'LPattern1[7]', #7419 ) ;
#1825 = CARTESIAN_POINT ( 'NONE',  ( 1.949999999999999956, 0.9025000000000144018, -4.240000000000001101 ) ) ;
#1826 = CARTESIAN_POINT ( 'NONE',  ( 2.095000000000000195, 0.8325000000000144507, -0.8400000000000005240 ) ) ;
#1827 = DIRECTION ( 'NONE',  ( 2.380688169208303900E-15, 1.000000000000000000, 0.000000000000000000 ) ) ;
#1828 = CARTESIAN_POINT ( 'NONE',  ( -1.949999999999999956, 1.077499999999984803, -4.650000000000000355 ) ) ;
#1829 = DIRECTION ( 'NONE',  ( 1.587125446138869267E-15, 1.000000000000000000, 0.000000000000000000 ) ) ;
#1830 = ADVANCED_FACE ( 'NONE', ( #7244 ), #5278, .T. ) ;
#1831 = ADVANCED_FACE ( 'NONE', ( #5980 ), #1889, .F. ) ;
#1832 = ORIENTED_EDGE ( 'NONE', *, *, #5184, .T. ) ;
#1833 = DIRECTION ( 'NONE',  ( 1.000000000000000000, 0.000000000000000000, 0.000000000000000000 ) ) ;
#1834 = DIRECTION ( 'NONE',  ( 0.000000000000000000, 0.000000000000000000, 1.000000000000000000 ) ) ;
#1835 = ORIENTED_EDGE ( 'NONE', *, *, #372, .F. ) ;
#1836 = CARTESIAN_POINT ( 'NONE',  ( 1.949999999999999956, 1.750000000000000000, 4.831420105473557491 ) ) ;
#1837 = ORIENTED_EDGE ( 'NONE', *, *, #3732, .T. ) ;
#1838 = CARTESIAN_POINT ( 'NONE',  ( -1.689999321670649479, -0.5720371200975288284, -4.689999321670649479 ) ) ;
#1839 = ORIENTED_EDGE ( 'NONE', *, *, #764, .F. ) ;
#1840 = ORIENTED_EDGE ( 'NONE', *, *, #1901, .F. ) ;
#1841 = LINE ( 'NONE', #4696, #6780 ) ;
#1842 = CARTESIAN_POINT ( 'NONE',  ( -2.987792617094780834, 5.421010862427522170E-16, -4.240000000000001101 ) ) ;
#1843 = ORIENTED_EDGE ( 'NONE', *, *, #3978, .F. ) ;
#1844 = CARTESIAN_POINT ( 'NONE',  ( 2.409999999999970832, 0.2860014607077954185, 2.109999999999999876 ) ) ;
#1845 = ADVANCED_FACE ( 'NONE', ( #3020 ), #5508, .F. ) ;
#1846 = FACE_OUTER_BOUND ( 'NONE', #204, .T. ) ;
#1847 = ORIENTED_EDGE ( 'NONE', *, *, #7195, .F. ) ;
#1848 = ORIENTED_EDGE ( 'NONE', *, *, #2871, .T. ) ;
#1849 = DIRECTION ( 'NONE',  ( 0.9975640502598241977, 0.06975647374412548285, -0.000000000000000000 ) ) ;
#1850 = DIRECTION ( 'NONE',  ( -1.587125446138869267E-15, 1.000000000000000000, 0.000000000000000000 ) ) ;
#1851 = AXIS2_PLACEMENT_3D ( 'NONE', #3231, #7391, #2606 ) ;
#1852 = FACE_OUTER_BOUND ( 'NONE', #3108, .T. ) ;
#1853 = DIRECTION ( 'NONE',  ( 0.06975647374412288770, 0.9975640502598244197, 0.000000000000000000 ) ) ;
#1854 = EDGE_CURVE ( 'NONE', #5854, #4083, #4815, .T. ) ;
#1855 = VECTOR ( 'NONE', #5608, 1000.000000000000114 ) ;
#1856 = VERTEX_POINT ( 'NONE', #6593 ) ;
#1857 = DIRECTION ( 'NONE',  ( -1.000000000000000000, 0.000000000000000000, 0.000000000000000000 ) ) ;
#1858 = DIRECTION ( 'NONE',  ( -1.000000000000000000, 0.000000000000000000, 0.000000000000000000 ) ) ;
#1859 = PLANE ( 'NONE',  #2516 ) ;
#1860 = EDGE_CURVE ( 'NONE', #4124, #4840, #4782, .T. ) ;
#1861 = CARTESIAN_POINT ( 'NONE',  ( -1.949999999999999956, 1.077499999999984803, -1.700000000000000622 ) ) ;
#1862 = AXIS2_PLACEMENT_3D ( 'NONE', #721, #3579, #6569 ) ;
#1863 = DIRECTION ( 'NONE',  ( -0.000000000000000000, -0.000000000000000000, -1.000000000000000000 ) ) ;
#1864 = EDGE_LOOP ( 'NONE', ( #4923, #6761, #1986, #865 ) ) ;
#1865 = DIRECTION ( 'NONE',  ( 0.000000000000000000, -0.000000000000000000, -1.000000000000000000 ) ) ;
#1866 = EDGE_CURVE ( 'NONE', #6970, #507, #221, .T. ) ;
#1867 = PLANE ( 'NONE',  #4700 ) ;
#1868 = FACE_OUTER_BOUND ( 'NONE', #6256, .T. ) ;
#1869 = ORIENTED_EDGE ( 'NONE', *, *, #4133, .F. ) ;
#1870 = CIRCLE ( 'NONE', #3484, 0.07000000000000061728 ) ;
#1871 = CARTESIAN_POINT ( 'NONE',  ( 2.405117046837882633, 0.2161719771896072062, -4.240000000000001101 ) ) ;
#1872 = EDGE_LOOP ( 'NONE', ( #663, #1085, #1153, #3377, #4919, #7351, #6585, #4935, #4656, #1420, #6773, #1383 ) ) ;
#1873 = ORIENTED_EDGE ( 'NONE', *, *, #5877, .F. ) ;
#1874 = VECTOR ( 'NONE', #4262, 1000.000000000000000 ) ;
#1875 = FACE_OUTER_BOUND ( 'NONE', #5581, .T. ) ;
#1876 = CARTESIAN_POINT ( 'NONE',  ( 2.405117046837882633, 0.2161719771896072062, -0.8400000000000005240 ) ) ;
#1877 =( NAMED_UNIT ( * ) PLANE_ANGLE_UNIT ( ) SI_UNIT ( $, .RADIAN. ) );
#1878 = EDGE_CURVE ( 'NONE', #5485, #7112, #3861, .T. ) ;
#1879 = CARTESIAN_POINT ( 'NONE',  ( -1.949999999999999956, 1.077499999999984803, -2.970000000000000639 ) ) ;
#1880 = MANIFOLD_SOLID_BREP ( 'LPattern1[13]', #1137 ) ;
#1881 = AXIS2_PLACEMENT_3D ( 'NONE', #4894, #6630, #1353 ) ;
#1882 = ORIENTED_EDGE ( 'NONE', *, *, #2647, .F. ) ;
#1883 = ORIENTED_EDGE ( 'NONE', *, *, #5395, .T. ) ;
#1884 = DIRECTION ( 'NONE',  ( 1.000000000000000000, 0.000000000000000000, 0.000000000000000000 ) ) ;
#1885 = DIRECTION ( 'NONE',  ( 0.000000000000000000, 0.000000000000000000, 1.000000000000000000 ) ) ;
#1886 = VECTOR ( 'NONE', #3351, 1000.000000000000000 ) ;
#1887 = DIRECTION ( 'NONE',  ( 1.000000000000000000, 0.000000000000000000, -0.000000000000000000 ) ) ;
#1888 = DIRECTION ( 'NONE',  ( -0.000000000000000000, -0.000000000000000000, -1.000000000000000000 ) ) ;
#1889 = PLANE ( 'NONE',  #6800 ) ;
#1890 = EDGE_CURVE ( 'NONE', #4875, #3420, #5469, .T. ) ;
#1891 = VECTOR ( 'NONE', #1524, 1000.000000000000000 ) ;
#1892 = VECTOR ( 'NONE', #4002, 1000.000000000000114 ) ;
#1893 = ORIENTED_EDGE ( 'NONE', *, *, #6469, .T. ) ;
#1894 = MANIFOLD_SOLID_BREP ( 'LPattern1[1]', #775 ) ;
#1895 = DIRECTION ( 'NONE',  ( -1.000000000000000000, 0.000000000000000000, 0.000000000000000000 ) ) ;
#1896 = FACE_OUTER_BOUND ( 'NONE', #5451, .T. ) ;
#1897 = VECTOR ( 'NONE', #3673, 1000.000000000000000 ) ;
#1898 = AXIS2_PLACEMENT_3D ( 'NONE', #3409, #2124, #6871 ) ;
#1899 = DIRECTION ( 'NONE',  ( -1.000000000000000000, 0.000000000000000000, 0.000000000000000000 ) ) ;
#1900 = PLANE ( 'NONE',  #3119 ) ;
#1901 = EDGE_CURVE ( 'NONE', #5205, #3576, #2111, .T. ) ;
#1902 = VECTOR ( 'NONE', #7489, 1000.000000000000000 ) ;
#1903 = EDGE_CURVE ( 'NONE', #6033, #3344, #6811, .T. ) ;
#1904 = STYLED_ITEM ( 'NONE', ( #4839 ), #6905 ) ;
#1905 = VERTEX_POINT ( 'NONE', #3202 ) ;
#1906 = LINE ( 'NONE', #2007, #4478 ) ;
#1907 = FACE_OUTER_BOUND ( 'NONE', #2712, .T. ) ;
#1908 = ORIENTED_EDGE ( 'NONE', *, *, #1599, .T. ) ;
#1909 = CARTESIAN_POINT ( 'NONE',  ( 2.392909663932662134, 0.04159826839416821964, -2.970000000000000639 ) ) ;
#1910 = VECTOR ( 'NONE', #807, 1000.000000000000000 ) ;
#1911 = EDGE_CURVE ( 'NONE', #3193, #5632, #4346, .T. ) ;
#1912 = CARTESIAN_POINT ( 'NONE',  ( -2.164999999999999591, 0.2860014607077954740, -0.4300000000000007150 ) ) ;
#1913 = VERTEX_POINT ( 'NONE', #960 ) ;
#1914 = VECTOR ( 'NONE', #5433, 1000.000000000000000 ) ;
#1915 = ORIENTED_EDGE ( 'NONE', *, *, #3174, .F. ) ;
#1916 = DIRECTION ( 'NONE',  ( 1.000000000000000000, 0.000000000000000000, 0.000000000000000000 ) ) ;
#1917 = DIRECTION ( 'NONE',  ( -2.380688169208303900E-15, 1.000000000000000000, -0.000000000000000000 ) ) ;
#1918 = CARTESIAN_POINT ( 'NONE',  ( -2.987792617094780834, 5.421010862427522170E-16, -4.240000000000001101 ) ) ;
#1919 = AXIS2_PLACEMENT_3D ( 'NONE', #5037, #2668, #931 ) ;
#1920 = ADVANCED_FACE ( 'NONE', ( #6860 ), #2735, .F. ) ;
#1921 = ORIENTED_EDGE ( 'NONE', *, *, #7367, .F. ) ;
#1922 = ORIENTED_EDGE ( 'NONE', *, *, #6783, .F. ) ;
#1923 = EDGE_CURVE ( 'NONE', #5055, #7590, #6768, .T. ) ;
#1924 = DIRECTION ( 'NONE',  ( -0.000000000000000000, -0.000000000000000000, -1.000000000000000000 ) ) ;
#1925 = DIRECTION ( 'NONE',  ( 0.000000000000000000, 0.000000000000000000, 1.000000000000000000 ) ) ;
#1926 = EDGE_CURVE ( 'NONE', #7007, #889, #2072, .T. ) ;
#1927 = COLOUR_RGB ( '',0.7921568627450980005, 0.8196078431372548767, 0.9333333333333333481 ) ;
#1928 = LINE ( 'NONE', #4300, #689 ) ;
#1929 = DIRECTION ( 'NONE',  ( -0.000000000000000000, -0.000000000000000000, -1.000000000000000000 ) ) ;
#1930 = ADVANCED_BREP_SHAPE_REPRESENTATION ( 'PAM8403', ( #4302, #4461, #4345, #6866, #1894, #4433, #4544, #7030, #7000, #6984, #1824, #7089, #4507, #1812, #6905, #6878, #1880, #1950, #3834 ), #762 ) ;
#1931 = VECTOR ( 'NONE', #5862, 1000.000000000000000 ) ;
#1932 = EDGE_LOOP ( 'NONE', ( #662, #537, #7427, #3906 ) ) ;
#1933 = CARTESIAN_POINT ( 'NONE',  ( -3.000000000000000000, 0.1745737087954402911, -1.700000000000000622 ) ) ;
#1934 = DIRECTION ( 'NONE',  ( 0.000000000000000000, -1.000000000000000000, 0.000000000000000000 ) ) ;
#1935 = DIRECTION ( 'NONE',  ( -0.000000000000000000, 1.000000000000000000, -0.000000000000000000 ) ) ;
#1936 = DIRECTION ( 'NONE',  ( 0.000000000000000000, -1.000000000000000000, 0.000000000000000000 ) ) ;
#1937 = ORIENTED_EDGE ( 'NONE', *, *, #176, .T. ) ;
#1938 = ADVANCED_FACE ( 'NONE', ( #4463 ), #7441, .F. ) ;
#1939 = CARTESIAN_POINT ( 'NONE',  ( 2.165000000000000480, 0.8325000000000144507, -4.240000000000001101 ) ) ;
#1940 = DIRECTION ( 'NONE',  ( 0.000000000000000000, 0.000000000000000000, 1.000000000000000000 ) ) ;
#1941 = EDGE_LOOP ( 'NONE', ( #3804, #3479, #199, #5076 ) ) ;
#1942 = CARTESIAN_POINT ( 'NONE',  ( 1.949999999999999956, 0.9025000000000144018, -0.8400000000000005240 ) ) ;
#1943 = EDGE_CURVE ( 'NONE', #4266, #5131, #6236, .T. ) ;
#1944 = DIRECTION ( 'NONE',  ( 0.06975647374412288770, -0.9975640502598244197, -0.000000000000000000 ) ) ;
#1945 = ORIENTED_EDGE ( 'NONE', *, *, #4336, .T. ) ;
#1946 = ORIENTED_EDGE ( 'NONE', *, *, #4310, .F. ) ;
#1947 = CARTESIAN_POINT ( 'NONE',  ( -2.095000000000000195, 0.8325000000000144507, 2.109999999999999876 ) ) ;
#1948 = EDGE_CURVE ( 'NONE', #482, #2316, #421, .T. ) ;
#1949 = CARTESIAN_POINT ( 'NONE',  ( -2.095000000000000195, 0.8325000000000144507, -4.240000000000001101 ) ) ;
#1950 = MANIFOLD_SOLID_BREP ( 'LPattern1[14]', #3115 ) ;
#1951 = ORIENTED_EDGE ( 'NONE', *, *, #4534, .T. ) ;
#1952 = ORIENTED_EDGE ( 'NONE', *, *, #47, .F. ) ;
#1953 = CARTESIAN_POINT ( 'NONE',  ( -2.392909663932662134, 0.04159826839416762290, -1.700000000000000622 ) ) ;
#1954 = CARTESIAN_POINT ( 'NONE',  ( -2.339999999999970548, 0.8325000000000144507, -2.970000000000000639 ) ) ;
#1955 = DIRECTION ( 'NONE',  ( -0.9975640502598244197, 0.06975647374412290158, 0.000000000000000000 ) ) ;
#1956 = EDGE_CURVE ( 'NONE', #2459, #4538, #1418, .T. ) ;
#1957 = DIRECTION ( 'NONE',  ( 0.000000000000000000, 0.000000000000000000, 1.000000000000000000 ) ) ;
#1958 = EDGE_CURVE ( 'NONE', #4547, #5854, #436, .T. ) ;
#1959 = ORIENTED_EDGE ( 'NONE', *, *, #98, .F. ) ;
#1960 = ORIENTED_EDGE ( 'NONE', *, *, #6815, .T. ) ;
#1961 = CARTESIAN_POINT ( 'NONE',  ( -2.409999999999970832, 0.2860014607077954185, 2.109999999999999876 ) ) ;
#1962 = LINE ( 'NONE', #6129, #4006 ) ;
#1963 = PLANE ( 'NONE',  #809 ) ;
#1964 = DIRECTION ( 'NONE',  ( -2.380688169208303900E-15, -1.000000000000000000, 0.000000000000000000 ) ) ;
#1965 = CARTESIAN_POINT ( 'NONE',  ( 3.000000000000000000, 0.1745737087954402911, 4.649999999999999467 ) ) ;
#1966 = MECHANICAL_DESIGN_GEOMETRIC_PRESENTATION_REPRESENTATION (  '', ( #2715 ), #6283 ) ;
#1967 = DIRECTION ( 'NONE',  ( 0.000000000000000000, 0.000000000000000000, 1.000000000000000000 ) ) ;
#1968 = DIRECTION ( 'NONE',  ( 0.000000000000000000, 0.000000000000000000, 1.000000000000000000 ) ) ;
#1969 = ORIENTED_EDGE ( 'NONE', *, *, #829, .T. ) ;
#1970 = CARTESIAN_POINT ( 'NONE',  ( 2.095000000000000195, 0.8325000000000144507, -0.4300000000000007150 ) ) ;
#1971 = LINE ( 'NONE', #1324, #4582 ) ;
#1972 = VECTOR ( 'NONE', #4163, 1000.000000000000000 ) ;
#1973 = CIRCLE ( 'NONE', #868, 0.07000000000000061728 ) ;
#1974 = CARTESIAN_POINT ( 'NONE',  ( -1.949999999999999956, 1.077499999999984803, 0.8399999999999996358 ) ) ;
#1975 = ORIENTED_EDGE ( 'NONE', *, *, #4348, .T. ) ;
#1976 = ORIENTED_EDGE ( 'NONE', *, *, #5656, .F. ) ;
#1977 = EDGE_CURVE ( 'NONE', #4473, #6076, #5816, .T. ) ;
#1978 = DIRECTION ( 'NONE',  ( 0.000000000000000000, -0.000000000000000000, -1.000000000000000000 ) ) ;
#1979 = VECTOR ( 'NONE', #1917, 1000.000000000000000 ) ;
#1980 = AXIS2_PLACEMENT_3D ( 'NONE', #3584, #1259, #2424 ) ;
#1981 = CARTESIAN_POINT ( 'NONE',  ( 1.949999999999999956, 1.077499999999984803, -4.650000000000000355 ) ) ;
#1982 = AXIS2_PLACEMENT_3D ( 'NONE', #4111, #5876, #4070 ) ;
#1983 = CLOSED_SHELL ( 'NONE', ( #3540, #4177, #3573, #5097, #5370, #4650, #4430, #6488, #2661, #3858, #1845, #3610, #5942, #3257 ) ) ;
#1984 = ADVANCED_FACE ( 'NONE', ( #1041 ), #5778, .F. ) ;
#1985 = ORIENTED_EDGE ( 'NONE', *, *, #261, .F. ) ;
#1986 = ORIENTED_EDGE ( 'NONE', *, *, #2828, .F. ) ;
#1987 = DIRECTION ( 'NONE',  ( 1.000000000000000000, 0.000000000000000000, -0.000000000000000000 ) ) ;
#1988 = CARTESIAN_POINT ( 'NONE',  ( 3.000000000000000000, 0.1745737087954402911, 2.109999999999999876 ) ) ;
#1989 = CYLINDRICAL_SURFACE ( 'NONE', #2144, 0.07000000000000061728 ) ;
#1990 = DIRECTION ( 'NONE',  ( 0.06975647374412288770, -0.9975640502598244197, -0.000000000000000000 ) ) ;
#1991 = DIRECTION ( 'NONE',  ( -2.380688169208303900E-15, 1.000000000000000000, -0.000000000000000000 ) ) ;
#1992 = EDGE_LOOP ( 'NONE', ( #3715, #6858, #3682, #6190, #5022, #5601, #1276, #5158, #2301, #1775, #1744, #3659 ) ) ;
#1993 = AXIS2_PLACEMENT_3D ( 'NONE', #4395, #6742, #5129 ) ;
#1994 = VECTOR ( 'NONE', #6045, 1000.000000000000000 ) ;
#1995 = SURFACE_SIDE_STYLE ('',( #996 ) ) ;
#1996 = ORIENTED_EDGE ( 'NONE', *, *, #13, .T. ) ;
#1997 = EDGE_LOOP ( 'NONE', ( #502, #1952, #6498, #4588 ) ) ;
#1998 = LINE ( 'NONE', #814, #5617 ) ;
#1999 = LINE ( 'NONE', #292, #6086 ) ;
#2000 = CARTESIAN_POINT ( 'NONE',  ( 3.000000000000000000, 0.1745737087954402911, -4.240000000000001101 ) ) ;
#2001 = DIRECTION ( 'NONE',  ( -0.000000000000000000, -0.000000000000000000, -1.000000000000000000 ) ) ;
#2002 = AXIS2_PLACEMENT_3D ( 'NONE', #2277, #2860, #5120 ) ;
#2003 = EDGE_LOOP ( 'NONE', ( #6802, #1325, #4134, #7127, #6056, #4289, #2095, #2246, #311, #5085, #944, #389 ) ) ;
#2004 = VECTOR ( 'NONE', #7181, 1000.000000000000000 ) ;
#2005 = AXIS2_PLACEMENT_3D ( 'NONE', #7150, #5371, #5288 ) ;
#2006 = ADVANCED_FACE ( 'NONE', ( #5234 ), #1731, .F. ) ;
#2007 = CARTESIAN_POINT ( 'NONE',  ( -2.392909663932662134, 0.04159826839416821964, -4.240000000000001101 ) ) ;
#2008 = CARTESIAN_POINT ( 'NONE',  ( -2.095000000000000195, 1.077499999999984803, -0.8400000000000005240 ) ) ;
#2009 = EDGE_CURVE ( 'NONE', #4547, #1218, #3397, .T. ) ;
#2010 = DIRECTION ( 'NONE',  ( 1.000000000000000000, 0.000000000000000000, -0.000000000000000000 ) ) ;
#2011 = CARTESIAN_POINT ( 'NONE',  ( -2.095000000000000195, 0.8325000000000144507, 0.4299999999999998268 ) ) ;
#2012 = LINE ( 'NONE', #4226, #2367 ) ;
#2013 = CIRCLE ( 'NONE', #1042, 0.07000000000000018707 ) ;
#2014 = ORIENTED_EDGE ( 'NONE', *, *, #2378, .F. ) ;
#2015 = LINE ( 'NONE', #4834, #228 ) ;
#2016 = ORIENTED_EDGE ( 'NONE', *, *, #1860, .F. ) ;
#2017 = ORIENTED_EDGE ( 'NONE', *, *, #2221, .F. ) ;
#2018 = ORIENTED_EDGE ( 'NONE', *, *, #2500, .T. ) ;
#2019 = DIRECTION ( 'NONE',  ( 0.06975647374412533019, -0.9975640502598243087, 0.000000000000000000 ) ) ;
#2020 = VECTOR ( 'NONE', #4196, 1000.000000000000000 ) ;
#2021 = VECTOR ( 'NONE', #957, 1000.000000000000000 ) ;
#2022 = CARTESIAN_POINT ( 'NONE',  ( 2.095000000000000195, 0.9025000000000146239, -1.700000000000000622 ) ) ;
#2023 = ORIENTED_EDGE ( 'NONE', *, *, #4902, .F. ) ;
#2024 = LINE ( 'NONE', #2101, #4601 ) ;
#2025 = VECTOR ( 'NONE', #1129, 1000.000000000000000 ) ;
#2026 = ORIENTED_EDGE ( 'NONE', *, *, #4008, .F. ) ;
#2027 = ORIENTED_EDGE ( 'NONE', *, *, #6170, .T. ) ;
#2028 = CARTESIAN_POINT ( 'NONE',  ( -1.949999999999999956, 1.077499999999984803, 3.379999999999999449 ) ) ;
#2029 = DIRECTION ( 'NONE',  ( 0.000000000000000000, 0.000000000000000000, 1.000000000000000000 ) ) ;
#2030 = EDGE_CURVE ( 'NONE', #778, #5916, #6899, .T. ) ;
#2031 = CARTESIAN_POINT ( 'NONE',  ( 2.392909663932662134, 0.04159826839416821964, 1.700000000000000178 ) ) ;
#2032 = CARTESIAN_POINT ( 'NONE',  ( -2.095000000000000195, 1.077499999999984803, 2.109999999999999876 ) ) ;
#2033 = CARTESIAN_POINT ( 'NONE',  ( -2.165000000000000480, 0.8325000000000144507, 4.649999999999999467 ) ) ;
#2034 = AXIS2_PLACEMENT_3D ( 'NONE', #6947, #6907, #1620 ) ;
#2035 = CARTESIAN_POINT ( 'NONE',  ( -2.165000000000000480, 0.8325000000000144507, 0.8399999999999996358 ) ) ;
#2036 = ADVANCED_FACE ( 'NONE', ( #5156 ), #4019, .F. ) ;
#2037 = ADVANCED_FACE ( 'NONE', ( #6359 ), #2780, .F. ) ;
#2038 = VERTEX_POINT ( 'NONE', #3437 ) ;
#2039 = AXIS2_PLACEMENT_3D ( 'NONE', #5734, #4498, #6348 ) ;
#2040 = PLANE ( 'NONE',  #1746 ) ;
#2041 = FACE_OUTER_BOUND ( 'NONE', #671, .T. ) ;
#2042 = ORIENTED_EDGE ( 'NONE', *, *, #7555, .F. ) ;
#2043 = DIRECTION ( 'NONE',  ( -1.000000000000000000, 0.000000000000000000, 0.000000000000000000 ) ) ;
#2044 = DIRECTION ( 'NONE',  ( -0.000000000000000000, -0.000000000000000000, -1.000000000000000000 ) ) ;
#2045 = CARTESIAN_POINT ( 'NONE',  ( 2.095000000000000195, 0.9025000000000146239, -0.4300000000000007150 ) ) ;
#2046 = ADVANCED_FACE ( 'NONE', ( #509 ), #7016, .T. ) ;
#2047 = AXIS2_PLACEMENT_3D ( 'NONE', #1439, #3719, #5998 ) ;
#2048 = CYLINDRICAL_SURFACE ( 'NONE', #2767, 0.2449999999999709355 ) ;
#2049 = PLANE ( 'NONE',  #1648 ) ;
#2050 = PLANE ( 'NONE',  #5670 ) ;
#2051 = ORIENTED_EDGE ( 'NONE', *, *, #5182, .T. ) ;
#2052 = DIRECTION ( 'NONE',  ( -1.000000000000000000, 7.477256361968987358E-16, 0.000000000000000000 ) ) ;
#2053 = CARTESIAN_POINT ( 'NONE',  ( 1.949999999999999956, 0.9025000000000144018, 4.649999999999999467 ) ) ;
#2054 = ADVANCED_FACE ( 'NONE', ( #7559 ), #2905, .F. ) ;
#2055 = CARTESIAN_POINT ( 'NONE',  ( 3.000000000000000000, 0.1745737087954402911, 0.8399999999999996358 ) ) ;
#2056 = ORIENTED_EDGE ( 'NONE', *, *, #5566, .T. ) ;
#2057 = ORIENTED_EDGE ( 'NONE', *, *, #6442, .T. ) ;
#2058 = EDGE_LOOP ( 'NONE', ( #1033, #3222, #2345, #4467 ) ) ;
#2059 = LINE ( 'NONE', #6643, #6567 ) ;
#2060 = SURFACE_STYLE_USAGE ( .BOTH. , #7306 ) ;
#2061 = ORIENTED_EDGE ( 'NONE', *, *, #547, .T. ) ;
#2062 = DIRECTION ( 'NONE',  ( 0.06975647374412288770, 0.9975640502598244197, 0.000000000000000000 ) ) ;
#2063 = ORIENTED_EDGE ( 'NONE', *, *, #1445, .F. ) ;
#2064 = VERTEX_POINT ( 'NONE', #4090 ) ;
#2065 = ORIENTED_EDGE ( 'NONE', *, *, #2286, .T. ) ;
#2066 = LINE ( 'NONE', #2106, #6890 ) ;
#2067 = CARTESIAN_POINT ( 'NONE',  ( -2.095000000000000195, 0.8325000000000144507, -2.970000000000000639 ) ) ;
#2068 = EDGE_CURVE ( 'NONE', #3104, #368, #2388, .T. ) ;
#2069 = CARTESIAN_POINT ( 'NONE',  ( -1.949999999999999956, 1.077499999999984803, 3.379999999999999449 ) ) ;
#2070 = FACE_OUTER_BOUND ( 'NONE', #832, .T. ) ;
#2071 = CARTESIAN_POINT ( 'NONE',  ( 2.165000000000000480, 0.8325000000000144507, -2.970000000000000639 ) ) ;
#2072 = LINE ( 'NONE', #3901, #3002 ) ;
#2073 = EDGE_CURVE ( 'NONE', #4847, #2211, #4545, .T. ) ;
#2074 = ORIENTED_EDGE ( 'NONE', *, *, #4506, .F. ) ;
#2075 = DIRECTION ( 'NONE',  ( 0.06975647374412549673, 0.9975640502598243087, -0.000000000000000000 ) ) ;
#2076 = DIRECTION ( 'NONE',  ( -1.000000000000000000, 0.000000000000000000, 0.000000000000000000 ) ) ;
#2077 = VERTEX_POINT ( 'NONE', #4702 ) ;
#2078 = EDGE_CURVE ( 'NONE', #3796, #3801, #1776, .T. ) ;
#2079 = CARTESIAN_POINT ( 'NONE',  ( -2.095000000000000195, 0.8325000000000144507, 3.379999999999999449 ) ) ;
#2080 = FILL_AREA_STYLE ('',( #4967 ) ) ;
#2081 = CARTESIAN_POINT ( 'NONE',  ( 1.949999999999999956, 0.9025000000000144018, -2.970000000000000639 ) ) ;
#2082 = ORIENTED_EDGE ( 'NONE', *, *, #5725, .T. ) ;
#2083 = EDGE_CURVE ( 'NONE', #6189, #2452, #4130, .T. ) ;
#2084 = FACE_OUTER_BOUND ( 'NONE', #1525, .T. ) ;
#2085 = DIRECTION ( 'NONE',  ( -0.000000000000000000, -0.000000000000000000, -1.000000000000000000 ) ) ;
#2086 = CARTESIAN_POINT ( 'NONE',  ( -2.095000000000000195, 0.8325000000000144507, -0.4300000000000007150 ) ) ;
#2087 = VERTEX_POINT ( 'NONE', #7165 ) ;
#2088 = CARTESIAN_POINT ( 'NONE',  ( -2.987792617094780834, 5.421010862427522170E-16, -3.380000000000000338 ) ) ;
#2089 = CYLINDRICAL_SURFACE ( 'NONE', #2117, 0.2449999999999709355 ) ;
#2090 = ORIENTED_EDGE ( 'NONE', *, *, #7155, .T. ) ;
#2091 = STYLED_ITEM ( 'NONE', ( #4410 ), #7030 ) ;
#2092 = ADVANCED_FACE ( 'NONE', ( #5459 ), #7237, .F. ) ;
#2093 = LINE ( 'NONE', #3491, #2176 ) ;
#2094 = ORIENTED_EDGE ( 'NONE', *, *, #6114, .T. ) ;
#2095 = ORIENTED_EDGE ( 'NONE', *, *, #184, .F. ) ;
#2096 = ORIENTED_EDGE ( 'NONE', *, *, #5522, .F. ) ;
#2097 = CARTESIAN_POINT ( 'NONE',  ( -2.095000000000000195, 0.8325000000000144507, -3.380000000000000338 ) ) ;
#2098 =( NAMED_UNIT ( * ) SI_UNIT ( $, .STERADIAN. ) SOLID_ANGLE_UNIT ( ) );
#2099 = ORIENTED_EDGE ( 'NONE', *, *, #4293, .F. ) ;
#2100 = AXIS2_PLACEMENT_3D ( 'NONE', #5993, #57, #578 ) ;
#2101 = CARTESIAN_POINT ( 'NONE',  ( 2.392909663932662134, 0.04159826839416821964, 2.109999999999999876 ) ) ;
#2102 = DIRECTION ( 'NONE',  ( -0.000000000000000000, -0.000000000000000000, -1.000000000000000000 ) ) ;
#2103 = ORIENTED_EDGE ( 'NONE', *, *, #4143, .F. ) ;
#2104 = ORIENTED_EDGE ( 'NONE', *, *, #6790, .F. ) ;
#2105 = AXIS2_PLACEMENT_3D ( 'NONE', #736, #2498, #6080 ) ;
#2106 = CARTESIAN_POINT ( 'NONE',  ( 2.392909663932662134, 0.04159826839416821964, 3.379999999999999449 ) ) ;
#2107 = DIRECTION ( 'NONE',  ( 0.000000000000000000, -1.000000000000000000, 0.000000000000000000 ) ) ;
#2108 = PLANE ( 'NONE',  #1523 ) ;
#2109 = DIRECTION ( 'NONE',  ( -1.000000000000000000, 1.587125446138869267E-15, 0.000000000000000000 ) ) ;
#2110 = DIRECTION ( 'NONE',  ( 2.380688169208303900E-15, -1.000000000000000000, 0.000000000000000000 ) ) ;
#2111 = LINE ( 'NONE', #2035, #4228 ) ;
#2112 = VECTOR ( 'NONE', #6161, 1000.000000000000114 ) ;
#2113 = ORIENTED_EDGE ( 'NONE', *, *, #7033, .F. ) ;
#2114 = CARTESIAN_POINT ( 'NONE',  ( 2.392909663932662134, 0.04159826839416821964, 3.379999999999999449 ) ) ;
#2115 = CARTESIAN_POINT ( 'NONE',  ( 3.000000000000000000, 0.1745737087954402911, -2.970000000000000639 ) ) ;
#2116 = ORIENTED_EDGE ( 'NONE', *, *, #6625, .F. ) ;
#2117 = AXIS2_PLACEMENT_3D ( 'NONE', #4483, #1018, #6337 ) ;
#2118 = DIRECTION ( 'NONE',  ( -1.000000000000000000, 0.000000000000000000, 0.000000000000000000 ) ) ;
#2119 = DIRECTION ( 'NONE',  ( 1.000000000000000000, 0.000000000000000000, 0.000000000000000000 ) ) ;
#2120 = LINE ( 'NONE', #2045, #4714 ) ;
#2121 = ORIENTED_EDGE ( 'NONE', *, *, #3456, .T. ) ;
#2122 = COLOUR_RGB ( '',0.7921568627450980005, 0.8196078431372548767, 0.9333333333333333481 ) ;
#2123 = ORIENTED_EDGE ( 'NONE', *, *, #5258, .T. ) ;
#2124 = DIRECTION ( 'NONE',  ( -0.06975647374412549673, 0.9975640502598243087, 0.000000000000000000 ) ) ;
#2125 = UNCERTAINTY_MEASURE_WITH_UNIT (LENGTH_MEASURE( 1.000000000000000082E-05 ), #5106, 'distance_accuracy_value', 'NONE');
#2126 = DIRECTION ( 'NONE',  ( 0.9975640502598241977, -0.06975647374412531632, 0.000000000000000000 ) ) ;
#2127 = ADVANCED_FACE ( 'NONE', ( #4805 ), #700, .F. ) ;
#2128 = VECTOR ( 'NONE', #2503, 1000.000000000000227 ) ;
#2129 = CARTESIAN_POINT ( 'NONE',  ( 2.987792617094780834, 5.421010862427522170E-16, -3.380000000000000338 ) ) ;
#2130 = ORIENTED_EDGE ( 'NONE', *, *, #3093, .F. ) ;
#2131 = CARTESIAN_POINT ( 'NONE',  ( 2.339999999999969660, 0.2860014607077954185, -4.240000000000001101 ) ) ;
#2132 = DIRECTION ( 'NONE',  ( 0.06975647374412288770, -0.9975640502598244197, -0.000000000000000000 ) ) ;
#2133 = EDGE_CURVE ( 'NONE', #6497, #1807, #7134, .T. ) ;
#2134 = CIRCLE ( 'NONE', #6673, 0.07000000000000061728 ) ;
#2135 = VECTOR ( 'NONE', #3501, 1000.000000000000000 ) ;
#2136 = EDGE_LOOP ( 'NONE', ( #2018, #310, #4411, #1151 ) ) ;
#2137 = EDGE_LOOP ( 'NONE', ( #7011, #6217, #6755, #3261 ) ) ;
#2138 = ORIENTED_EDGE ( 'NONE', *, *, #4102, .T. ) ;
#2139 = DIRECTION ( 'NONE',  ( -0.000000000000000000, -0.000000000000000000, -1.000000000000000000 ) ) ;
#2140 =( NAMED_UNIT ( * ) PLANE_ANGLE_UNIT ( ) SI_UNIT ( $, .RADIAN. ) );
#2141 = VERTEX_POINT ( 'NONE', #4741 ) ;
#2142 = EDGE_LOOP ( 'NONE', ( #751, #2337, #5262, #5641 ) ) ;
#2143 = CIRCLE ( 'NONE', #6445, 0.07000000000000018707 ) ;
#2144 = AXIS2_PLACEMENT_3D ( 'NONE', #5504, #4915, #3775 ) ;
#2145 = CARTESIAN_POINT ( 'NONE',  ( 3.000000000000000000, 0.1745737087954402911, -1.700000000000000622 ) ) ;
#2146 = ORIENTED_EDGE ( 'NONE', *, *, #4003, .T. ) ;
#2147 = EDGE_CURVE ( 'NONE', #4404, #4651, #6617, .T. ) ;
#2148 = PLANE ( 'NONE',  #2039 ) ;
#2149 = VERTEX_POINT ( 'NONE', #5932 ) ;
#2150 = VECTOR ( 'NONE', #6280, 1000.000000000000000 ) ;
#2151 = EDGE_LOOP ( 'NONE', ( #5195, #5196, #1487, #11 ) ) ;
#2152 = DIRECTION ( 'NONE',  ( -2.380688169208303900E-15, 1.000000000000000000, -0.000000000000000000 ) ) ;
#2153 = CARTESIAN_POINT ( 'NONE',  ( 2.165000000000000036, 0.2860014607077954740, 0.8399999999999996358 ) ) ;
#2154 = CARTESIAN_POINT ( 'NONE',  ( 2.405117046837882633, 0.2161719771896072062, -4.650000000000000355 ) ) ;
#2155 = ORIENTED_EDGE ( 'NONE', *, *, #3332, .T. ) ;
#2156 = DIRECTION ( 'NONE',  ( -1.000000000000000000, 0.000000000000000000, 0.000000000000000000 ) ) ;
#2157 = DIRECTION ( 'NONE',  ( -1.000000000000000000, 7.477256361968987358E-16, 0.000000000000000000 ) ) ;
#2158 = EDGE_CURVE ( 'NONE', #177, #2925, #2493, .T. ) ;
#2159 = VECTOR ( 'NONE', #2156, 1000.000000000000000 ) ;
#2160 = ADVANCED_FACE ( 'NONE', ( #6506 ), #2389, .F. ) ;
#2161 = EDGE_CURVE ( 'NONE', #2685, #6789, #6942, .T. ) ;
#2162 = ORIENTED_EDGE ( 'NONE', *, *, #1732, .F. ) ;
#2163 = CARTESIAN_POINT ( 'NONE',  ( 1.949999999999999956, 1.077499999999984803, -1.700000000000000622 ) ) ;
#2164 = FACE_OUTER_BOUND ( 'NONE', #3181, .T. ) ;
#2165 = AXIS2_PLACEMENT_3D ( 'NONE', #5706, #2433, #5390 ) ;
#2166 = EDGE_LOOP ( 'NONE', ( #620, #6626, #582, #107 ) ) ;
#2167 = CIRCLE ( 'NONE', #6467, 0.07000000000000018707 ) ;
#2168 = DIRECTION ( 'NONE',  ( 2.380688169208303900E-15, 1.000000000000000000, 0.000000000000000000 ) ) ;
#2169 = DIRECTION ( 'NONE',  ( 1.000000000000000000, 0.000000000000000000, 0.000000000000000000 ) ) ;
#2170 = CARTESIAN_POINT ( 'NONE',  ( 2.095000000000000195, 0.8325000000000144507, -3.380000000000000338 ) ) ;
#2171 = STYLED_ITEM ( 'NONE', ( #3363 ), #4345 ) ;
#2172 = ORIENTED_EDGE ( 'NONE', *, *, #4032, .T. ) ;
#2173 = ORIENTED_EDGE ( 'NONE', *, *, #538, .F. ) ;
#2174 = DIRECTION ( 'NONE',  ( 0.000000000000000000, 1.000000000000000000, 0.000000000000000000 ) ) ;
#2175 = DIRECTION ( 'NONE',  ( -0.000000000000000000, -0.000000000000000000, -1.000000000000000000 ) ) ;
#2176 = VECTOR ( 'NONE', #3532, 1000.000000000000000 ) ;
#2177 = LINE ( 'NONE', #1551, #3220 ) ;
#2178 = EDGE_LOOP ( 'NONE', ( #2224, #5080, #4271, #2307 ) ) ;
#2179 = FACE_OUTER_BOUND ( 'NONE', #2484, .T. ) ;
#2180 = DIRECTION ( 'NONE',  ( -1.000000000000000000, -0.000000000000000000, -0.000000000000000000 ) ) ;
#2181 = ORIENTED_EDGE ( 'NONE', *, *, #3732, .F. ) ;
#2182 = VECTOR ( 'NONE', #3522, 1000.000000000000000 ) ;
#2183 = ORIENTED_EDGE ( 'NONE', *, *, #4970, .F. ) ;
#2184 = ORIENTED_EDGE ( 'NONE', *, *, #4079, .F. ) ;
#2185 = DIRECTION ( 'NONE',  ( -0.000000000000000000, -0.000000000000000000, -1.000000000000000000 ) ) ;
#2186 = EDGE_CURVE ( 'NONE', #5187, #3242, #4295, .T. ) ;
#2187 = ORIENTED_EDGE ( 'NONE', *, *, #1653, .T. ) ;
#2188 = VECTOR ( 'NONE', #769, 1000.000000000000000 ) ;
#2189 = VERTEX_POINT ( 'NONE', #5970 ) ;
#2190 = DIRECTION ( 'NONE',  ( -1.000000000000000000, 0.000000000000000000, 0.000000000000000000 ) ) ;
#2191 = ORIENTED_EDGE ( 'NONE', *, *, #3647, .F. ) ;
#2192 = ORIENTED_EDGE ( 'NONE', *, *, #4210, .F. ) ;
#2193 = DIRECTION ( 'NONE',  ( 1.000000000000000000, 0.000000000000000000, 0.000000000000000000 ) ) ;
#2194 = DIRECTION ( 'NONE',  ( -0.000000000000000000, 1.000000000000000000, -0.000000000000000000 ) ) ;
#2195 = ADVANCED_FACE ( 'NONE', ( #6583 ), #1226, .T. ) ;
#2196 = ORIENTED_EDGE ( 'NONE', *, *, #5705, .T. ) ;
#2197 = PLANE ( 'NONE',  #7583 ) ;
#2198 = DIRECTION ( 'NONE',  ( -0.000000000000000000, -0.000000000000000000, -1.000000000000000000 ) ) ;
#2199 = ORIENTED_EDGE ( 'NONE', *, *, #4310, .T. ) ;
#2200 = CARTESIAN_POINT ( 'NONE',  ( 2.095000000000000195, 0.8325000000000144507, 2.969999999999999751 ) ) ;
#2201 = LINE ( 'NONE', #6318, #2543 ) ;
#2202 = ORIENTED_EDGE ( 'NONE', *, *, #6011, .T. ) ;
#2203 = ADVANCED_FACE ( 'NONE', ( #1846 ), #1303, .F. ) ;
#2204 = CARTESIAN_POINT ( 'NONE',  ( 2.339999999999969660, 0.2860014607077954185, -4.650000000000000355 ) ) ;
#2205 = CARTESIAN_POINT ( 'NONE',  ( -2.165000000000000480, 0.8325000000000144507, -1.700000000000000622 ) ) ;
#2206 = CARTESIAN_POINT ( 'NONE',  ( 3.000000000000000000, 0.1745737087954402911, -2.110000000000000320 ) ) ;
#2207 = VERTEX_POINT ( 'NONE', #623 ) ;
#2208 = CARTESIAN_POINT ( 'NONE',  ( 2.095000000000000195, 0.8325000000000144507, -4.240000000000001101 ) ) ;
#2209 = DIRECTION ( 'NONE',  ( -0.000000000000000000, -0.000000000000000000, -1.000000000000000000 ) ) ;
#2210 = FACE_OUTER_BOUND ( 'NONE', #7018, .T. ) ;
#2211 = VERTEX_POINT ( 'NONE', #4844 ) ;
#2212 = LINE ( 'NONE', #6916, #5979 ) ;
#2213 = DIRECTION ( 'NONE',  ( 0.000000000000000000, 0.000000000000000000, 1.000000000000000000 ) ) ;
#2214 = ORIENTED_EDGE ( 'NONE', *, *, #1599, .F. ) ;
#2215 = VECTOR ( 'NONE', #3271, 1000.000000000000000 ) ;
#2216 = PLANE ( 'NONE',  #3999 ) ;
#2217 = ORIENTED_EDGE ( 'NONE', *, *, #1563, .T. ) ;
#2218 =( NAMED_UNIT ( * ) PLANE_ANGLE_UNIT ( ) SI_UNIT ( $, .RADIAN. ) );
#2219 = ADVANCED_FACE ( 'NONE', ( #5303 ), #72, .F. ) ;
#2220 = LINE ( 'NONE', #1028, #5327 ) ;
#2221 = EDGE_CURVE ( 'NONE', #4073, #4987, #660, .T. ) ;
#2222 = PRESENTATION_STYLE_ASSIGNMENT (( #6227 ) ) ;
#2223 = ORIENTED_EDGE ( 'NONE', *, *, #2967, .T. ) ;
#2224 = ORIENTED_EDGE ( 'NONE', *, *, #6037, .T. ) ;
#2225 = LINE ( 'NONE', #1072, #6634 ) ;
#2226 = CARTESIAN_POINT ( 'NONE',  ( 2.405117046837882633, 0.2161719771896072062, 1.700000000000000178 ) ) ;
#2227 = CARTESIAN_POINT ( 'NONE',  ( -1.949999999999999956, 1.077499999999984803, 1.700000000000000178 ) ) ;
#2228 = AXIS2_PLACEMENT_3D ( 'NONE', #1798, #5880, #6526 ) ;
#2229 = DIRECTION ( 'NONE',  ( 0.9975640502598241977, 0.06975647374412531632, 0.000000000000000000 ) ) ;
#2230 = DIRECTION ( 'NONE',  ( 0.9975640502598241977, -0.06975647374412548285, 0.000000000000000000 ) ) ;
#2231 = EDGE_CURVE ( 'NONE', #5679, #5438, #6006, .T. ) ;
#2232 = VECTOR ( 'NONE', #5503, 1000.000000000000114 ) ;
#2233 = ADVANCED_FACE ( 'NONE', ( #5416 ), #174, .F. ) ;
#2234 = AXIS2_PLACEMENT_3D ( 'NONE', #5047, #6213, #937 ) ;
#2235 = EDGE_LOOP ( 'NONE', ( #2886, #1448, #5675, #2082 ) ) ;
#2236 = ORIENTED_EDGE ( 'NONE', *, *, #2748, .F. ) ;
#2237 = CARTESIAN_POINT ( 'NONE',  ( -2.392909663932662134, 0.04159826839416762290, -4.650000000000000355 ) ) ;
#2238 = ORIENTED_EDGE ( 'NONE', *, *, #4635, .F. ) ;
#2239 = DIRECTION ( 'NONE',  ( -0.000000000000000000, -0.000000000000000000, -1.000000000000000000 ) ) ;
#2240 = PLANE ( 'NONE',  #6347 ) ;
#2241 = LINE ( 'NONE', #1052, #2612 ) ;
#2242 = ADVANCED_FACE ( 'NONE', ( #2601 ), #3800, .T. ) ;
#2243 = ORIENTED_EDGE ( 'NONE', *, *, #5139, .F. ) ;
#2244 = AXIS2_PLACEMENT_3D ( 'NONE', #2755, #1632, #5096 ) ;
#2245 = AXIS2_PLACEMENT_3D ( 'NONE', #3196, #6589, #180 ) ;
#2246 = ORIENTED_EDGE ( 'NONE', *, *, #2622, .F. ) ;
#2247 = DIRECTION ( 'NONE',  ( 1.587125446138869267E-15, 1.000000000000000000, 0.000000000000000000 ) ) ;
#2248 = PLANE ( 'NONE',  #2901 ) ;
#2249 = DIRECTION ( 'NONE',  ( 1.000000000000000000, -7.477256361968987358E-16, 0.000000000000000000 ) ) ;
#2250 = DIRECTION ( 'NONE',  ( -1.000000000000000000, 0.000000000000000000, 0.000000000000000000 ) ) ;
#2251 = ORIENTED_EDGE ( 'NONE', *, *, #7518, .T. ) ;
#2252 = CARTESIAN_POINT ( 'NONE',  ( 2.409999999999970832, 0.2860014607077954185, -2.970000000000000639 ) ) ;
#2253 = LINE ( 'NONE', #2953, #2602 ) ;
#2254 = VECTOR ( 'NONE', #1863, 1000.000000000000000 ) ;
#2255 = CIRCLE ( 'NONE', #298, 0.07000000000000018707 ) ;
#2256 = EDGE_CURVE ( 'NONE', #6826, #4373, #670, .T. ) ;
#2257 = ORIENTED_EDGE ( 'NONE', *, *, #2906, .F. ) ;
#2258 =( GEOMETRIC_REPRESENTATION_CONTEXT ( 3 ) GLOBAL_UNCERTAINTY_ASSIGNED_CONTEXT ( ( #375 ) ) GLOBAL_UNIT_ASSIGNED_CONTEXT ( ( #4889, #6085, #6624 ) ) REPRESENTATION_CONTEXT ( 'NONE', 'WORKASPACE' ) );
#2259 = ORIENTED_EDGE ( 'NONE', *, *, #318, .T. ) ;
#2260 = CARTESIAN_POINT ( 'NONE',  ( -2.095000000000000195, 0.8325000000000144507, 2.969999999999999751 ) ) ;
#2261 = DIRECTION ( 'NONE',  ( -0.9975640502598241977, 0.06975647374412531632, 0.000000000000000000 ) ) ;
#2262 = EDGE_LOOP ( 'NONE', ( #4406, #5667, #3081, #1592 ) ) ;
#2263 = PLANE ( 'NONE',  #6542 ) ;
#2264 = EDGE_LOOP ( 'NONE', ( #7034, #3281, #5165, #2838 ) ) ;
#2265 = DIRECTION ( 'NONE',  ( 0.000000000000000000, -0.000000000000000000, -1.000000000000000000 ) ) ;
#2266 = AXIS2_PLACEMENT_3D ( 'NONE', #5690, #1067, #425 ) ;
#2267 = VECTOR ( 'NONE', #6379, 1000.000000000000000 ) ;
#2268 = ORIENTED_EDGE ( 'NONE', *, *, #7031, .T. ) ;
#2269 = ORIENTED_EDGE ( 'NONE', *, *, #1854, .T. ) ;
#2270 = PLANE ( 'NONE',  #3353 ) ;
#2271 = DIRECTION ( 'NONE',  ( 1.000000000000000000, 0.000000000000000000, 0.000000000000000000 ) ) ;
#2272 = AXIS2_PLACEMENT_3D ( 'NONE', #449, #1628, #1171 ) ;
#2273 = VECTOR ( 'NONE', #6632, 1000.000000000000000 ) ;
#2274 =( LENGTH_UNIT ( ) NAMED_UNIT ( * ) SI_UNIT ( .MILLI., .METRE. ) );
#2275 = ORIENTED_EDGE ( 'NONE', *, *, #597, .T. ) ;
#2276 = FACE_OUTER_BOUND ( 'NONE', #4407, .T. ) ;
#2277 = CARTESIAN_POINT ( 'NONE',  ( 0.000000000000000000, 1.750000000000000000, -4.831420105473557491 ) ) ;
#2278 = VECTOR ( 'NONE', #41, 1000.000000000000227 ) ;
#2279 = EDGE_CURVE ( 'NONE', #7493, #7421, #6224, .T. ) ;
#2280 = VERTEX_POINT ( 'NONE', #6074 ) ;
#2281 = VERTEX_POINT ( 'NONE', #7266 ) ;
#2282 = CARTESIAN_POINT ( 'NONE',  ( -1.949999999999999956, 1.077499999999984803, 0.8399999999999996358 ) ) ;
#2283 = EDGE_LOOP ( 'NONE', ( #6724, #7123, #4555, #7552 ) ) ;
#2284 = FACE_OUTER_BOUND ( 'NONE', #7343, .T. ) ;
#2285 = VECTOR ( 'NONE', #2819, 1000.000000000000227 ) ;
#2286 = EDGE_CURVE ( 'NONE', #3488, #5310, #2024, .T. ) ;
#2287 = DIRECTION ( 'NONE',  ( -1.000000000000000000, 0.000000000000000000, 0.000000000000000000 ) ) ;
#2288 = SURFACE_STYLE_FILL_AREA ( #5202 ) ;
#2289 = VERTEX_POINT ( 'NONE', #6187 ) ;
#2290 = AXIS2_PLACEMENT_3D ( 'NONE', #2252, #5253, #5722 ) ;
#2291 = DIRECTION ( 'NONE',  ( -1.000000000000000000, 0.000000000000000000, 0.000000000000000000 ) ) ;
#2292 = CARTESIAN_POINT ( 'NONE',  ( 2.392909663932662134, 0.04159826839416821964, -2.970000000000000639 ) ) ;
#2293 = CARTESIAN_POINT ( 'NONE',  ( 2.095000000000000195, 0.8325000000000144507, -2.970000000000000639 ) ) ;
#2294 = EDGE_CURVE ( 'NONE', #5473, #4474, #4946, .T. ) ;
#2295 = DIRECTION ( 'NONE',  ( -0.000000000000000000, 0.000000000000000000, -1.000000000000000000 ) ) ;
#2296 = ORIENTED_EDGE ( 'NONE', *, *, #2625, .F. ) ;
#2297 = DIRECTION ( 'NONE',  ( -0.000000000000000000, -0.000000000000000000, -1.000000000000000000 ) ) ;
#2298 = LINE ( 'NONE', #5910, #1624 ) ;
#2299 = STYLED_ITEM ( 'NONE', ( #1600 ), #4461 ) ;
#2300 = VECTOR ( 'NONE', #7231, 1000.000000000000227 ) ;
#2301 = ORIENTED_EDGE ( 'NONE', *, *, #1062, .F. ) ;
#2302 = EDGE_LOOP ( 'NONE', ( #553, #2370, #6026, #7194 ) ) ;
#2303 = LINE ( 'NONE', #4723, #5713 ) ;
#2304 = EDGE_CURVE ( 'NONE', #718, #5485, #2725, .T. ) ;
#2305 = DIRECTION ( 'NONE',  ( 1.000000000000000000, -7.477256361968987358E-16, 0.000000000000000000 ) ) ;
#2306 = DIRECTION ( 'NONE',  ( 7.477256361968987358E-16, 1.000000000000000000, -0.000000000000000000 ) ) ;
#2307 = ORIENTED_EDGE ( 'NONE', *, *, #1813, .T. ) ;
#2308 = EDGE_CURVE ( 'NONE', #1802, #5937, #3265, .T. ) ;
#2309 = VECTOR ( 'NONE', #4466, 1000.000000000000000 ) ;
#2310 = CARTESIAN_POINT ( 'NONE',  ( -2.095000000000000195, 1.077499999999984803, 0.8399999999999996358 ) ) ;
#2311 = EDGE_LOOP ( 'NONE', ( #6636, #3718, #5771, #4093 ) ) ;
#2312 = EDGE_LOOP ( 'NONE', ( #2199, #6300, #3465, #4706 ) ) ;
#2313 = LINE ( 'NONE', #4576, #3094 ) ;
#2314 = FACE_OUTER_BOUND ( 'NONE', #2136, .T. ) ;
#2315 = CARTESIAN_POINT ( 'NONE',  ( 2.165000000000000480, 0.8325000000000144507, -2.110000000000000320 ) ) ;
#2316 = VERTEX_POINT ( 'NONE', #4909 ) ;
#2317 = CARTESIAN_POINT ( 'NONE',  ( -2.339999999999970104, 0.2860014607077954185, -4.650000000000000355 ) ) ;
#2318 = CARTESIAN_POINT ( 'NONE',  ( 2.409999999999970832, 0.2860014607077954185, 4.649999999999999467 ) ) ;
#2319 = VERTEX_POINT ( 'NONE', #4986 ) ;
#2320 = VERTEX_POINT ( 'NONE', #5020 ) ;
#2321 = DIRECTION ( 'NONE',  ( 0.000000000000000000, 0.000000000000000000, 1.000000000000000000 ) ) ;
#2322 = FACE_OUTER_BOUND ( 'NONE', #4169, .T. ) ;
#2323 = CARTESIAN_POINT ( 'NONE',  ( -1.949999999999999956, 0.9025000000000144018, -4.650000000000000355 ) ) ;
#2324 = PLANE ( 'NONE',  #2034 ) ;
#2325 =( NAMED_UNIT ( * ) PLANE_ANGLE_UNIT ( ) SI_UNIT ( $, .RADIAN. ) );
#2326 = EDGE_CURVE ( 'NONE', #693, #511, #5610, .T. ) ;
#2327 = EDGE_CURVE ( 'NONE', #2319, #6030, #1368, .T. ) ;
#2328 = ORIENTED_EDGE ( 'NONE', *, *, #4205, .T. ) ;
#2329 = DIRECTION ( 'NONE',  ( -0.000000000000000000, -0.000000000000000000, -1.000000000000000000 ) ) ;
#2330 = DIRECTION ( 'NONE',  ( -0.000000000000000000, -0.000000000000000000, -1.000000000000000000 ) ) ;
#2331 = DIRECTION ( 'NONE',  ( -0.000000000000000000, -0.000000000000000000, -1.000000000000000000 ) ) ;
#2332 = DIRECTION ( 'NONE',  ( 1.000000000000000000, 0.000000000000000000, 0.000000000000000000 ) ) ;
#2333 = PLANE ( 'NONE',  #4979 ) ;
#2334 = LINE ( 'NONE', #4649, #774 ) ;
#2335 = ORIENTED_EDGE ( 'NONE', *, *, #2073, .F. ) ;
#2336 = ADVANCED_FACE ( 'NONE', ( #5645 ), #3890, .F. ) ;
#2337 = ORIENTED_EDGE ( 'NONE', *, *, #3566, .F. ) ;
#2338 = DIRECTION ( 'NONE',  ( 1.000000000000000000, 0.000000000000000000, 0.000000000000000000 ) ) ;
#2339 = CARTESIAN_POINT ( 'NONE',  ( -1.949999999999999956, 0.9025000000000144018, -2.110000000000000320 ) ) ;
#2340 = CARTESIAN_POINT ( 'NONE',  ( 2.095000000000000195, 1.077499999999984803, 3.379999999999999449 ) ) ;
#2341 = ORIENTED_EDGE ( 'NONE', *, *, #6075, .F. ) ;
#2342 = EDGE_CURVE ( 'NONE', #6340, #4150, #5498, .T. ) ;
#2343 = VECTOR ( 'NONE', #358, 1000.000000000000000 ) ;
#2344 = SURFACE_STYLE_USAGE ( .BOTH. , #7043 ) ;
#2345 = ORIENTED_EDGE ( 'NONE', *, *, #2304, .F. ) ;
#2346 = ORIENTED_EDGE ( 'NONE', *, *, #3737, .F. ) ;
#2347 = ORIENTED_EDGE ( 'NONE', *, *, #3343, .F. ) ;
#2348 = DIRECTION ( 'NONE',  ( -1.000000000000000000, 0.000000000000000000, 0.000000000000000000 ) ) ;
#2349 = DIRECTION ( 'NONE',  ( -1.000000000000000000, 0.000000000000000000, 0.000000000000000000 ) ) ;
#2350 = LINE ( 'NONE', #5345, #2020 ) ;
#2351 = DIRECTION ( 'NONE',  ( -1.000000000000000000, 0.000000000000000000, 0.000000000000000000 ) ) ;
#2352 = ORIENTED_EDGE ( 'NONE', *, *, #4756, .F. ) ;
#2353 = ORIENTED_EDGE ( 'NONE', *, *, #3396, .T. ) ;
#2354 = AXIS2_PLACEMENT_3D ( 'NONE', #7097, #5383, #3694 ) ;
#2355 = CARTESIAN_POINT ( 'NONE',  ( 2.339999999999970548, 0.8325000000000144507, -4.240000000000001101 ) ) ;
#2356 = VERTEX_POINT ( 'NONE', #5530 ) ;
#2357 = PLANE ( 'NONE',  #1535 ) ;
#2358 = SURFACE_STYLE_FILL_AREA ( #42 ) ;
#2359 = DIRECTION ( 'NONE',  ( -1.000000000000000000, -7.477256361968987358E-16, 0.000000000000000000 ) ) ;
#2360 = AXIS2_PLACEMENT_3D ( 'NONE', #1089, #3953, #4037 ) ;
#2361 = DIRECTION ( 'NONE',  ( -0.9975640502598241977, 0.06975647374412531632, 0.000000000000000000 ) ) ;
#2362 = VECTOR ( 'NONE', #4465, 1000.000000000000000 ) ;
#2363 = CARTESIAN_POINT ( 'NONE',  ( -2.987792617094780834, 5.421010862427522170E-16, -1.700000000000000622 ) ) ;
#2364 = CARTESIAN_POINT ( 'NONE',  ( -2.165000000000000036, 0.8325000000000144507, -1.700000000000000622 ) ) ;
#2365 = FACE_OUTER_BOUND ( 'NONE', #1803, .T. ) ;
#2366 = DIRECTION ( 'NONE',  ( -0.000000000000000000, -0.000000000000000000, -1.000000000000000000 ) ) ;
#2367 = VECTOR ( 'NONE', #6027, 1000.000000000000227 ) ;
#2368 = VECTOR ( 'NONE', #4768, 1000.000000000000000 ) ;
#2369 = EDGE_CURVE ( 'NONE', #29, #693, #6148, .T. ) ;
#2370 = ORIENTED_EDGE ( 'NONE', *, *, #5258, .F. ) ;
#2371 = CARTESIAN_POINT ( 'NONE',  ( -3.000000000000000000, 0.1745737087954402911, 3.379999999999999449 ) ) ;
#2372 = LINE ( 'NONE', #3545, #4202 ) ;
#2373 = ORIENTED_EDGE ( 'NONE', *, *, #2221, .T. ) ;
#2374 = AXIS2_PLACEMENT_3D ( 'NONE', #4243, #4204, #3772 ) ;
#2375 = LINE ( 'NONE', #7589, #7046 ) ;
#2376 = ORIENTED_EDGE ( 'NONE', *, *, #5251, .F. ) ;
#2377 = EDGE_CURVE ( 'NONE', #5626, #3183, #7387, .T. ) ;
#2378 = EDGE_CURVE ( 'NONE', #3860, #6631, #6723, .T. ) ;
#2379 = VECTOR ( 'NONE', #5192, 1000.000000000000000 ) ;
#2380 = DIRECTION ( 'NONE',  ( -0.000000000000000000, -0.000000000000000000, -1.000000000000000000 ) ) ;
#2381 = ORIENTED_EDGE ( 'NONE', *, *, #3472, .T. ) ;
#2382 = ORIENTED_EDGE ( 'NONE', *, *, #7088, .T. ) ;
#2383 = CARTESIAN_POINT ( 'NONE',  ( 2.095000000000000195, 0.8325000000000144507, -1.700000000000000622 ) ) ;
#2384 = CARTESIAN_POINT ( 'NONE',  ( 2.095000000000000195, 0.8325000000000144507, -2.110000000000000320 ) ) ;
#2385 = EDGE_LOOP ( 'NONE', ( #6223, #3838, #3690, #3871 ) ) ;
#2386 =( NAMED_UNIT ( * ) SI_UNIT ( $, .STERADIAN. ) SOLID_ANGLE_UNIT ( ) );
#2387 = DIRECTION ( 'NONE',  ( 1.000000000000000000, 0.000000000000000000, 0.000000000000000000 ) ) ;
#2388 = CIRCLE ( 'NONE', #6806, 0.07000000000000061728 ) ;
#2389 = PLANE ( 'NONE',  #3010 ) ;
#2390 = ORIENTED_EDGE ( 'NONE', *, *, #3632, .T. ) ;
#2391 = VERTEX_POINT ( 'NONE', #3227 ) ;
#2392 = CARTESIAN_POINT ( 'NONE',  ( -2.165000000000000036, 0.8325000000000144507, 0.4299999999999998268 ) ) ;
#2393 = CARTESIAN_POINT ( 'NONE',  ( 2.095000000000000195, 0.8325000000000144507, 4.649999999999999467 ) ) ;
#2394 = DIRECTION ( 'NONE',  ( -0.000000000000000000, 1.000000000000000000, -0.000000000000000000 ) ) ;
#2395 = EDGE_CURVE ( 'NONE', #1218, #4083, #4449, .T. ) ;
#2396 = CARTESIAN_POINT ( 'NONE',  ( 2.095000000000000195, 0.8325000000000144507, 2.109999999999999876 ) ) ;
#2397 = VECTOR ( 'NONE', #3635, 1000.000000000000000 ) ;
#2398 = AXIS2_PLACEMENT_3D ( 'NONE', #971, #5089, #6829 ) ;
#2399 = EDGE_CURVE ( 'NONE', #3741, #529, #5083, .T. ) ;
#2400 = EDGE_CURVE ( 'NONE', #6831, #3185, #2134, .T. ) ;
#2401 = ORIENTED_EDGE ( 'NONE', *, *, #6507, .F. ) ;
#2402 = CARTESIAN_POINT ( 'NONE',  ( 2.392909663932662134, 0.04159826839416821964, 4.649999999999999467 ) ) ;
#2403 = VECTOR ( 'NONE', #5946, 1000.000000000000000 ) ;
#2404 = VECTOR ( 'NONE', #1278, 1000.000000000000000 ) ;
#2405 = CARTESIAN_POINT ( 'NONE',  ( 1.949999999999999956, 0.9025000000000144018, 3.379999999999999449 ) ) ;
#2406 = CARTESIAN_POINT ( 'NONE',  ( 1.949999999999999956, 1.077499999999984803, -0.4300000000000007150 ) ) ;
#2407 = DIRECTION ( 'NONE',  ( 0.000000000000000000, 0.000000000000000000, 1.000000000000000000 ) ) ;
#2408 = CARTESIAN_POINT ( 'NONE',  ( 2.165000000000000036, 0.2860014607077954740, -0.4300000000000007150 ) ) ;
#2409 = CARTESIAN_POINT ( 'NONE',  ( 1.949999999999999956, 1.077499999999984803, 0.8399999999999996358 ) ) ;
#2410 = CIRCLE ( 'NONE', #6091, 0.2449999999999704914 ) ;
#2411 = EDGE_LOOP ( 'NONE', ( #1447, #6418, #4945, #4609 ) ) ;
#2412 = EDGE_CURVE ( 'NONE', #6008, #5055, #6759, .T. ) ;
#2413 = CARTESIAN_POINT ( 'NONE',  ( -2.409999999999970832, 0.2860014607077954185, 2.969999999999999751 ) ) ;
#2414 = VECTOR ( 'NONE', #4273, 1000.000000000000000 ) ;
#2415 = PLANE ( 'NONE',  #2100 ) ;
#2416 = LINE ( 'NONE', #1097, #6788 ) ;
#2417 = ORIENTED_EDGE ( 'NONE', *, *, #3957, .T. ) ;
#2418 = EDGE_CURVE ( 'NONE', #5840, #1548, #6887, .T. ) ;
#2419 = VECTOR ( 'NONE', #7508, 1000.000000000000000 ) ;
#2420 = LINE ( 'NONE', #4765, #123 ) ;
#2421 = ORIENTED_EDGE ( 'NONE', *, *, #4249, .T. ) ;
#2422 = ORIENTED_EDGE ( 'NONE', *, *, #1814, .F. ) ;
#2423 = EDGE_CURVE ( 'NONE', #914, #5765, #7474, .T. ) ;
#2424 = DIRECTION ( 'NONE',  ( 1.000000000000000000, 0.000000000000000000, 0.000000000000000000 ) ) ;
#2425 = DIRECTION ( 'NONE',  ( -0.1710878697460323783, 0.9702875252478150303, 0.1710878697460323783 ) ) ;
#2426 = CARTESIAN_POINT ( 'NONE',  ( 2.405117046837882633, 0.2161719771896072062, 2.969999999999999751 ) ) ;
#2427 = DIRECTION ( 'NONE',  ( 2.380688169208303900E-15, -1.000000000000000000, 0.000000000000000000 ) ) ;
#2428 = COLOUR_RGB ( '',0.7921568627450980005, 0.8196078431372548767, 0.9333333333333333481 ) ;
#2429 = CARTESIAN_POINT ( 'NONE',  ( 2.165000000000000480, 0.8325000000000144507, 2.109999999999999876 ) ) ;
#2430 = EDGE_CURVE ( 'NONE', #6204, #6826, #6302, .T. ) ;
#2431 = ORIENTED_EDGE ( 'NONE', *, *, #2430, .F. ) ;
#2432 = ORIENTED_EDGE ( 'NONE', *, *, #3396, .F. ) ;
#2433 = DIRECTION ( 'NONE',  ( 0.000000000000000000, -1.000000000000000000, 0.000000000000000000 ) ) ;
#2434 = EDGE_LOOP ( 'NONE', ( #5495, #3046, #5104, #970, #2431, #3792, #3543, #5883, #6385, #6718, #4898, #3640 ) ) ;
#2435 = LINE ( 'NONE', #6434, #4139 ) ;
#2436 = CARTESIAN_POINT ( 'NONE',  ( 3.000000000000000000, 0.1745737087954402911, 1.700000000000000178 ) ) ;
#2437 = VECTOR ( 'NONE', #4952, 1000.000000000000000 ) ;
#2438 = ADVANCED_FACE ( 'NONE', ( #5109 ), #2811, .F. ) ;
#2439 = PLANE ( 'NONE',  #4269 ) ;
#2440 = DIRECTION ( 'NONE',  ( -1.000000000000000000, -0.000000000000000000, -0.000000000000000000 ) ) ;
#2441 = DIRECTION ( 'NONE',  ( -0.000000000000000000, -0.000000000000000000, -1.000000000000000000 ) ) ;
#2442 = DIRECTION ( 'NONE',  ( 0.000000000000000000, 0.000000000000000000, 1.000000000000000000 ) ) ;
#2443 = FACE_OUTER_BOUND ( 'NONE', #3928, .T. ) ;
#2444 = CARTESIAN_POINT ( 'NONE',  ( 1.949999999999999956, 0.9025000000000144018, 3.379999999999999449 ) ) ;
#2445 = VERTEX_POINT ( 'NONE', #5732 ) ;
#2446 = EDGE_CURVE ( 'NONE', #616, #3121, #3341, .T. ) ;
#2447 = CARTESIAN_POINT ( 'NONE',  ( -1.949999999999999956, 1.077499999999984803, 1.700000000000000178 ) ) ;
#2448 = CARTESIAN_POINT ( 'NONE',  ( -2.409999999999970832, 0.2860014607077954185, 4.649999999999999467 ) ) ;
#2449 = CARTESIAN_POINT ( 'NONE',  ( -3.000000000000000000, 0.1745737087954402911, -0.8400000000000005240 ) ) ;
#2450 = ORIENTED_EDGE ( 'NONE', *, *, #1417, .F. ) ;
#2451 = ORIENTED_EDGE ( 'NONE', *, *, #746, .T. ) ;
#2452 = VERTEX_POINT ( 'NONE', #1687 ) ;
#2453 = CARTESIAN_POINT ( 'NONE',  ( -2.095000000000000195, 0.8325000000000144507, -2.970000000000000639 ) ) ;
#2454 = LINE ( 'NONE', #1842, #3970 ) ;
#2455 = DIRECTION ( 'NONE',  ( 1.000000000000000000, -7.477256361968987358E-16, 0.000000000000000000 ) ) ;
#2456 = DIRECTION ( 'NONE',  ( -0.000000000000000000, -0.000000000000000000, -1.000000000000000000 ) ) ;
#2457 = EDGE_CURVE ( 'NONE', #2633, #6943, #500, .T. ) ;
#2458 = ORIENTED_EDGE ( 'NONE', *, *, #6776, .T. ) ;
#2459 = VERTEX_POINT ( 'NONE', #3966 ) ;
#2460 = DIRECTION ( 'NONE',  ( 0.06975647374412533019, -0.9975640502598243087, 0.000000000000000000 ) ) ;
#2461 = CARTESIAN_POINT ( 'NONE',  ( -2.409999999999970832, 0.2860014607077954185, -4.240000000000001101 ) ) ;
#2462 = EDGE_CURVE ( 'NONE', #427, #5205, #5703, .T. ) ;
#2463 = DIRECTION ( 'NONE',  ( -0.000000000000000000, -0.000000000000000000, -1.000000000000000000 ) ) ;
#2464 = LINE ( 'NONE', #4781, #1397 ) ;
#2465 = DIRECTION ( 'NONE',  ( -1.000000000000000000, 0.000000000000000000, 0.000000000000000000 ) ) ;
#2466 = ADVANCED_FACE ( 'NONE', ( #1641 ), #1561, .T. ) ;
#2467 = EDGE_CURVE ( 'NONE', #4983, #4373, #2220, .T. ) ;
#2468 = VERTEX_POINT ( 'NONE', #463 ) ;
#2469 = CARTESIAN_POINT ( 'NONE',  ( 3.000000000000000000, 0.1745737087954402911, -4.650000000000000355 ) ) ;
#2470 = LINE ( 'NONE', #5907, #4131 ) ;
#2471 = CARTESIAN_POINT ( 'NONE',  ( -2.095000000000000195, 1.077499999999984803, -2.110000000000000320 ) ) ;
#2472 = VECTOR ( 'NONE', #1128, 1000.000000000000000 ) ;
#2473 = CARTESIAN_POINT ( 'NONE',  ( -1.949999999999999956, 1.750000000000000000, -4.831420105473557491 ) ) ;
#2474 = VECTOR ( 'NONE', #2194, 1000.000000000000000 ) ;
#2475 = ORIENTED_EDGE ( 'NONE', *, *, #3930, .T. ) ;
#2476 = PLANE ( 'NONE',  #4007 ) ;
#2477 = LINE ( 'NONE', #4795, #5174 ) ;
#2478 = VERTEX_POINT ( 'NONE', #7505 ) ;
#2479 = DIRECTION ( 'NONE',  ( 0.9975640502598241977, -0.06975647374412548285, 0.000000000000000000 ) ) ;
#2480 = ADVANCED_FACE ( 'NONE', ( #3426 ), #4533, .F. ) ;
#2481 = VECTOR ( 'NONE', #3813, 1000.000000000000000 ) ;
#2482 = EDGE_CURVE ( 'NONE', #7120, #3378, #6548, .T. ) ;
#2483 = ADVANCED_FACE ( 'NONE', ( #6591 ), #4749, .F. ) ;
#2484 = EDGE_LOOP ( 'NONE', ( #4802, #5410, #4817, #7199 ) ) ;
#2485 = DIRECTION ( 'NONE',  ( 0.9975640502598244197, 0.06975647374412290158, -0.000000000000000000 ) ) ;
#2486 = ORIENTED_EDGE ( 'NONE', *, *, #1349, .T. ) ;
#2487 = ORIENTED_EDGE ( 'NONE', *, *, #4908, .F. ) ;
#2488 = AXIS2_PLACEMENT_3D ( 'NONE', #6750, #2676, #3997 ) ;
#2489 = CLOSED_SHELL ( 'NONE', ( #6468, #5931, #434, #7008, #3051, #2986, #7473, #790, #1622, #7361, #7180, #7342, #3516, #7111 ) ) ;
#2490 = DIRECTION ( 'NONE',  ( 0.000000000000000000, 0.1736481776669271115, 0.9848077530122086864 ) ) ;
#2491 = CARTESIAN_POINT ( 'NONE',  ( -0.8460992580090017645, 2.570586243606247656, 4.686728610727569411 ) ) ;
#2492 = DIRECTION ( 'NONE',  ( -0.000000000000000000, 1.000000000000000000, -0.000000000000000000 ) ) ;
#2493 = LINE ( 'NONE', #5347, #3626 ) ;
#2494 = AXIS2_PLACEMENT_3D ( 'NONE', #6869, #2669, #6777 ) ;
#2495 = ORIENTED_EDGE ( 'NONE', *, *, #3541, .T. ) ;
#2496 = ORIENTED_EDGE ( 'NONE', *, *, #6075, .T. ) ;
#2497 = DIRECTION ( 'NONE',  ( 0.000000000000000000, -0.000000000000000000, -1.000000000000000000 ) ) ;
#2498 = DIRECTION ( 'NONE',  ( 0.000000000000000000, 0.000000000000000000, 1.000000000000000000 ) ) ;
#2499 = AXIS2_PLACEMENT_3D ( 'NONE', #4508, #1572, #2660 ) ;
#2500 = EDGE_CURVE ( 'NONE', #4845, #6820, #5833, .T. ) ;
#2501 = LINE ( 'NONE', #3199, #4969 ) ;
#2502 = CARTESIAN_POINT ( 'NONE',  ( 1.949999999999999956, 0.9025000000000144018, 4.649999999999999467 ) ) ;
#2503 = DIRECTION ( 'NONE',  ( 0.9975640502598241977, -0.06975647374412548285, 0.000000000000000000 ) ) ;
#2504 = EDGE_CURVE ( 'NONE', #3183, #6068, #120, .T. ) ;
#2505 = VECTOR ( 'NONE', #3558, 1000.000000000000227 ) ;
#2506 = AXIS2_PLACEMENT_3D ( 'NONE', #2260, #384, #460 ) ;
#2507 = ORIENTED_EDGE ( 'NONE', *, *, #3978, .T. ) ;
#2508 = DIRECTION ( 'NONE',  ( 0.000000000000000000, 0.000000000000000000, 1.000000000000000000 ) ) ;
#2509 = EDGE_CURVE ( 'NONE', #2880, #4230, #6513, .T. ) ;
#2510 = CARTESIAN_POINT ( 'NONE',  ( -2.095000000000000195, 0.8325000000000144507, 0.4299999999999998268 ) ) ;
#2511 = AXIS2_PLACEMENT_3D ( 'NONE', #263, #376, #5010 ) ;
#2512 = VECTOR ( 'NONE', #5404, 1000.000000000000000 ) ;
#2513 = CARTESIAN_POINT ( 'NONE',  ( 1.949999999999999956, -10.64048871058091983, -4.950000000000000178 ) ) ;
#2514 = DIRECTION ( 'NONE',  ( -0.000000000000000000, -0.000000000000000000, -1.000000000000000000 ) ) ;
#2515 = ORIENTED_EDGE ( 'NONE', *, *, #4040, .F. ) ;
#2516 = AXIS2_PLACEMENT_3D ( 'NONE', #3098, #5432, #6557 ) ;
#2517 = CIRCLE ( 'NONE', #4743, 0.2449999999999704914 ) ;
#2518 = VERTEX_POINT ( 'NONE', #3636 ) ;
#2519 = DIRECTION ( 'NONE',  ( 1.000000000000000000, 0.000000000000000000, 0.000000000000000000 ) ) ;
#2520 = CARTESIAN_POINT ( 'NONE',  ( -2.164999999999999591, 0.2860014607077954740, -0.8400000000000005240 ) ) ;
#2521 = VERTEX_POINT ( 'NONE', #6476 ) ;
#2522 = FACE_OUTER_BOUND ( 'NONE', #1104, .T. ) ;
#2523 = CIRCLE ( 'NONE', #922, 0.2449999999999704914 ) ;
#2524 = VECTOR ( 'NONE', #1895, 1000.000000000000000 ) ;
#2525 = EDGE_CURVE ( 'NONE', #3017, #4579, #5312, .T. ) ;
#2526 = LINE ( 'NONE', #5560, #6976 ) ;
#2527 = ORIENTED_EDGE ( 'NONE', *, *, #3120, .F. ) ;
#2528 = AXIS2_PLACEMENT_3D ( 'NONE', #5637, #6254, #858 ) ;
#2529 = ORIENTED_EDGE ( 'NONE', *, *, #2647, .T. ) ;
#2530 = CARTESIAN_POINT ( 'NONE',  ( 2.095000000000000195, 0.8325000000000144507, 0.8399999999999996358 ) ) ;
#2531 = PRESENTATION_STYLE_ASSIGNMENT (( #209 ) ) ;
#2532 = EDGE_CURVE ( 'NONE', #6494, #3278, #3061, .T. ) ;
#2533 = DIRECTION ( 'NONE',  ( -0.000000000000000000, -0.000000000000000000, -1.000000000000000000 ) ) ;
#2534 = VERTEX_POINT ( 'NONE', #2502 ) ;
#2535 = ORIENTED_EDGE ( 'NONE', *, *, #1189, .T. ) ;
#2536 = LINE ( 'NONE', #4884, #3814 ) ;
#2537 = CARTESIAN_POINT ( 'NONE',  ( 1.949999999999999956, 0.9025000000000144018, 1.700000000000000178 ) ) ;
#2538 = AXIS2_PLACEMENT_3D ( 'NONE', #3110, #3148, #5449 ) ;
#2539 = DIRECTION ( 'NONE',  ( -0.06975647374412290158, -0.9975640502598244197, 0.000000000000000000 ) ) ;
#2540 = CARTESIAN_POINT ( 'NONE',  ( -1.949999999999999956, 0.9025000000000144018, -4.240000000000001101 ) ) ;
#2541 = SURFACE_STYLE_FILL_AREA ( #1380 ) ;
#2542 = EDGE_LOOP ( 'NONE', ( #3728, #1338, #5175, #827 ) ) ;
#2543 = VECTOR ( 'NONE', #1116, 1000.000000000000114 ) ;
#2544 = VERTEX_POINT ( 'NONE', #2436 ) ;
#2545 = DIRECTION ( 'NONE',  ( 0.000000000000000000, 0.000000000000000000, 1.000000000000000000 ) ) ;
#2546 = FACE_OUTER_BOUND ( 'NONE', #169, .T. ) ;
#2547 = EDGE_CURVE ( 'NONE', #6076, #1682, #2628, .T. ) ;
#2548 = DIRECTION ( 'NONE',  ( 0.000000000000000000, 1.000000000000000000, 0.000000000000000000 ) ) ;
#2549 = CARTESIAN_POINT ( 'NONE',  ( -2.409999999999970832, 0.2860014607077954185, -0.4300000000000007150 ) ) ;
#2550 = EDGE_CURVE ( 'NONE', #4864, #616, #2464, .T. ) ;
#2551 = DIRECTION ( 'NONE',  ( -0.000000000000000000, -0.000000000000000000, -1.000000000000000000 ) ) ;
#2552 = FACE_OUTER_BOUND ( 'NONE', #975, .T. ) ;
#2553 = LINE ( 'NONE', #345, #5929 ) ;
#2554 = ORIENTED_EDGE ( 'NONE', *, *, #2769, .T. ) ;
#2555 = DIRECTION ( 'NONE',  ( -0.000000000000000000, -0.000000000000000000, -1.000000000000000000 ) ) ;
#2556 = ORIENTED_EDGE ( 'NONE', *, *, #5263, .T. ) ;
#2557 = CARTESIAN_POINT ( 'NONE',  ( 2.165000000000000480, 0.8325000000000144507, 4.240000000000000213 ) ) ;
#2558 = ORIENTED_EDGE ( 'NONE', *, *, #4828, .T. ) ;
#2559 = ORIENTED_EDGE ( 'NONE', *, *, #1025, .F. ) ;
#2560 = PLANE ( 'NONE',  #554 ) ;
#2561 = FILL_AREA_STYLE ('',( #5528 ) ) ;
#2562 = DIRECTION ( 'NONE',  ( -0.9848077530122086864, 0.1736481776669271115, 0.000000000000000000 ) ) ;
#2563 = EDGE_CURVE ( 'NONE', #2544, #482, #738, .T. ) ;
#2564 = ORIENTED_EDGE ( 'NONE', *, *, #159, .T. ) ;
#2565 = ORIENTED_EDGE ( 'NONE', *, *, #7457, .F. ) ;
#2566 = CARTESIAN_POINT ( 'NONE',  ( -2.339999999999970104, 0.2860014607077954185, -0.8400000000000005240 ) ) ;
#2567 = LINE ( 'NONE', #5976, #1258 ) ;
#2568 = CARTESIAN_POINT ( 'NONE',  ( 2.987792617094780834, 5.421010862427522170E-16, 3.379999999999999449 ) ) ;
#2569 = DIRECTION ( 'NONE',  ( 0.000000000000000000, 0.000000000000000000, 1.000000000000000000 ) ) ;
#2570 = DIRECTION ( 'NONE',  ( -0.9975640502598244197, 0.06975647374412290158, 0.000000000000000000 ) ) ;
#2571 = ORIENTED_EDGE ( 'NONE', *, *, #5395, .F. ) ;
#2572 =( LENGTH_UNIT ( ) NAMED_UNIT ( * ) SI_UNIT ( .MILLI., .METRE. ) );
#2573 = EDGE_CURVE ( 'NONE', #6978, #5181, #7141, .T. ) ;
#2574 = EDGE_LOOP ( 'NONE', ( #7002, #2718, #7468, #6229 ) ) ;
#2575 = DIRECTION ( 'NONE',  ( -1.000000000000000000, 0.000000000000000000, 0.000000000000000000 ) ) ;
#2576 = CARTESIAN_POINT ( 'NONE',  ( -2.165000000000000036, 0.8325000000000144507, 2.109999999999999876 ) ) ;
#2577 = DIRECTION ( 'NONE',  ( -1.000000000000000000, 0.000000000000000000, 0.000000000000000000 ) ) ;
#2578 = DIRECTION ( 'NONE',  ( -0.000000000000000000, -0.000000000000000000, -1.000000000000000000 ) ) ;
#2579 = VECTOR ( 'NONE', #4501, 1000.000000000000000 ) ;
#2580 = DIRECTION ( 'NONE',  ( -0.000000000000000000, -0.000000000000000000, -1.000000000000000000 ) ) ;
#2581 = AXIS2_PLACEMENT_3D ( 'NONE', #5058, #1683, #1290 ) ;
#2582 = CARTESIAN_POINT ( 'NONE',  ( 3.000000000000000000, 0.1745737087954402911, -1.700000000000000622 ) ) ;
#2583 = ADVANCED_FACE ( 'NONE', ( #7243 ), #6047, .T. ) ;
#2584 = PLANE ( 'NONE',  #4312 ) ;
#2585 = EDGE_LOOP ( 'NONE', ( #1960, #3468, #5808, #5287 ) ) ;
#2586 = PLANE ( 'NONE',  #106 ) ;
#2587 = PLANE ( 'NONE',  #4219 ) ;
#2588 = VECTOR ( 'NONE', #6621, 1000.000000000000000 ) ;
#2589 = AXIS2_PLACEMENT_3D ( 'NONE', #4755, #5908, #5399 ) ;
#2590 = ADVANCED_FACE ( 'NONE', ( #150 ), #4813, .F. ) ;
#2591 = ORIENTED_EDGE ( 'NONE', *, *, #6812, .F. ) ;
#2592 = PLANE ( 'NONE',  #3903 ) ;
#2593 = ORIENTED_EDGE ( 'NONE', *, *, #3427, .F. ) ;
#2594 = EDGE_LOOP ( 'NONE', ( #4396, #6219, #6305, #796 ) ) ;
#2595 = ORIENTED_EDGE ( 'NONE', *, *, #1563, .F. ) ;
#2596 = FACE_OUTER_BOUND ( 'NONE', #683, .T. ) ;
#2597 = EDGE_CURVE ( 'NONE', #1444, #718, #4738, .T. ) ;
#2598 = VECTOR ( 'NONE', #3555, 1000.000000000000227 ) ;
#2599 = EDGE_CURVE ( 'NONE', #6258, #4074, #629, .T. ) ;
#2600 = AXIS2_PLACEMENT_3D ( 'NONE', #618, #2490, #2348 ) ;
#2601 = FACE_OUTER_BOUND ( 'NONE', #5845, .T. ) ;
#2602 = VECTOR ( 'NONE', #639, 1000.000000000000000 ) ;
#2603 = CLOSED_SHELL ( 'NONE', ( #5928, #4476, #4803, #907, #7230, #4277, #5992, #640, #5007, #1140, #6693, #3686, #3173, #2006 ) ) ;
#2604 = ORIENTED_EDGE ( 'NONE', *, *, #949, .T. ) ;
#2605 = ORIENTED_EDGE ( 'NONE', *, *, #5827, .T. ) ;
#2606 = DIRECTION ( 'NONE',  ( 1.000000000000000000, 0.000000000000000000, 0.000000000000000000 ) ) ;
#2607 = CARTESIAN_POINT ( 'NONE',  ( 2.095000000000000195, 0.9025000000000146239, 4.649999999999999467 ) ) ;
#2608 = ADVANCED_FACE ( 'NONE', ( #1344 ), #4852, .T. ) ;
#2609 = DIRECTION ( 'NONE',  ( -0.000000000000000000, -0.000000000000000000, -1.000000000000000000 ) ) ;
#2610 = DIRECTION ( 'NONE',  ( -1.000000000000000000, 0.000000000000000000, 0.000000000000000000 ) ) ;
#2611 = CARTESIAN_POINT ( 'NONE',  ( 2.392909663932662134, 0.04159826839416821964, -3.380000000000000338 ) ) ;
#2612 = VECTOR ( 'NONE', #4140, 1000.000000000000000 ) ;
#2613 = AXIS2_PLACEMENT_3D ( 'NONE', #4380, #2107, #2777 ) ;
#2614 = ORIENTED_EDGE ( 'NONE', *, *, #2400, .T. ) ;
#2615 = ORIENTED_EDGE ( 'NONE', *, *, #3648, .T. ) ;
#2616 = VECTOR ( 'NONE', #6654, 1000.000000000000000 ) ;
#2617 = CARTESIAN_POINT ( 'NONE',  ( 2.095000000000000195, 0.8325000000000144507, -0.8400000000000005240 ) ) ;
#2618 = DIRECTION ( 'NONE',  ( -0.000000000000000000, -0.000000000000000000, -1.000000000000000000 ) ) ;
#2619 = EDGE_CURVE ( 'NONE', #7520, #7137, #2766, .T. ) ;
#2620 = FACE_OUTER_BOUND ( 'NONE', #2761, .T. ) ;
#2621 =( NAMED_UNIT ( * ) SI_UNIT ( $, .STERADIAN. ) SOLID_ANGLE_UNIT ( ) );
#2622 = EDGE_CURVE ( 'NONE', #3912, #4721, #935, .T. ) ;
#2623 = CARTESIAN_POINT ( 'NONE',  ( 2.095000000000000195, 1.077499999999984803, 0.4299999999999998268 ) ) ;
#2624 = CARTESIAN_POINT ( 'NONE',  ( 2.339999999999970548, 0.8325000000000144507, 1.700000000000000178 ) ) ;
#2625 = EDGE_CURVE ( 'NONE', #2356, #5053, #5215, .T. ) ;
#2626 = AXIS2_PLACEMENT_3D ( 'NONE', #1200, #5939, #3019 ) ;
#2627 = ORIENTED_EDGE ( 'NONE', *, *, #708, .F. ) ;
#2628 = CIRCLE ( 'NONE', #437, 0.07000000000000018707 ) ;
#2629 = VECTOR ( 'NONE', #1024, 1000.000000000000227 ) ;
#2630 = LINE ( 'NONE', #787, #6073 ) ;
#2631 = DIRECTION ( 'NONE',  ( 0.000000000000000000, 0.000000000000000000, -1.000000000000000000 ) ) ;
#2632 = PLANE ( 'NONE',  #7156 ) ;
#2633 = VERTEX_POINT ( 'NONE', #3213 ) ;
#2634 = LINE ( 'NONE', #2131, #4497 ) ;
#2635 = PLANE ( 'NONE',  #6549 ) ;
#2636 = VECTOR ( 'NONE', #2394, 1000.000000000000000 ) ;
#2637 = AXIS2_PLACEMENT_3D ( 'NONE', #3751, #1392, #5482 ) ;
#2638 = ADVANCED_FACE ( 'NONE', ( #2709 ), #3875, .F. ) ;
#2639 = EDGE_LOOP ( 'NONE', ( #5982, #1581, #2023, #1021 ) ) ;
#2640 = LINE ( 'NONE', #5490, #936 ) ;
#2641 = ORIENTED_EDGE ( 'NONE', *, *, #6266, .F. ) ;
#2642 = ORIENTED_EDGE ( 'NONE', *, *, #5476, .T. ) ;
#2643 = ORIENTED_EDGE ( 'NONE', *, *, #1164, .F. ) ;
#2644 = DIRECTION ( 'NONE',  ( -1.587125446138869267E-15, -1.000000000000000000, 0.000000000000000000 ) ) ;
#2645 = VECTOR ( 'NONE', #5353, 1000.000000000000000 ) ;
#2646 = ORIENTED_EDGE ( 'NONE', *, *, #5030, .F. ) ;
#2647 = EDGE_CURVE ( 'NONE', #419, #4647, #1550, .T. ) ;
#2648 = CARTESIAN_POINT ( 'NONE',  ( 2.409999999999970832, 0.2860014607077954185, -4.650000000000000355 ) ) ;
#2649 = EDGE_LOOP ( 'NONE', ( #2529, #757, #7500, #6000 ) ) ;
#2650 = VECTOR ( 'NONE', #2988, 1000.000000000000000 ) ;
#2651 = ADVANCED_FACE ( 'NONE', ( #4933 ), #2049, .T. ) ;
#2652 = VERTEX_POINT ( 'NONE', #4398 ) ;
#2653 = EDGE_LOOP ( 'NONE', ( #3979, #794, #5636, #7529, #1211 ) ) ;
#2654 = CYLINDRICAL_SURFACE ( 'NONE', #1111, 0.07000000000000061728 ) ;
#2655 = CARTESIAN_POINT ( 'NONE',  ( -2.409999999999970832, 0.2860014607077954185, -2.970000000000000639 ) ) ;
#2656 = DIRECTION ( 'NONE',  ( -0.000000000000000000, 1.000000000000000000, -0.000000000000000000 ) ) ;
#2657 = LINE ( 'NONE', #6196, #801 ) ;
#2658 = DIRECTION ( 'NONE',  ( -2.380688169208303900E-15, 1.000000000000000000, -0.000000000000000000 ) ) ;
#2659 = VECTOR ( 'NONE', #7404, 1000.000000000000000 ) ;
#2660 = DIRECTION ( 'NONE',  ( -1.000000000000000000, 0.000000000000000000, 0.000000000000000000 ) ) ;
#2661 = ADVANCED_FACE ( 'NONE', ( #1432 ), #6747, .F. ) ;
#2662 = ORIENTED_EDGE ( 'NONE', *, *, #732, .T. ) ;
#2663 = VECTOR ( 'NONE', #203, 1000.000000000000114 ) ;
#2664 = CARTESIAN_POINT ( 'NONE',  ( 2.165000000000000480, 0.8325000000000144507, -0.4300000000000007150 ) ) ;
#2665 = CARTESIAN_POINT ( 'NONE',  ( -2.095000000000000195, 0.9025000000000142908, -3.380000000000000338 ) ) ;
#2666 = EDGE_LOOP ( 'NONE', ( #5396, #4981, #4910, #386 ) ) ;
#2667 = DIRECTION ( 'NONE',  ( -0.000000000000000000, -0.000000000000000000, -1.000000000000000000 ) ) ;
#2668 = DIRECTION ( 'NONE',  ( 1.000000000000000000, 0.000000000000000000, -0.000000000000000000 ) ) ;
#2669 = DIRECTION ( 'NONE',  ( 0.000000000000000000, 0.000000000000000000, 1.000000000000000000 ) ) ;
#2670 = CIRCLE ( 'NONE', #6979, 0.07000000000000061728 ) ;
#2671 = ADVANCED_FACE ( 'NONE', ( #2552 ), #823, .F. ) ;
#2672 = DIRECTION ( 'NONE',  ( -0.000000000000000000, 1.000000000000000000, -0.000000000000000000 ) ) ;
#2673 = LINE ( 'NONE', #7372, #5712 ) ;
#2674 = DIRECTION ( 'NONE',  ( -0.000000000000000000, -0.000000000000000000, -1.000000000000000000 ) ) ;
#2675 = LINE ( 'NONE', #5673, #4370 ) ;
#2676 = DIRECTION ( 'NONE',  ( 0.06975647374412533019, -0.9975640502598243087, 0.000000000000000000 ) ) ;
#2677 = ORIENTED_EDGE ( 'NONE', *, *, #6844, .F. ) ;
#2678 = EDGE_CURVE ( 'NONE', #2064, #6552, #4480, .T. ) ;
#2679 = PLANE ( 'NONE',  #5857 ) ;
#2680 = ORIENTED_EDGE ( 'NONE', *, *, #465, .F. ) ;
#2681 = ORIENTED_EDGE ( 'NONE', *, *, #6057, .T. ) ;
#2682 = ORIENTED_EDGE ( 'NONE', *, *, #5380, .F. ) ;
#2683 = DIRECTION ( 'NONE',  ( -1.000000000000000000, 1.587125446138869267E-15, 0.000000000000000000 ) ) ;
#2684 =( NAMED_UNIT ( * ) SI_UNIT ( $, .STERADIAN. ) SOLID_ANGLE_UNIT ( ) );
#2685 = VERTEX_POINT ( 'NONE', #2008 ) ;
#2686 = CARTESIAN_POINT ( 'NONE',  ( -3.000000000000000000, 0.1745737087954402911, 2.969999999999999751 ) ) ;
#2687 = CARTESIAN_POINT ( 'NONE',  ( -2.987792617094780834, 5.421010862427522170E-16, -4.240000000000001101 ) ) ;
#2688 = EDGE_LOOP ( 'NONE', ( #5332, #1307, #6817, #4737 ) ) ;
#2689 = EDGE_LOOP ( 'NONE', ( #7352, #5107, #969, #2818 ) ) ;
#2690 = EDGE_CURVE ( 'NONE', #7291, #2459, #3918, .T. ) ;
#2691 = CYLINDRICAL_SURFACE ( 'NONE', #2841, 0.07000000000000061728 ) ;
#2692 = DIRECTION ( 'NONE',  ( -1.000000000000000000, -0.000000000000000000, -0.000000000000000000 ) ) ;
#2693 = LINE ( 'NONE', #6081, #208 ) ;
#2694 = DIRECTION ( 'NONE',  ( -1.000000000000000000, -7.477256361968987358E-16, 0.000000000000000000 ) ) ;
#2695 = PLANE ( 'NONE',  #4091 ) ;
#2696 = SURFACE_STYLE_FILL_AREA ( #6159 ) ;
#2697 = EDGE_CURVE ( 'NONE', #3803, #3581, #5579, .T. ) ;
#2698 = EDGE_LOOP ( 'NONE', ( #132, #6964, #3689, #139, #2643, #1720, #726, #5359, #6349, #7444, #3738, #2130 ) ) ;
#2699 = CARTESIAN_POINT ( 'NONE',  ( -1.949999999999999956, 1.077499999999984803, -0.4300000000000007150 ) ) ;
#2700 = CARTESIAN_POINT ( 'NONE',  ( -1.949999999999999956, 0.9025000000000144018, -1.700000000000000622 ) ) ;
#2701 = EDGE_LOOP ( 'NONE', ( #3812, #1320, #3301, #5292 ) ) ;
#2702 = CARTESIAN_POINT ( 'NONE',  ( -2.165000000000000036, 0.8325000000000144507, 4.649999999999999467 ) ) ;
#2703 = EDGE_CURVE ( 'NONE', #3419, #6174, #88, .T. ) ;
#2704 = EDGE_CURVE ( 'NONE', #6511, #5306, #4363, .T. ) ;
#2705 = CARTESIAN_POINT ( 'NONE',  ( -2.987792617094780834, 5.421010862427522170E-16, 0.8399999999999996358 ) ) ;
#2706 = DIRECTION ( 'NONE',  ( 0.000000000000000000, 0.000000000000000000, 1.000000000000000000 ) ) ;
#2707 = VERTEX_POINT ( 'NONE', #5553 ) ;
#2708 = CARTESIAN_POINT ( 'NONE',  ( -2.339999999999970548, 0.8325000000000144507, -2.110000000000000320 ) ) ;
#2709 = FACE_OUTER_BOUND ( 'NONE', #1799, .T. ) ;
#2710 = ADVANCED_FACE ( 'NONE', ( #855 ), #1469, .T. ) ;
#2711 = CARTESIAN_POINT ( 'NONE',  ( 2.339999999999970548, 0.8325000000000144507, -3.380000000000000338 ) ) ;
#2712 = EDGE_LOOP ( 'NONE', ( #6253, #6574, #4950, #4417 ) ) ;
#2713 = CYLINDRICAL_SURFACE ( 'NONE', #5858, 0.07000000000000018707 ) ;
#2714 = CARTESIAN_POINT ( 'NONE',  ( -2.987792617094780834, 5.421010862427522170E-16, -4.650000000000000355 ) ) ;
#2715 = STYLED_ITEM ( 'NONE', ( #461 ), #7089 ) ;
#2716 = ORIENTED_EDGE ( 'NONE', *, *, #3748, .F. ) ;
#2717 = VERTEX_POINT ( 'NONE', #7335 ) ;
#2718 = ORIENTED_EDGE ( 'NONE', *, *, #3648, .F. ) ;
#2719 = CARTESIAN_POINT ( 'NONE',  ( 2.339999999999970548, 0.8325000000000144507, 4.240000000000000213 ) ) ;
#2720 = EDGE_CURVE ( 'NONE', #6704, #5695, #2900, .T. ) ;
#2721 = CARTESIAN_POINT ( 'NONE',  ( 2.095000000000000195, 0.8325000000000144507, 3.379999999999999449 ) ) ;
#2722 = ORIENTED_EDGE ( 'NONE', *, *, #5566, .F. ) ;
#2723 = ORIENTED_EDGE ( 'NONE', *, *, #4756, .T. ) ;
#2724 = AXIS2_PLACEMENT_3D ( 'NONE', #487, #3919, #1629 ) ;
#2725 = LINE ( 'NONE', #355, #7186 ) ;
#2726 = ORIENTED_EDGE ( 'NONE', *, *, #2625, .T. ) ;
#2727 = EDGE_CURVE ( 'NONE', #2786, #7590, #2673, .T. ) ;
#2728 = ORIENTED_EDGE ( 'NONE', *, *, #2423, .F. ) ;
#2729 = ORIENTED_EDGE ( 'NONE', *, *, #4886, .F. ) ;
#2730 = VECTOR ( 'NONE', #3236, 1000.000000000000000 ) ;
#2731 = CARTESIAN_POINT ( 'NONE',  ( 2.339999999999970548, 0.8325000000000144507, -0.4300000000000007150 ) ) ;
#2732 = CARTESIAN_POINT ( 'NONE',  ( -3.000000000000000000, 0.1745737087954402911, -4.240000000000001101 ) ) ;
#2733 = DIRECTION ( 'NONE',  ( 0.000000000000000000, 0.000000000000000000, -1.000000000000000000 ) ) ;
#2734 = CARTESIAN_POINT ( 'NONE',  ( 2.095000000000000195, 1.077499999999984803, 3.379999999999999449 ) ) ;
#2735 = PLANE ( 'NONE',  #2752 ) ;
#2736 = VECTOR ( 'NONE', #3575, 1000.000000000000000 ) ;
#2737 = EDGE_LOOP ( 'NONE', ( #3760, #756, #2911, #5491 ) ) ;
#2738 = LINE ( 'NONE', #2699, #2481 ) ;
#2739 = LINE ( 'NONE', #7327, #1313 ) ;
#2740 = ORIENTED_EDGE ( 'NONE', *, *, #450, .T. ) ;
#2741 = AXIS2_PLACEMENT_3D ( 'NONE', #446, #932, #968 ) ;
#2742 = CARTESIAN_POINT ( 'NONE',  ( -2.165000000000000480, 0.8325000000000144507, 2.109999999999999876 ) ) ;
#2743 = CYLINDRICAL_SURFACE ( 'NONE', #1993, 0.2449999999999704914 ) ;
#2744 = EDGE_CURVE ( 'NONE', #6384, #5561, #4437, .T. ) ;
#2745 = ORIENTED_EDGE ( 'NONE', *, *, #1582, .F. ) ;
#2746 = AXIS2_PLACEMENT_3D ( 'NONE', #3637, #1272, #1312 ) ;
#2747 = ORIENTED_EDGE ( 'NONE', *, *, #820, .F. ) ;
#2748 = EDGE_CURVE ( 'NONE', #2864, #3378, #6995, .T. ) ;
#2749 = PLANE ( 'NONE',  #1287 ) ;
#2750 = LINE ( 'NONE', #5168, #4477 ) ;
#2751 = ORIENTED_EDGE ( 'NONE', *, *, #4583, .T. ) ;
#2752 = AXIS2_PLACEMENT_3D ( 'NONE', #4958, #1455, #396 ) ;
#2753 = PLANE ( 'NONE',  #2724 ) ;
#2754 = CARTESIAN_POINT ( 'NONE',  ( 2.095000000000000195, 1.077499999999984803, 2.109999999999999876 ) ) ;
#2755 = CARTESIAN_POINT ( 'NONE',  ( -2.409999999999970832, 0.2860014607077954185, 0.4299999999999998268 ) ) ;
#2756 = ORIENTED_EDGE ( 'NONE', *, *, #450, .F. ) ;
#2757 = ADVANCED_FACE ( 'NONE', ( #5208 ), #4035, .F. ) ;
#2758 = VECTOR ( 'NONE', #7549, 1000.000000000000000 ) ;
#2759 = CIRCLE ( 'NONE', #195, 0.2449999999999704914 ) ;
#2760 = VERTEX_POINT ( 'NONE', #5719 ) ;
#2761 = EDGE_LOOP ( 'NONE', ( #5444, #5850, #7428, #4760 ) ) ;
#2762 = CARTESIAN_POINT ( 'NONE',  ( 2.095000000000000195, 0.8325000000000144507, 0.4299999999999998268 ) ) ;
#2763 = SURFACE_SIDE_STYLE ('',( #5685 ) ) ;
#2764 = EDGE_LOOP ( 'NONE', ( #6425, #1506, #1556, #2146 ) ) ;
#2765 = ORIENTED_EDGE ( 'NONE', *, *, #5099, .T. ) ;
#2766 = CIRCLE ( 'NONE', #791, 0.2449999999999704914 ) ;
#2767 = AXIS2_PLACEMENT_3D ( 'NONE', #4397, #1468, #3368 ) ;
#2768 = DIRECTION ( 'NONE',  ( -0.000000000000000000, -0.000000000000000000, -1.000000000000000000 ) ) ;
#2769 = EDGE_CURVE ( 'NONE', #4621, #1020, #6287, .T. ) ;
#2770 = FILL_AREA_STYLE_COLOUR ( '', #6968 ) ;
#2771 = ORIENTED_EDGE ( 'NONE', *, *, #1633, .T. ) ;
#2772 = AXIS2_PLACEMENT_3D ( 'NONE', #2510, #7072, #5283 ) ;
#2773 = VERTEX_POINT ( 'NONE', #523 ) ;
#2774 = VECTOR ( 'NONE', #1412, 1000.000000000000000 ) ;
#2775 = EDGE_CURVE ( 'NONE', #2534, #5061, #5671, .T. ) ;
#2776 = FACE_OUTER_BOUND ( 'NONE', #5450, .T. ) ;
#2777 = DIRECTION ( 'NONE',  ( 0.000000000000000000, -0.000000000000000000, -1.000000000000000000 ) ) ;
#2778 = FILL_AREA_STYLE_COLOUR ( '', #6454 ) ;
#2779 = CARTESIAN_POINT ( 'NONE',  ( 2.392909663932662134, 0.04159826839416821964, -4.240000000000001101 ) ) ;
#2780 = PLANE ( 'NONE',  #6193 ) ;
#2781 = AXIS2_PLACEMENT_3D ( 'NONE', #6690, #1955, #2539 ) ;
#2782 = ORIENTED_EDGE ( 'NONE', *, *, #197, .F. ) ;
#2783 = DIRECTION ( 'NONE',  ( -0.000000000000000000, -0.000000000000000000, -1.000000000000000000 ) ) ;
#2784 = EDGE_CURVE ( 'NONE', #3446, #4647, #412, .T. ) ;
#2785 = CARTESIAN_POINT ( 'NONE',  ( -2.405117046837882633, 0.2161719771896077891, 0.4299999999999998268 ) ) ;
#2786 = VERTEX_POINT ( 'NONE', #1127 ) ;
#2787 = CIRCLE ( 'NONE', #4020, 0.07000000000000061728 ) ;
#2788 = CARTESIAN_POINT ( 'NONE',  ( 2.165000000000000480, 0.8325000000000144507, -4.240000000000001101 ) ) ;
#2789 = DIRECTION ( 'NONE',  ( 0.000000000000000000, 0.000000000000000000, 1.000000000000000000 ) ) ;
#2790 = CARTESIAN_POINT ( 'NONE',  ( 2.165000000000000480, 0.8325000000000144507, 0.8399999999999996358 ) ) ;
#2791 = VECTOR ( 'NONE', #3967, 1000.000000000000000 ) ;
#2792 = ORIENTED_EDGE ( 'NONE', *, *, #6065, .T. ) ;
#2793 = ORIENTED_EDGE ( 'NONE', *, *, #7367, .T. ) ;
#2794 = EDGE_CURVE ( 'NONE', #734, #6881, #7192, .T. ) ;
#2795 = CYLINDRICAL_SURFACE ( 'NONE', #4127, 0.07000000000000018707 ) ;
#2796 = LINE ( 'NONE', #3369, #3872 ) ;
#2797 = AXIS2_PLACEMENT_3D ( 'NONE', #6952, #6436, #5281 ) ;
#2798 = VERTEX_POINT ( 'NONE', #4644 ) ;
#2799 = CARTESIAN_POINT ( 'NONE',  ( -2.987792617094780834, 5.421010862427522170E-16, 2.109999999999999876 ) ) ;
#2800 = VERTEX_POINT ( 'NONE', #3952 ) ;
#2801 = CARTESIAN_POINT ( 'NONE',  ( -2.164999999999999591, 0.2860014607077954740, 3.379999999999999449 ) ) ;
#2802 = CARTESIAN_POINT ( 'NONE',  ( -2.392909663932662134, 0.04159826839416762290, 2.109999999999999876 ) ) ;
#2803 = EDGE_CURVE ( 'NONE', #4881, #6704, #2796, .T. ) ;
#2804 = VECTOR ( 'NONE', #4818, 1000.000000000000227 ) ;
#2805 = ORIENTED_EDGE ( 'NONE', *, *, #4792, .F. ) ;
#2806 = ORIENTED_EDGE ( 'NONE', *, *, #6275, .T. ) ;
#2807 = PLANE ( 'NONE',  #4122 ) ;
#2808 = VERTEX_POINT ( 'NONE', #3493 ) ;
#2809 = ORIENTED_EDGE ( 'NONE', *, *, #2509, .T. ) ;
#2810 = EDGE_CURVE ( 'NONE', #718, #5767, #7495, .T. ) ;
#2811 = PLANE ( 'NONE',  #5954 ) ;
#2812 = FILL_AREA_STYLE_COLOUR ( '', #1927 ) ;
#2813 = VERTEX_POINT ( 'NONE', #6371 ) ;
#2814 = ORIENTED_EDGE ( 'NONE', *, *, #614, .T. ) ;
#2815 = DIRECTION ( 'NONE',  ( 0.000000000000000000, 0.000000000000000000, 1.000000000000000000 ) ) ;
#2816 = PLANE ( 'NONE',  #7270 ) ;
#2817 = LINE ( 'NONE', #6353, #4248 ) ;
#2818 = ORIENTED_EDGE ( 'NONE', *, *, #4097, .T. ) ;
#2819 = DIRECTION ( 'NONE',  ( 0.9975640502598241977, -0.06975647374412548285, 0.000000000000000000 ) ) ;
#2820 = CARTESIAN_POINT ( 'NONE',  ( -1.949999999999999956, 1.077499999999984803, -0.8400000000000005240 ) ) ;
#2821 = ORIENTED_EDGE ( 'NONE', *, *, #495, .F. ) ;
#2822 = ORIENTED_EDGE ( 'NONE', *, *, #6966, .F. ) ;
#2823 = DIRECTION ( 'NONE',  ( 1.587125446138869267E-15, -1.000000000000000000, -0.000000000000000000 ) ) ;
#2824 = ORIENTED_EDGE ( 'NONE', *, *, #1238, .T. ) ;
#2825 = CARTESIAN_POINT ( 'NONE',  ( -3.000000000000000000, 0.1745737087954402911, 4.649999999999999467 ) ) ;
#2826 = CARTESIAN_POINT ( 'NONE',  ( -2.095000000000000195, 0.8325000000000144507, 0.8399999999999996358 ) ) ;
#2827 = CARTESIAN_POINT ( 'NONE',  ( -2.409999999999970832, 0.2860014607077954185, -0.8400000000000005240 ) ) ;
#2828 = EDGE_CURVE ( 'NONE', #2800, #2356, #7459, .T. ) ;
#2829 = EDGE_CURVE ( 'NONE', #5821, #2544, #2750, .T. ) ;
#2830 = ORIENTED_EDGE ( 'NONE', *, *, #2932, .T. ) ;
#2831 = ORIENTED_EDGE ( 'NONE', *, *, #597, .F. ) ;
#2832 = DIRECTION ( 'NONE',  ( -0.000000000000000000, -0.000000000000000000, -1.000000000000000000 ) ) ;
#2833 = DIRECTION ( 'NONE',  ( 0.000000000000000000, 0.000000000000000000, 1.000000000000000000 ) ) ;
#2834 = CARTESIAN_POINT ( 'NONE',  ( -1.949999999999999956, 1.077499999999984803, 2.109999999999999876 ) ) ;
#2835 = DIRECTION ( 'NONE',  ( -7.477256361968987358E-16, 1.000000000000000000, 0.000000000000000000 ) ) ;
#2836 = CARTESIAN_POINT ( 'NONE',  ( 1.949999999999999956, 0.9025000000000144018, -4.650000000000000355 ) ) ;
#2837 = PLANE ( 'NONE',  #4223 ) ;
#2838 = ORIENTED_EDGE ( 'NONE', *, *, #5786, .T. ) ;
#2839 = ORIENTED_EDGE ( 'NONE', *, *, #6266, .T. ) ;
#2840 = ADVANCED_FACE ( 'NONE', ( #2919 ), #5250, .F. ) ;
#2841 = AXIS2_PLACEMENT_3D ( 'NONE', #3895, #1374, #1450 ) ;
#2842 = FACE_OUTER_BOUND ( 'NONE', #2385, .T. ) ;
#2843 = VERTEX_POINT ( 'NONE', #4678 ) ;
#2844 = PLANE ( 'NONE',  #862 ) ;
#2845 = ORIENTED_EDGE ( 'NONE', *, *, #4072, .F. ) ;
#2846 = CARTESIAN_POINT ( 'NONE',  ( 2.987792617094780834, 5.421010862427522170E-16, 3.379999999999999449 ) ) ;
#2847 = DIRECTION ( 'NONE',  ( -0.000000000000000000, -0.000000000000000000, -1.000000000000000000 ) ) ;
#2848 = ORIENTED_EDGE ( 'NONE', *, *, #4284, .F. ) ;
#2849 = EDGE_CURVE ( 'NONE', #6884, #4538, #7026, .T. ) ;
#2850 = CIRCLE ( 'NONE', #994, 0.07000000000000018707 ) ;
#2851 =( LENGTH_UNIT ( ) NAMED_UNIT ( * ) SI_UNIT ( .MILLI., .METRE. ) );
#2852 = EDGE_LOOP ( 'NONE', ( #7524, #2099, #5515, #3005 ) ) ;
#2853 = ORIENTED_EDGE ( 'NONE', *, *, #4641, .F. ) ;
#2854 = EDGE_CURVE ( 'NONE', #2999, #1132, #4108, .T. ) ;
#2855 = DIRECTION ( 'NONE',  ( -0.06975647374412549673, 0.9975640502598243087, 0.000000000000000000 ) ) ;
#2856 = CARTESIAN_POINT ( 'NONE',  ( 1.949999999999999512, 0.2300000000000000100, -4.831420105473557491 ) ) ;
#2857 = CARTESIAN_POINT ( 'NONE',  ( 2.095000000000000195, 1.077499999999984803, -3.380000000000000338 ) ) ;
#2858 = VECTOR ( 'NONE', #6173, 1000.000000000000114 ) ;
#2859 = CARTESIAN_POINT ( 'NONE',  ( -2.165000000000000036, 0.8325000000000144507, 0.8399999999999996358 ) ) ;
#2860 = DIRECTION ( 'NONE',  ( 0.000000000000000000, 0.1736481776669271115, -0.9848077530122086864 ) ) ;
#2861 = VECTOR ( 'NONE', #2692, 1000.000000000000000 ) ;
#2862 = EDGE_CURVE ( 'NONE', #6228, #6125, #3450, .T. ) ;
#2863 = ORIENTED_EDGE ( 'NONE', *, *, #4664, .T. ) ;
#2864 = VERTEX_POINT ( 'NONE', #1058 ) ;
#2865 = CARTESIAN_POINT ( 'NONE',  ( 3.000000000000000000, 0.1745737087954402911, -2.110000000000000320 ) ) ;
#2866 = DIRECTION ( 'NONE',  ( 1.000000000000000000, 0.000000000000000000, -0.000000000000000000 ) ) ;
#2867 = CARTESIAN_POINT ( 'NONE',  ( 2.095000000000000195, 0.8325000000000144507, -4.650000000000000355 ) ) ;
#2868 = CIRCLE ( 'NONE', #61, 0.2449999999999704914 ) ;
#2869 = FACE_OUTER_BOUND ( 'NONE', #3923, .T. ) ;
#2870 = CARTESIAN_POINT ( 'NONE',  ( -2.164999999999999591, 0.2860014607077954740, 0.4299999999999998268 ) ) ;
#2871 = EDGE_CURVE ( 'NONE', #6273, #5023, #4522, .T. ) ;
#2872 = ORIENTED_EDGE ( 'NONE', *, *, #4287, .T. ) ;
#2873 = CIRCLE ( 'NONE', #5558, 0.07000000000000061728 ) ;
#2874 = CLOSED_SHELL ( 'NONE', ( #6084, #1743, #2483, #5523, #1203, #1467, #5662, #1521, #3703, #6248, #6320, #1122, #7283, #4724 ) ) ;
#2875 = EDGE_LOOP ( 'NONE', ( #3799, #2680, #6931, #2830 ) ) ;
#2876 = LINE ( 'NONE', #7379, #1810 ) ;
#2877 = DIRECTION ( 'NONE',  ( -1.000000000000000000, 0.000000000000000000, 0.000000000000000000 ) ) ;
#2878 = CARTESIAN_POINT ( 'NONE',  ( 2.095000000000000195, 1.077499999999984803, -1.700000000000000622 ) ) ;
#2879 = DIRECTION ( 'NONE',  ( -0.000000000000000000, 1.000000000000000000, -0.000000000000000000 ) ) ;
#2880 = VERTEX_POINT ( 'NONE', #3410 ) ;
#2881 = CARTESIAN_POINT ( 'NONE',  ( -2.405117046837882633, 0.2161719771896077891, -2.970000000000000639 ) ) ;
#2882 = FACE_OUTER_BOUND ( 'NONE', #2701, .T. ) ;
#2883 = VECTOR ( 'NONE', #1936, 1000.000000000000000 ) ;
#2884 = ORIENTED_EDGE ( 'NONE', *, *, #4886, .T. ) ;
#2885 = STYLED_ITEM ( 'NONE', ( #5539 ), #1950 ) ;
#2886 = ORIENTED_EDGE ( 'NONE', *, *, #642, .T. ) ;
#2887 = DIRECTION ( 'NONE',  ( -0.000000000000000000, -0.000000000000000000, -1.000000000000000000 ) ) ;
#2888 = DIRECTION ( 'NONE',  ( -0.000000000000000000, -0.000000000000000000, -1.000000000000000000 ) ) ;
#2889 = VERTEX_POINT ( 'NONE', #5757 ) ;
#2890 = CARTESIAN_POINT ( 'NONE',  ( 2.409999999999970832, 0.2860014607077954185, -2.110000000000000320 ) ) ;
#2891 = ORIENTED_EDGE ( 'NONE', *, *, #1474, .T. ) ;
#2892 = VECTOR ( 'NONE', #4334, 1000.000000000000000 ) ;
#2893 = VECTOR ( 'NONE', #2927, 1000.000000000000000 ) ;
#2894 = LINE ( 'NONE', #5294, #1068 ) ;
#2895 = ORIENTED_EDGE ( 'NONE', *, *, #979, .F. ) ;
#2896 = ORIENTED_EDGE ( 'NONE', *, *, #98, .T. ) ;
#2897 = PLANE ( 'NONE',  #4315 ) ;
#2898 = LINE ( 'NONE', #4625, #641 ) ;
#2899 = EDGE_CURVE ( 'NONE', #5646, #3769, #485, .T. ) ;
#2900 = CIRCLE ( 'NONE', #6813, 0.07000000000000018707 ) ;
#2901 = AXIS2_PLACEMENT_3D ( 'NONE', #4556, #341, #6332 ) ;
#2902 = ORIENTED_EDGE ( 'NONE', *, *, #1901, .T. ) ;
#2903 = DIRECTION ( 'NONE',  ( -1.000000000000000000, 0.000000000000000000, 0.000000000000000000 ) ) ;
#2904 = ORIENTED_EDGE ( 'NONE', *, *, #1342, .T. ) ;
#2905 = PLANE ( 'NONE',  #5457 ) ;
#2906 = EDGE_CURVE ( 'NONE', #6720, #5765, #1673, .T. ) ;
#2907 = VECTOR ( 'NONE', #3907, 1000.000000000000000 ) ;
#2908 = ORIENTED_EDGE ( 'NONE', *, *, #5496, .T. ) ;
#2909 = VERTEX_POINT ( 'NONE', #3535 ) ;
#2910 = LINE ( 'NONE', #7447, #7463 ) ;
#2911 = ORIENTED_EDGE ( 'NONE', *, *, #951, .F. ) ;
#2912 = FACE_OUTER_BOUND ( 'NONE', #4745, .T. ) ;
#2913 = CIRCLE ( 'NONE', #1293, 0.2449999999999709355 ) ;
#2914 = CARTESIAN_POINT ( 'NONE',  ( -2.392909663932662134, 0.04159826839416762290, 3.379999999999999449 ) ) ;
#2915 = EDGE_CURVE ( 'NONE', #2316, #1613, #4253, .T. ) ;
#2916 = AXIS2_PLACEMENT_3D ( 'NONE', #5365, #7218, #1899 ) ;
#2917 = CARTESIAN_POINT ( 'NONE',  ( -1.949999999999999956, 0.9025000000000144018, 2.969999999999999751 ) ) ;
#2918 = CARTESIAN_POINT ( 'NONE',  ( -2.095000000000000195, 1.077499999999984803, -1.700000000000000622 ) ) ;
#2919 = FACE_OUTER_BOUND ( 'NONE', #2283, .T. ) ;
#2920 =( NAMED_UNIT ( * ) SI_UNIT ( $, .STERADIAN. ) SOLID_ANGLE_UNIT ( ) );
#2921 = LINE ( 'NONE', #3537, #7100 ) ;
#2922 = DIRECTION ( 'NONE',  ( -1.000000000000000000, -0.000000000000000000, -0.000000000000000000 ) ) ;
#2923 = EDGE_CURVE ( 'NONE', #694, #101, #3013, .T. ) ;
#2924 = VECTOR ( 'NONE', #7259, 1000.000000000000000 ) ;
#2925 = VERTEX_POINT ( 'NONE', #87 ) ;
#2926 = ORIENTED_EDGE ( 'NONE', *, *, #5996, .F. ) ;
#2927 = DIRECTION ( 'NONE',  ( -0.000000000000000000, -0.000000000000000000, -1.000000000000000000 ) ) ;
#2928 = FACE_OUTER_BOUND ( 'NONE', #2178, .T. ) ;
#2929 = CARTESIAN_POINT ( 'NONE',  ( 2.165000000000000036, 0.2860014607077954740, 0.4299999999999998268 ) ) ;
#2930 = ORIENTED_EDGE ( 'NONE', *, *, #1573, .F. ) ;
#2931 = VECTOR ( 'NONE', #2973, 1000.000000000000000 ) ;
#2932 = EDGE_CURVE ( 'NONE', #4001, #6007, #1279, .T. ) ;
#2933 = ORIENTED_EDGE ( 'NONE', *, *, #3897, .T. ) ;
#2934 = ORIENTED_EDGE ( 'NONE', *, *, #3277, .F. ) ;
#2935 = DIRECTION ( 'NONE',  ( 1.587125446138869267E-15, 1.000000000000000000, 0.000000000000000000 ) ) ;
#2936 = DIRECTION ( 'NONE',  ( -0.000000000000000000, -0.000000000000000000, -1.000000000000000000 ) ) ;
#2937 = DIRECTION ( 'NONE',  ( 0.9975640502598241977, 0.06975647374412548285, -0.000000000000000000 ) ) ;
#2938 = CARTESIAN_POINT ( 'NONE',  ( -2.095000000000000195, 0.8325000000000144507, -0.4300000000000007150 ) ) ;
#2939 = DIRECTION ( 'NONE',  ( 0.9975640502598244197, 0.06975647374412290158, -0.000000000000000000 ) ) ;
#2940 = EDGE_LOOP ( 'NONE', ( #985, #712, #5531, #6089, #6619, #3968, #1882, #3168, #1408, #1946, #4764, #7385 ) ) ;
#2941 = ORIENTED_EDGE ( 'NONE', *, *, #1326, .T. ) ;
#2942 = CARTESIAN_POINT ( 'NONE',  ( -2.164999999999999591, 0.2860014607077954740, -1.700000000000000622 ) ) ;
#2943 = CARTESIAN_POINT ( 'NONE',  ( -2.095000000000000195, 0.8325000000000144507, -2.110000000000000320 ) ) ;
#2944 = LINE ( 'NONE', #181, #2278 ) ;
#2945 = DIRECTION ( 'NONE',  ( 0.000000000000000000, 0.000000000000000000, 1.000000000000000000 ) ) ;
#2946 = EDGE_CURVE ( 'NONE', #5646, #5291, #4754, .T. ) ;
#2947 = PLANE ( 'NONE',  #1191 ) ;
#2948 = EDGE_CURVE ( 'NONE', #4073, #3988, #2143, .T. ) ;
#2949 = CARTESIAN_POINT ( 'NONE',  ( -2.987792617094780834, 5.421010862427522170E-16, 1.700000000000000178 ) ) ;
#2950 = PLANE ( 'NONE',  #1167 ) ;
#2951 = DIRECTION ( 'NONE',  ( -0.000000000000000000, -0.000000000000000000, -1.000000000000000000 ) ) ;
#2952 = DIRECTION ( 'NONE',  ( 0.000000000000000000, -1.000000000000000000, 0.000000000000000000 ) ) ;
#2953 = CARTESIAN_POINT ( 'NONE',  ( 2.095000000000000195, 0.9025000000000146239, -4.240000000000001101 ) ) ;
#2954 = EDGE_CURVE ( 'NONE', #503, #1000, #3605, .T. ) ;
#2955 = EDGE_LOOP ( 'NONE', ( #6088, #4017, #4550, #5460 ) ) ;
#2956 = CARTESIAN_POINT ( 'NONE',  ( 2.392909663932662134, 0.04159826839416821964, -3.380000000000000338 ) ) ;
#2957 = FACE_OUTER_BOUND ( 'NONE', #6419, .T. ) ;
#2958 = DIRECTION ( 'NONE',  ( 0.000000000000000000, 0.000000000000000000, 1.000000000000000000 ) ) ;
#2959 = ORIENTED_EDGE ( 'NONE', *, *, #5589, .F. ) ;
#2960 = EDGE_CURVE ( 'NONE', #3935, #3929, #7145, .T. ) ;
#2961 = CARTESIAN_POINT ( 'NONE',  ( 1.949999999999999956, 1.077499999999984803, -0.8400000000000005240 ) ) ;
#2962 = ORIENTED_EDGE ( 'NONE', *, *, #2599, .F. ) ;
#2963 = ORIENTED_EDGE ( 'NONE', *, *, #6355, .F. ) ;
#2964 = DIRECTION ( 'NONE',  ( -0.000000000000000000, -0.000000000000000000, -1.000000000000000000 ) ) ;
#2965 = LINE ( 'NONE', #1146, #1972 ) ;
#2966 = CARTESIAN_POINT ( 'NONE',  ( -2.165000000000000036, 0.8325000000000144507, -3.380000000000000338 ) ) ;
#2967 = EDGE_CURVE ( 'NONE', #7177, #6943, #4180, .T. ) ;
#2968 = CARTESIAN_POINT ( 'NONE',  ( -2.339999999999969660, 0.2860014607077954185, 0.8399999999999996358 ) ) ;
#2969 = DIRECTION ( 'NONE',  ( 1.587125446138869267E-15, 1.000000000000000000, 0.000000000000000000 ) ) ;
#2970 = ORIENTED_EDGE ( 'NONE', *, *, #4359, .F. ) ;
#2971 = ORIENTED_EDGE ( 'NONE', *, *, #1119, .T. ) ;
#2972 = PRESENTATION_LAYER_ASSIGNMENT (  '', '', ( #2715 ) ) ;
#2973 = DIRECTION ( 'NONE',  ( -0.000000000000000000, -0.000000000000000000, -1.000000000000000000 ) ) ;
#2974 = ORIENTED_EDGE ( 'NONE', *, *, #2915, .T. ) ;
#2975 = LINE ( 'NONE', #7172, #5724 ) ;
#2976 = DIRECTION ( 'NONE',  ( -1.000000000000000000, 0.000000000000000000, 0.000000000000000000 ) ) ;
#2977 = CARTESIAN_POINT ( 'NONE',  ( 1.949999999999999956, 1.077499999999984803, -1.700000000000000622 ) ) ;
#2978 = VECTOR ( 'NONE', #5268, 1000.000000000000227 ) ;
#2979 = CIRCLE ( 'NONE', #7271, 0.2449999999999704914 ) ;
#2980 = ADVANCED_FACE ( 'NONE', ( #6628 ), #2950, .F. ) ;
#2981 = ORIENTED_EDGE ( 'NONE', *, *, #1977, .F. ) ;
#2982 = CARTESIAN_POINT ( 'NONE',  ( 2.095000000000000195, 0.9025000000000146239, -4.240000000000001101 ) ) ;
#2983 = VECTOR ( 'NONE', #5506, 1000.000000000000000 ) ;
#2984 = DIRECTION ( 'NONE',  ( -0.000000000000000000, -0.000000000000000000, -1.000000000000000000 ) ) ;
#2985 = DIRECTION ( 'NONE',  ( 0.000000000000000000, 0.000000000000000000, 1.000000000000000000 ) ) ;
#2986 = ADVANCED_FACE ( 'NONE', ( #1241 ), #5985, .F. ) ;
#2987 = DIRECTION ( 'NONE',  ( -0.000000000000000000, -0.000000000000000000, -1.000000000000000000 ) ) ;
#2988 = DIRECTION ( 'NONE',  ( -0.000000000000000000, -0.000000000000000000, -1.000000000000000000 ) ) ;
#2989 = CARTESIAN_POINT ( 'NONE',  ( -2.095000000000000195, 0.8325000000000144507, 4.649999999999999467 ) ) ;
#2990 = CIRCLE ( 'NONE', #4451, 0.07000000000000061728 ) ;
#2991 = EDGE_CURVE ( 'NONE', #1000, #2445, #7313, .T. ) ;
#2992 = VECTOR ( 'NONE', #5897, 1000.000000000000227 ) ;
#2993 = EDGE_LOOP ( 'NONE', ( #7519, #1108, #7214, #4631 ) ) ;
#2994 = CARTESIAN_POINT ( 'NONE',  ( -2.409999999999970832, 0.2860014607077954185, 1.700000000000000178 ) ) ;
#2995 = VECTOR ( 'NONE', #337, 1000.000000000000227 ) ;
#2996 = CARTESIAN_POINT ( 'NONE',  ( 2.095000000000000195, 0.8325000000000144507, 0.8399999999999996358 ) ) ;
#2997 = VECTOR ( 'NONE', #6231, 1000.000000000000000 ) ;
#2998 = CARTESIAN_POINT ( 'NONE',  ( 2.165000000000000036, 0.2860014607077954740, 2.969999999999999751 ) ) ;
#2999 = VERTEX_POINT ( 'NONE', #1789 ) ;
#3000 = VERTEX_POINT ( 'NONE', #675 ) ;
#3001 = ADVANCED_FACE ( 'NONE', ( #46 ), #1859, .F. ) ;
#3002 = VECTOR ( 'NONE', #328, 1000.000000000000000 ) ;
#3003 = DIRECTION ( 'NONE',  ( -0.000000000000000000, -0.000000000000000000, -1.000000000000000000 ) ) ;
#3004 = ORIENTED_EDGE ( 'NONE', *, *, #1055, .F. ) ;
#3005 = ORIENTED_EDGE ( 'NONE', *, *, #7274, .T. ) ;
#3006 = LINE ( 'NONE', #3622, #2368 ) ;
#3007 = LINE ( 'NONE', #5382, #1365 ) ;
#3008 = CARTESIAN_POINT ( 'NONE',  ( 2.339999999999969660, 0.2860014607077954185, 0.8399999999999996358 ) ) ;
#3009 = DIRECTION ( 'NONE',  ( 1.000000000000000000, 0.000000000000000000, 0.000000000000000000 ) ) ;
#3010 = AXIS2_PLACEMENT_3D ( 'NONE', #1337, #6541, #6039 ) ;
#3011 = DIRECTION ( 'NONE',  ( 0.000000000000000000, 0.000000000000000000, 1.000000000000000000 ) ) ;
#3012 = ORIENTED_EDGE ( 'NONE', *, *, #6587, .T. ) ;
#3013 = CIRCLE ( 'NONE', #6077, 0.2449999999999704914 ) ;
#3014 = VERTEX_POINT ( 'NONE', #3029 ) ;
#3015 = AXIS2_PLACEMENT_3D ( 'NONE', #2097, #2887, #5177 ) ;
#3016 = LINE ( 'NONE', #5351, #122 ) ;
#3017 = VERTEX_POINT ( 'NONE', #3644 ) ;
#3018 = CARTESIAN_POINT ( 'NONE',  ( -2.339999999999970104, 0.2860014607077954185, 2.109999999999999876 ) ) ;
#3019 = DIRECTION ( 'NONE',  ( -1.587125446138869267E-15, 1.000000000000000000, 0.000000000000000000 ) ) ;
#3020 = FACE_OUTER_BOUND ( 'NONE', #1066, .T. ) ;
#3021 = VECTOR ( 'NONE', #3065, 1000.000000000000227 ) ;
#3022 = VECTOR ( 'NONE', #5830, 1000.000000000000000 ) ;
#3023 = EDGE_CURVE ( 'NONE', #5442, #5606, #1316, .T. ) ;
#3024 = ORIENTED_EDGE ( 'NONE', *, *, #6149, .F. ) ;
#3025 = CARTESIAN_POINT ( 'NONE',  ( -1.949999999999999956, 1.077499999999984803, 4.649999999999999467 ) ) ;
#3026 = VECTOR ( 'NONE', #7052, 1000.000000000000227 ) ;
#3027 = MECHANICAL_DESIGN_GEOMETRIC_PRESENTATION_REPRESENTATION (  '', ( #1904 ), #4432 ) ;
#3028 = CYLINDRICAL_SURFACE ( 'NONE', #1398, 0.07000000000000061728 ) ;
#3029 = CARTESIAN_POINT ( 'NONE',  ( -2.095000000000000195, 1.077499999999984803, 0.8399999999999996358 ) ) ;
#3030 = PLANE ( 'NONE',  #3825 ) ;
#3031 = CARTESIAN_POINT ( 'NONE',  ( -1.866685501615249265, 1.550000000000000044, -4.866685501615249265 ) ) ;
#3032 = CARTESIAN_POINT ( 'NONE',  ( 1.949999999999999956, 1.077499999999984803, 0.8399999999999996358 ) ) ;
#3033 = AXIS2_PLACEMENT_3D ( 'NONE', #678, #6521, #5986 ) ;
#3034 = EDGE_CURVE ( 'NONE', #3446, #1477, #4616, .T. ) ;
#3035 = ORIENTED_EDGE ( 'NONE', *, *, #1943, .F. ) ;
#3036 = FACE_OUTER_BOUND ( 'NONE', #4797, .T. ) ;
#3037 = STYLED_ITEM ( 'NONE', ( #3567 ), #4433 ) ;
#3038 = EDGE_CURVE ( 'NONE', #4187, #4779, #2470, .T. ) ;
#3039 = DIRECTION ( 'NONE',  ( 1.000000000000000000, 7.477256361968987358E-16, -0.000000000000000000 ) ) ;
#3040 = ORIENTED_EDGE ( 'NONE', *, *, #4666, .T. ) ;
#3041 = FACE_OUTER_BOUND ( 'NONE', #5804, .T. ) ;
#3042 = ADVANCED_FACE ( 'NONE', ( #1896 ), #6597, .F. ) ;
#3043 = VECTOR ( 'NONE', #3467, 1000.000000000000000 ) ;
#3044 = DIRECTION ( 'NONE',  ( -0.000000000000000000, -0.000000000000000000, -1.000000000000000000 ) ) ;
#3045 = ORIENTED_EDGE ( 'NONE', *, *, #1721, .T. ) ;
#3046 = ORIENTED_EDGE ( 'NONE', *, *, #4188, .F. ) ;
#3047 = ORIENTED_EDGE ( 'NONE', *, *, #486, .F. ) ;
#3048 = DIRECTION ( 'NONE',  ( -1.587125446138869267E-15, -1.000000000000000000, 0.000000000000000000 ) ) ;
#3049 = LINE ( 'NONE', #759, #6048 ) ;
#3050 = ADVANCED_FACE ( 'NONE', ( #6701 ), #1350, .F. ) ;
#3051 = ADVANCED_FACE ( 'NONE', ( #2546 ), #225, .F. ) ;
#3052 = DIRECTION ( 'NONE',  ( -0.000000000000000000, -0.000000000000000000, -1.000000000000000000 ) ) ;
#3053 = CARTESIAN_POINT ( 'NONE',  ( 2.392909663932662134, 0.04159826839416821964, 1.700000000000000178 ) ) ;
#3054 = DIRECTION ( 'NONE',  ( -7.477256361968987358E-16, 1.000000000000000000, 0.000000000000000000 ) ) ;
#3055 = ORIENTED_EDGE ( 'NONE', *, *, #2161, .T. ) ;
#3056 = ORIENTED_EDGE ( 'NONE', *, *, #6714, .T. ) ;
#3057 = DIRECTION ( 'NONE',  ( 0.9975640502598244197, 0.06975647374412290158, -0.000000000000000000 ) ) ;
#3058 = CARTESIAN_POINT ( 'NONE',  ( 2.095000000000000195, 0.9025000000000146239, 4.240000000000000213 ) ) ;
#3059 = ADVANCED_FACE ( 'NONE', ( #7402 ), #5036, .F. ) ;
#3060 = CARTESIAN_POINT ( 'NONE',  ( 2.339999999999969660, 0.2860014607077954185, -0.4300000000000007150 ) ) ;
#3061 = LINE ( 'NONE', #2540, #4349 ) ;
#3062 = DIRECTION ( 'NONE',  ( -1.000000000000000000, -7.477256361968987358E-16, 0.000000000000000000 ) ) ;
#3063 = ORIENTED_EDGE ( 'NONE', *, *, #4392, .T. ) ;
#3064 = DIRECTION ( 'NONE',  ( -0.000000000000000000, -0.000000000000000000, -1.000000000000000000 ) ) ;
#3065 = DIRECTION ( 'NONE',  ( 0.9975640502598241977, 0.06975647374412548285, -0.000000000000000000 ) ) ;
#3066 = CARTESIAN_POINT ( 'NONE',  ( 2.165000000000000480, 0.8325000000000144507, 3.379999999999999449 ) ) ;
#3067 = EDGE_CURVE ( 'NONE', #4689, #1807, #5967, .T. ) ;
#3068 = CYLINDRICAL_SURFACE ( 'NONE', #1298, 0.07000000000000018707 ) ;
#3069 = DIRECTION ( 'NONE',  ( -0.000000000000000000, -0.000000000000000000, -1.000000000000000000 ) ) ;
#3070 = ORIENTED_EDGE ( 'NONE', *, *, #457, .F. ) ;
#3071 = LINE ( 'NONE', #4283, #2512 ) ;
#3072 = CYLINDRICAL_SURFACE ( 'NONE', #1862, 0.07000000000000061728 ) ;
#3073 = DIRECTION ( 'NONE',  ( -0.9975640502598241977, -0.06975647374412531632, -0.000000000000000000 ) ) ;
#3074 = ORIENTED_EDGE ( 'NONE', *, *, #3774, .T. ) ;
#3075 = CARTESIAN_POINT ( 'NONE',  ( -1.949999999999999956, 1.077499999999984803, -4.950000000000000178 ) ) ;
#3076 = ORIENTED_EDGE ( 'NONE', *, *, #5810, .F. ) ;
#3077 = VERTEX_POINT ( 'NONE', #3170 ) ;
#3078 = ORIENTED_EDGE ( 'NONE', *, *, #5600, .F. ) ;
#3079 = FACE_OUTER_BOUND ( 'NONE', #5417, .T. ) ;
#3080 = CARTESIAN_POINT ( 'NONE',  ( -2.339999999999970104, 0.2860014607077954185, -3.380000000000000338 ) ) ;
#3081 = ORIENTED_EDGE ( 'NONE', *, *, #6057, .F. ) ;
#3082 = EDGE_CURVE ( 'NONE', #5061, #6528, #2013, .T. ) ;
#3083 = CARTESIAN_POINT ( 'NONE',  ( -2.339999999999970104, 0.2860014607077954185, -0.4300000000000007150 ) ) ;
#3084 = EDGE_CURVE ( 'NONE', #3925, #7177, #3706, .T. ) ;
#3085 = EDGE_LOOP ( 'NONE', ( #4553, #4327, #2805, #5349 ) ) ;
#3086 = ORIENTED_EDGE ( 'NONE', *, *, #75, .T. ) ;
#3087 = LINE ( 'NONE', #179, #2188 ) ;
#3088 = CARTESIAN_POINT ( 'NONE',  ( 2.405117046837882633, 0.2161719771896072062, -2.970000000000000639 ) ) ;
#3089 = PLANE ( 'NONE',  #7574 ) ;
#3090 = DIRECTION ( 'NONE',  ( 0.000000000000000000, 0.000000000000000000, 1.000000000000000000 ) ) ;
#3091 = FILL_AREA_STYLE_COLOUR ( '', #5324 ) ;
#3092 = ORIENTED_EDGE ( 'NONE', *, *, #811, .T. ) ;
#3093 = EDGE_CURVE ( 'NONE', #3344, #693, #3134, .T. ) ;
#3094 = VECTOR ( 'NONE', #429, 1000.000000000000000 ) ;
#3095 = VECTOR ( 'NONE', #4698, 1000.000000000000000 ) ;
#3096 = ORIENTED_EDGE ( 'NONE', *, *, #3322, .T. ) ;
#3097 = LINE ( 'NONE', #6051, #2524 ) ;
#3098 = CARTESIAN_POINT ( 'NONE',  ( 2.165000000000000480, 0.8325000000000144507, 4.649999999999999467 ) ) ;
#3099 = CARTESIAN_POINT ( 'NONE',  ( -2.095000000000000195, 0.9025000000000142908, -0.4300000000000007150 ) ) ;
#3100 = AXIS2_PLACEMENT_3D ( 'NONE', #2996, #162, #5329 ) ;
#3101 = CARTESIAN_POINT ( 'NONE',  ( 2.165000000000000480, 0.8325000000000144507, 2.969999999999999751 ) ) ;
#3102 = ADVANCED_FACE ( 'NONE', ( #4308 ), #3282, .F. ) ;
#3103 = MECHANICAL_DESIGN_GEOMETRIC_PRESENTATION_REPRESENTATION (  '', ( #4575 ), #650 ) ;
#3104 = VERTEX_POINT ( 'NONE', #6739 ) ;
#3105 = CARTESIAN_POINT ( 'NONE',  ( -0.6610000000000000320, 1.750000000000000000, -3.564999999999999503 ) ) ;
#3106 = CARTESIAN_POINT ( 'NONE',  ( -3.000000000000000000, 0.1745737087954402911, 0.8399999999999996358 ) ) ;
#3107 = DIRECTION ( 'NONE',  ( 1.000000000000000000, -7.477256361968987358E-16, 0.000000000000000000 ) ) ;
#3108 = EDGE_LOOP ( 'NONE', ( #5895, #7069, #2296, #2155 ) ) ;
#3109 = VECTOR ( 'NONE', #4422, 1000.000000000000000 ) ;
#3110 = CARTESIAN_POINT ( 'NONE',  ( -2.339999999999969660, 0.2860014607077954185, -1.700000000000000622 ) ) ;
#3111 = ORIENTED_EDGE ( 'NONE', *, *, #4220, .F. ) ;
#3112 = ORIENTED_EDGE ( 'NONE', *, *, #538, .T. ) ;
#3113 = VECTOR ( 'NONE', #3297, 1000.000000000000000 ) ;
#3114 = VERTEX_POINT ( 'NONE', #2576 ) ;
#3115 = CLOSED_SHELL ( 'NONE', ( #1169, #1334, #6059, #4535, #4772, #7388, #570, #6372, #793, #1370, #1754, #4917, #1830, #4385 ) ) ;
#3116 = CARTESIAN_POINT ( 'NONE',  ( -2.095000000000000195, 0.8325000000000144507, -2.970000000000000639 ) ) ;
#3117 = CARTESIAN_POINT ( 'NONE',  ( 3.000000000000000000, 0.1745737087954402911, -0.4300000000000007150 ) ) ;
#3118 = DIRECTION ( 'NONE',  ( 0.9975640502598244197, 0.06975647374412290158, -0.000000000000000000 ) ) ;
#3119 = AXIS2_PLACEMENT_3D ( 'NONE', #6560, #6599, #744 ) ;
#3120 = EDGE_CURVE ( 'NONE', #6586, #5679, #1999, .T. ) ;
#3121 = VERTEX_POINT ( 'NONE', #1423 ) ;
#3122 = EDGE_LOOP ( 'NONE', ( #5532, #1003, #2487, #2792, #4049 ) ) ;
#3123 = DIRECTION ( 'NONE',  ( 0.000000000000000000, -1.000000000000000000, 0.000000000000000000 ) ) ;
#3124 = CARTESIAN_POINT ( 'NONE',  ( 2.392909663932662134, 0.04159826839416821964, 0.4299999999999998268 ) ) ;
#3125 = STYLED_ITEM ( 'NONE', ( #4853 ), #1880 ) ;
#3126 = LINE ( 'NONE', #7319, #212 ) ;
#3127 = DIRECTION ( 'NONE',  ( 0.000000000000000000, 0.000000000000000000, 1.000000000000000000 ) ) ;
#3128 = ADVANCED_FACE ( 'NONE', ( #2620 ), #6774, .F. ) ;
#3129 = ORIENTED_EDGE ( 'NONE', *, *, #2068, .T. ) ;
#3130 = VECTOR ( 'NONE', #836, 1000.000000000000227 ) ;
#3131 = VECTOR ( 'NONE', #196, 1000.000000000000000 ) ;
#3132 = ORIENTED_EDGE ( 'NONE', *, *, #5403, .F. ) ;
#3133 = LINE ( 'NONE', #224, #3147 ) ;
#3134 = LINE ( 'NONE', #4353, #3255 ) ;
#3135 = EDGE_CURVE ( 'NONE', #5485, #2521, #3865, .T. ) ;
#3136 = VECTOR ( 'NONE', #602, 1000.000000000000000 ) ;
#3137 = APPLICATION_PROTOCOL_DEFINITION ( 'draft international standard', 'automotive_design', 1998, #299 ) ;
#3138 = CIRCLE ( 'NONE', #5839, 0.3800000000000001155 ) ;
#3139 = CARTESIAN_POINT ( 'NONE',  ( -2.987792617094780834, 5.421010862427522170E-16, 2.109999999999999876 ) ) ;
#3140 = LINE ( 'NONE', #7250, #1019 ) ;
#3141 = AXIS2_PLACEMENT_3D ( 'NONE', #4748, #6512, #3564 ) ;
#3142 =( GEOMETRIC_REPRESENTATION_CONTEXT ( 3 ) GLOBAL_UNCERTAINTY_ASSIGNED_CONTEXT ( ( #5044 ) ) GLOBAL_UNIT_ASSIGNED_CONTEXT ( ( #2274, #6896, #4626 ) ) REPRESENTATION_CONTEXT ( 'NONE', 'WORKASPACE' ) );
#3143 = LINE ( 'NONE', #5517, #681 ) ;
#3144 = CARTESIAN_POINT ( 'NONE',  ( -1.831420105473556825, 0.2300000000000000100, -4.831420105473557491 ) ) ;
#3145 = LINE ( 'NONE', #4869, #66 ) ;
#3146 = AXIS2_PLACEMENT_3D ( 'NONE', #4899, #71, #4771 ) ;
#3147 = VECTOR ( 'NONE', #4857, 1000.000000000000000 ) ;
#3148 = DIRECTION ( 'NONE',  ( 1.000000000000000000, 1.587125446138869267E-15, -0.000000000000000000 ) ) ;
#3149 = ORIENTED_EDGE ( 'NONE', *, *, #1669, .T. ) ;
#3150 = VECTOR ( 'NONE', #5909, 1000.000000000000000 ) ;
#3151 = ORIENTED_EDGE ( 'NONE', *, *, #1769, .F. ) ;
#3152 = FACE_OUTER_BOUND ( 'NONE', #76, .T. ) ;
#3153 =( NAMED_UNIT ( * ) PLANE_ANGLE_UNIT ( ) SI_UNIT ( $, .RADIAN. ) );
#3154 = EDGE_CURVE ( 'NONE', #7432, #4563, #1962, .T. ) ;
#3155 = CARTESIAN_POINT ( 'NONE',  ( 1.949999999999999956, 1.077499999999984803, -4.240000000000001101 ) ) ;
#3156 = AXIS2_PLACEMENT_3D ( 'NONE', #6510, #6044, #1884 ) ;
#3157 = ORIENTED_EDGE ( 'NONE', *, *, #5445, .F. ) ;
#3158 = VERTEX_POINT ( 'NONE', #849 ) ;
#3159 = DIRECTION ( 'NONE',  ( -1.000000000000000000, 0.000000000000000000, 0.000000000000000000 ) ) ;
#3160 = CARTESIAN_POINT ( 'NONE',  ( 2.409999999999970832, 0.2860014607077954185, -0.8400000000000005240 ) ) ;
#3161 = VECTOR ( 'NONE', #3550, 1000.000000000000000 ) ;
#3162 = LINE ( 'NONE', #6764, #5348 ) ;
#3163 = CARTESIAN_POINT ( 'NONE',  ( -2.095000000000000195, 1.077499999999984803, 3.379999999999999449 ) ) ;
#3164 = DIRECTION ( 'NONE',  ( -1.000000000000000000, -2.380688169208303900E-15, 0.000000000000000000 ) ) ;
#3165 =( LENGTH_UNIT ( ) NAMED_UNIT ( * ) SI_UNIT ( .MILLI., .METRE. ) );
#3166 = ORIENTED_EDGE ( 'NONE', *, *, #6519, .T. ) ;
#3167 = AXIS2_PLACEMENT_3D ( 'NONE', #1237, #5944, #6555 ) ;
#3168 = ORIENTED_EDGE ( 'NONE', *, *, #784, .F. ) ;
#3169 = CARTESIAN_POINT ( 'NONE',  ( -2.095000000000000195, 0.8325000000000144507, 4.240000000000000213 ) ) ;
#3170 = CARTESIAN_POINT ( 'NONE',  ( -2.392909663932662134, 0.04159826839416762290, 2.109999999999999876 ) ) ;
#3171 = DIRECTION ( 'NONE',  ( 1.587125446138869267E-15, -1.000000000000000000, -0.000000000000000000 ) ) ;
#3172 = CARTESIAN_POINT ( 'NONE',  ( -2.339999999999970548, 0.8325000000000144507, 4.649999999999999467 ) ) ;
#3173 = ADVANCED_FACE ( 'NONE', ( #6164 ), #3205, .T. ) ;
#3174 = EDGE_CURVE ( 'NONE', #497, #3121, #6205, .T. ) ;
#3175 = EDGE_CURVE ( 'NONE', #1381, #7408, #4428, .T. ) ;
#3176 = DIRECTION ( 'NONE',  ( 0.9975640502598241977, -0.06975647374412531632, 0.000000000000000000 ) ) ;
#3177 = DIRECTION ( 'NONE',  ( -0.000000000000000000, -0.000000000000000000, -1.000000000000000000 ) ) ;
#3178 = CARTESIAN_POINT ( 'NONE',  ( 1.949999999999999956, 1.077499999999984803, -1.700000000000000622 ) ) ;
#3179 = CARTESIAN_POINT ( 'NONE',  ( -1.949999999999999956, 0.9025000000000144018, 2.969999999999999751 ) ) ;
#3180 = FACE_OUTER_BOUND ( 'NONE', #1872, .T. ) ;
#3181 = EDGE_LOOP ( 'NONE', ( #6544, #2422, #6885, #4523 ) ) ;
#3182 = EDGE_CURVE ( 'NONE', #5205, #1763, #7366, .T. ) ;
#3183 = VERTEX_POINT ( 'NONE', #6398 ) ;
#3184 = CYLINDRICAL_SURFACE ( 'NONE', #5246, 0.2449999999999704914 ) ;
#3185 = VERTEX_POINT ( 'NONE', #2204 ) ;
#3186 = ORIENTED_EDGE ( 'NONE', *, *, #811, .F. ) ;
#3187 = CARTESIAN_POINT ( 'NONE',  ( -2.339999999999970548, 0.8325000000000144507, -2.970000000000000639 ) ) ;
#3188 = LINE ( 'NONE', #6185, #1855 ) ;
#3189 = ORIENTED_EDGE ( 'NONE', *, *, #3876, .T. ) ;
#3190 = DIRECTION ( 'NONE',  ( 0.000000000000000000, -1.000000000000000000, 0.000000000000000000 ) ) ;
#3191 = EDGE_CURVE ( 'NONE', #1026, #7302, #3383, .T. ) ;
#3192 = ORIENTED_EDGE ( 'NONE', *, *, #3780, .T. ) ;
#3193 = VERTEX_POINT ( 'NONE', #4636 ) ;
#3194 = ADVANCED_FACE ( 'NONE', ( #4551 ), #5128, .F. ) ;
#3195 = CARTESIAN_POINT ( 'NONE',  ( 1.949999999999999956, 1.077499999999984803, -2.970000000000000639 ) ) ;
#3196 = CARTESIAN_POINT ( 'NONE',  ( 2.095000000000000195, 1.077499999999984803, -4.240000000000001101 ) ) ;
#3197 = EDGE_CURVE ( 'NONE', #1020, #1306, #680, .T. ) ;
#3198 = DIRECTION ( 'NONE',  ( 1.000000000000000000, 7.477256361968987358E-16, -0.000000000000000000 ) ) ;
#3199 = CARTESIAN_POINT ( 'NONE',  ( 1.949999999999999512, 0.9025000000000144018, 4.950000000000000178 ) ) ;
#3200 = DIRECTION ( 'NONE',  ( -0.9975640502598241977, 0.06975647374412548285, 0.000000000000000000 ) ) ;
#3201 = ORIENTED_EDGE ( 'NONE', *, *, #3360, .T. ) ;
#3202 = CARTESIAN_POINT ( 'NONE',  ( 2.095000000000000195, 0.9025000000000146239, -3.380000000000000338 ) ) ;
#3203 = ORIENTED_EDGE ( 'NONE', *, *, #3197, .T. ) ;
#3204 = CARTESIAN_POINT ( 'NONE',  ( -2.165000000000000480, 0.8325000000000144507, 1.700000000000000178 ) ) ;
#3205 = PLANE ( 'NONE',  #207 ) ;
#3206 = CARTESIAN_POINT ( 'NONE',  ( 1.949999999999999956, 1.077499999999984803, -2.970000000000000639 ) ) ;
#3207 = FACE_OUTER_BOUND ( 'NONE', #5140, .T. ) ;
#3208 = ADVANCED_FACE ( 'NONE', ( #1118 ), #6906, .T. ) ;
#3209 = AXIS2_PLACEMENT_3D ( 'NONE', #3380, #6845, #7004 ) ;
#3210 = ADVANCED_FACE ( 'NONE', ( #2284 ), #442, .F. ) ;
#3211 = LINE ( 'NONE', #1965, #202 ) ;
#3212 = VECTOR ( 'NONE', #4044, 1000.000000000000000 ) ;
#3213 = CARTESIAN_POINT ( 'NONE',  ( 2.095000000000000195, 1.077499999999984803, -0.8400000000000005240 ) ) ;
#3214 = FACE_OUTER_BOUND ( 'NONE', #754, .T. ) ;
#3215 = ORIENTED_EDGE ( 'NONE', *, *, #6049, .T. ) ;
#3216 = DIRECTION ( 'NONE',  ( -1.000000000000000000, 0.000000000000000000, 0.000000000000000000 ) ) ;
#3217 = CARTESIAN_POINT ( 'NONE',  ( 2.987792617094780834, 5.421010862427522170E-16, -4.650000000000000355 ) ) ;
#3218 = ORIENTED_EDGE ( 'NONE', *, *, #5333, .T. ) ;
#3219 = EDGE_CURVE ( 'NONE', #1400, #2717, #557, .T. ) ;
#3220 = VECTOR ( 'NONE', #4438, 1000.000000000000000 ) ;
#3221 = CARTESIAN_POINT ( 'NONE',  ( -1.949999999999999956, 1.077499999999984803, -3.380000000000000338 ) ) ;
#3222 = ORIENTED_EDGE ( 'NONE', *, *, #3135, .F. ) ;
#3223 = VERTEX_POINT ( 'NONE', #5242 ) ;
#3224 = PLANE ( 'NONE',  #5960 ) ;
#3225 = AXIS2_PLACEMENT_3D ( 'NONE', #2890, #2958, #612 ) ;
#3226 = EDGE_CURVE ( 'NONE', #872, #4689, #6365, .T. ) ;
#3227 = CARTESIAN_POINT ( 'NONE',  ( 1.949999999999999956, 0.9025000000000144018, -1.700000000000000622 ) ) ;
#3228 = VECTOR ( 'NONE', #3073, 1000.000000000000227 ) ;
#3229 = ORIENTED_EDGE ( 'NONE', *, *, #6990, .T. ) ;
#3230 = ORIENTED_EDGE ( 'NONE', *, *, #900, .F. ) ;
#3231 = CARTESIAN_POINT ( 'NONE',  ( -2.095000000000000195, 0.8325000000000144507, 4.240000000000000213 ) ) ;
#3232 = DIRECTION ( 'NONE',  ( 0.9975640502598241977, 0.06975647374412531632, 0.000000000000000000 ) ) ;
#3233 = CARTESIAN_POINT ( 'NONE',  ( 2.339999999999969660, 0.2860014607077954185, 4.240000000000000213 ) ) ;
#3234 = FACE_OUTER_BOUND ( 'NONE', #1078, .T. ) ;
#3235 = EDGE_CURVE ( 'NONE', #5310, #5821, #479, .T. ) ;
#3236 = DIRECTION ( 'NONE',  ( 1.000000000000000000, -7.477256361968987358E-16, 0.000000000000000000 ) ) ;
#3237 = VECTOR ( 'NONE', #4824, 1000.000000000000000 ) ;
#3238 = ORIENTED_EDGE ( 'NONE', *, *, #7430, .F. ) ;
#3239 = COLOUR_RGB ( '',0.7921568627450980005, 0.8196078431372548767, 0.9333333333333333481 ) ;
#3240 = CARTESIAN_POINT ( 'NONE',  ( -3.000000000000000000, 0.1745737087954402911, -4.650000000000000355 ) ) ;
#3241 = CARTESIAN_POINT ( 'NONE',  ( 2.095000000000000195, 1.077499999999984803, 4.240000000000000213 ) ) ;
#3242 = VERTEX_POINT ( 'NONE', #2825 ) ;
#3243 = CARTESIAN_POINT ( 'NONE',  ( 2.987792617094780834, 5.421010862427522170E-16, 0.4299999999999998268 ) ) ;
#3244 =( NAMED_UNIT ( * ) PLANE_ANGLE_UNIT ( ) SI_UNIT ( $, .RADIAN. ) );
#3245 = PLANE ( 'NONE',  #6794 ) ;
#3246 = AXIS2_PLACEMENT_3D ( 'NONE', #6013, #3127, #1821 ) ;
#3247 = CIRCLE ( 'NONE', #3740, 0.3800000000000001155 ) ;
#3248 = ORIENTED_EDGE ( 'NONE', *, *, #2412, .T. ) ;
#3249 = AXIS2_PLACEMENT_3D ( 'NONE', #2878, #1088, #5090 ) ;
#3250 = CARTESIAN_POINT ( 'NONE',  ( -0.6610000000000000320, 1.750000000000000000, -4.325000000000000178 ) ) ;
#3251 = CARTESIAN_POINT ( 'NONE',  ( 2.409999999999970832, 0.2860014607077954185, -1.700000000000000622 ) ) ;
#3252 = PLANE ( 'NONE',  #397 ) ;
#3253 = LINE ( 'NONE', #2754, #1666 ) ;
#3254 = DIRECTION ( 'NONE',  ( -0.000000000000000000, -0.000000000000000000, -1.000000000000000000 ) ) ;
#3255 = VECTOR ( 'NONE', #5477, 1000.000000000000000 ) ;
#3256 = VECTOR ( 'NONE', #4955, 1000.000000000000000 ) ;
#3257 = ADVANCED_FACE ( 'NONE', ( #5162 ), #7525, .F. ) ;
#3258 = LINE ( 'NONE', #1745, #6105 ) ;
#3259 = ORIENTED_EDGE ( 'NONE', *, *, #880, .T. ) ;
#3260 = ORIENTED_EDGE ( 'NONE', *, *, #7217, .T. ) ;
#3261 = ORIENTED_EDGE ( 'NONE', *, *, #110, .T. ) ;
#3262 = DIRECTION ( 'NONE',  ( 0.000000000000000000, -1.000000000000000000, 0.000000000000000000 ) ) ;
#3263 = AXIS2_PLACEMENT_3D ( 'NONE', #4627, #5073, #995 ) ;
#3264 = EDGE_LOOP ( 'NONE', ( #4744, #3076, #373, #988 ) ) ;
#3265 = LINE ( 'NONE', #244, #3130 ) ;
#3266 = VECTOR ( 'NONE', #6336, 1000.000000000000000 ) ;
#3267 = ADVANCED_FACE ( 'NONE', ( #5825 ), #3483, .F. ) ;
#3268 = ORIENTED_EDGE ( 'NONE', *, *, #5426, .T. ) ;
#3269 = VERTEX_POINT ( 'NONE', #1661 ) ;
#3270 = ADVANCED_FACE ( 'NONE', ( #2912 ), #5200, .F. ) ;
#3271 = DIRECTION ( 'NONE',  ( -0.000000000000000000, -0.000000000000000000, -1.000000000000000000 ) ) ;
#3272 = LINE ( 'NONE', #1530, #2997 ) ;
#3273 = CARTESIAN_POINT ( 'NONE',  ( 2.339999999999970548, 0.8325000000000144507, -0.4300000000000007150 ) ) ;
#3274 = CARTESIAN_POINT ( 'NONE',  ( -3.000000000000000000, 0.1745737087954402911, 3.379999999999999449 ) ) ;
#3275 = LINE ( 'NONE', #3777, #6293 ) ;
#3276 = DIRECTION ( 'NONE',  ( 1.587125446138869267E-15, 1.000000000000000000, 0.000000000000000000 ) ) ;
#3277 = EDGE_CURVE ( 'NONE', #4191, #1053, #1702, .T. ) ;
#3278 = VERTEX_POINT ( 'NONE', #2323 ) ;
#3279 = PLANE ( 'NONE',  #5809 ) ;
#3280 = DIRECTION ( 'NONE',  ( 1.587125446138869267E-15, 1.000000000000000000, 0.000000000000000000 ) ) ;
#3281 = ORIENTED_EDGE ( 'NONE', *, *, #5516, .F. ) ;
#3282 = CYLINDRICAL_SURFACE ( 'NONE', #4354, 0.3800000000000001155 ) ;
#3283 = LINE ( 'NONE', #5628, #2659 ) ;
#3284 = CARTESIAN_POINT ( 'NONE',  ( 1.949999999999999956, 0.9025000000000144018, 0.4299999999999998268 ) ) ;
#3285 = VECTOR ( 'NONE', #1849, 1000.000000000000227 ) ;
#3286 = CIRCLE ( 'NONE', #5130, 0.2449999999999709355 ) ;
#3287 = VERTEX_POINT ( 'NONE', #3319 ) ;
#3288 = EDGE_CURVE ( 'NONE', #2813, #3114, #6242, .T. ) ;
#3289 = EDGE_CURVE ( 'NONE', #4351, #3295, #4514, .T. ) ;
#3290 = CYLINDRICAL_SURFACE ( 'NONE', #3745, 0.07000000000000061728 ) ;
#3291 = UNCERTAINTY_MEASURE_WITH_UNIT (LENGTH_MEASURE( 1.000000000000000082E-05 ), #6366, 'distance_accuracy_value', 'NONE');
#3292 = DIRECTION ( 'NONE',  ( 0.9975640502598241977, 0.06975647374412548285, -0.000000000000000000 ) ) ;
#3293 = EDGE_CURVE ( 'NONE', #5921, #6374, #3946, .T. ) ;
#3294 = LINE ( 'NONE', #2799, #54 ) ;
#3295 = VERTEX_POINT ( 'NONE', #3018 ) ;
#3296 = LINE ( 'NONE', #3754, #3891 ) ;
#3297 = DIRECTION ( 'NONE',  ( -1.000000000000000000, 0.000000000000000000, 0.000000000000000000 ) ) ;
#3298 = ORIENTED_EDGE ( 'NONE', *, *, #927, .T. ) ;
#3299 = ORIENTED_EDGE ( 'NONE', *, *, #3411, .T. ) ;
#3300 = CARTESIAN_POINT ( 'NONE',  ( -2.095000000000000195, 1.077499999999984803, -0.4300000000000007150 ) ) ;
#3301 = ORIENTED_EDGE ( 'NONE', *, *, #6065, .F. ) ;
#3302 = DIRECTION ( 'NONE',  ( -0.000000000000000000, -0.000000000000000000, -1.000000000000000000 ) ) ;
#3303 = ORIENTED_EDGE ( 'NONE', *, *, #3322, .F. ) ;
#3304 = EDGE_CURVE ( 'NONE', #3969, #541, #2944, .T. ) ;
#3305 = CARTESIAN_POINT ( 'NONE',  ( 2.392909663932662134, 0.04159826839416821964, 0.8399999999999996358 ) ) ;
#3306 = ORIENTED_EDGE ( 'NONE', *, *, #4336, .F. ) ;
#3307 = ORIENTED_EDGE ( 'NONE', *, *, #6487, .T. ) ;
#3308 = CARTESIAN_POINT ( 'NONE',  ( -2.165000000000000036, 0.8325000000000144507, 2.109999999999999876 ) ) ;
#3309 = PLANE ( 'NONE',  #2613 ) ;
#3310 = ADVANCED_FACE ( 'NONE', ( #1232 ), #3089, .F. ) ;
#3311 = DIRECTION ( 'NONE',  ( -1.000000000000000000, 0.000000000000000000, 0.000000000000000000 ) ) ;
#3312 = DIRECTION ( 'NONE',  ( -0.9975640502598241977, -0.06975647374412548285, 0.000000000000000000 ) ) ;
#3313 = SURFACE_SIDE_STYLE ('',( #2696 ) ) ;
#3314 = EDGE_CURVE ( 'NONE', #541, #4443, #6580, .T. ) ;
#3315 = ORIENTED_EDGE ( 'NONE', *, *, #1878, .T. ) ;
#3316 = FACE_OUTER_BOUND ( 'NONE', #5232, .T. ) ;
#3317 = CARTESIAN_POINT ( 'NONE',  ( 2.405117046837882633, 0.2161719771896072062, 2.109999999999999876 ) ) ;
#3318 = ORIENTED_EDGE ( 'NONE', *, *, #3617, .F. ) ;
#3319 = CARTESIAN_POINT ( 'NONE',  ( 2.095000000000000195, 1.077499999999984803, 3.379999999999999449 ) ) ;
#3320 = SURFACE_STYLE_FILL_AREA ( #2080 ) ;
#3321 = DIRECTION ( 'NONE',  ( 0.000000000000000000, 1.000000000000000000, 0.000000000000000000 ) ) ;
#3322 = EDGE_CURVE ( 'NONE', #7302, #3912, #5898, .T. ) ;
#3323 = ORIENTED_EDGE ( 'NONE', *, *, #5446, .T. ) ;
#3324 = VERTEX_POINT ( 'NONE', #4709 ) ;
#3325 = CARTESIAN_POINT ( 'NONE',  ( -0.6610000000000000320, 1.750000000000000000, -3.564999999999999503 ) ) ;
#3326 = CARTESIAN_POINT ( 'NONE',  ( 1.949999999999999956, -10.64048871058091983, 4.950000000000000178 ) ) ;
#3327 = ORIENTED_EDGE ( 'NONE', *, *, #176, .F. ) ;
#3328 = PLANE ( 'NONE',  #5045 ) ;
#3329 = ORIENTED_EDGE ( 'NONE', *, *, #3182, .T. ) ;
#3330 = CARTESIAN_POINT ( 'NONE',  ( 3.000000000000000000, 0.1745737087954402911, -0.8400000000000005240 ) ) ;
#3331 = CARTESIAN_POINT ( 'NONE',  ( 1.949999999999999956, 1.077499999999984803, 4.240000000000000213 ) ) ;
#3332 = EDGE_CURVE ( 'NONE', #2356, #3402, #6590, .T. ) ;
#3333 = ORIENTED_EDGE ( 'NONE', *, *, #3175, .F. ) ;
#3334 = VERTEX_POINT ( 'NONE', #7107 ) ;
#3335 = ORIENTED_EDGE ( 'NONE', *, *, #4079, .T. ) ;
#3336 = ORIENTED_EDGE ( 'NONE', *, *, #2597, .F. ) ;
#3337 = LINE ( 'NONE', #5682, #2267 ) ;
#3338 = LINE ( 'NONE', #1065, #7265 ) ;
#3339 = EDGE_LOOP ( 'NONE', ( #2891, #4453, #7085, #3621 ) ) ;
#3340 = ORIENTED_EDGE ( 'NONE', *, *, #6093, .T. ) ;
#3341 = LINE ( 'NONE', #6346, #3733 ) ;
#3342 = ORIENTED_EDGE ( 'NONE', *, *, #4494, .F. ) ;
#3343 = EDGE_CURVE ( 'NONE', #271, #4055, #2975, .T. ) ;
#3344 = VERTEX_POINT ( 'NONE', #707 ) ;
#3345 = ORIENTED_EDGE ( 'NONE', *, *, #1382, .F. ) ;
#3346 = VECTOR ( 'NONE', #498, 1000.000000000000114 ) ;
#3347 = PLANE ( 'NONE',  #1371 ) ;
#3348 = CARTESIAN_POINT ( 'NONE',  ( 1.949999999999999956, 1.077499999999984803, 2.969999999999999751 ) ) ;
#3349 = EDGE_LOOP ( 'NONE', ( #7380, #4767, #2895, #3778 ) ) ;
#3350 = CARTESIAN_POINT ( 'NONE',  ( -1.949999999999999956, 0.9025000000000144018, 0.8399999999999996358 ) ) ;
#3351 = DIRECTION ( 'NONE',  ( -1.000000000000000000, -0.000000000000000000, -0.000000000000000000 ) ) ;
#3352 = CIRCLE ( 'NONE', #3847, 0.07000000000000061728 ) ;
#3353 = AXIS2_PLACEMENT_3D ( 'NONE', #5189, #2815, #4539 ) ;
#3354 = ADVANCED_FACE ( 'NONE', ( #1852 ), #4206, .T. ) ;
#3355 = VERTEX_POINT ( 'NONE', #81 ) ;
#3356 = LINE ( 'NONE', #2071, #3109 ) ;
#3357 = DIRECTION ( 'NONE',  ( -1.000000000000000000, 0.000000000000000000, 0.000000000000000000 ) ) ;
#3358 = ORIENTED_EDGE ( 'NONE', *, *, #5947, .T. ) ;
#3359 = AXIS2_PLACEMENT_3D ( 'NONE', #1580, #371, #2706 ) ;
#3360 = EDGE_CURVE ( 'NONE', #6909, #574, #737, .T. ) ;
#3361 = CLOSED_SHELL ( 'NONE', ( #6423, #4376, #4657, #3883, #5884, #2037, #6464, #491, #5122, #6094, #2127, #4229, #5489, #35 ) ) ;
#3362 = DIRECTION ( 'NONE',  ( 1.000000000000000000, 0.000000000000000000, 0.000000000000000000 ) ) ;
#3363 = PRESENTATION_STYLE_ASSIGNMENT (( #4637 ) ) ;
#3364 = DIRECTION ( 'NONE',  ( -0.000000000000000000, -0.000000000000000000, -1.000000000000000000 ) ) ;
#3365 = ORIENTED_EDGE ( 'NONE', *, *, #5513, .F. ) ;
#3366 = EDGE_CURVE ( 'NONE', #580, #4443, #5392, .T. ) ;
#3367 = EDGE_CURVE ( 'NONE', #101, #2478, #4780, .T. ) ;
#3368 = DIRECTION ( 'NONE',  ( -1.000000000000000000, 0.000000000000000000, 0.000000000000000000 ) ) ;
#3369 = CARTESIAN_POINT ( 'NONE',  ( 1.949999999999999956, 0.9025000000000144018, 2.969999999999999751 ) ) ;
#3370 = VECTOR ( 'NONE', #2456, 1000.000000000000000 ) ;
#3371 = CARTESIAN_POINT ( 'NONE',  ( 1.949999999999999956, 1.077499999999984803, 4.649999999999999467 ) ) ;
#3372 = CARTESIAN_POINT ( 'NONE',  ( 2.165000000000000036, 0.2860014607077954740, 3.379999999999999449 ) ) ;
#3373 = DIRECTION ( 'NONE',  ( 0.000000000000000000, 1.000000000000000000, 0.000000000000000000 ) ) ;
#3374 = VECTOR ( 'NONE', #1853, 1000.000000000000114 ) ;
#3375 = CIRCLE ( 'NONE', #432, 0.07000000000000061728 ) ;
#3376 = ORIENTED_EDGE ( 'NONE', *, *, #1823, .F. ) ;
#3377 = ORIENTED_EDGE ( 'NONE', *, *, #5541, .F. ) ;
#3378 = VERTEX_POINT ( 'NONE', #149 ) ;
#3379 = CARTESIAN_POINT ( 'NONE',  ( -2.165000000000000480, 0.8325000000000144507, -4.240000000000001101 ) ) ;
#3380 = CARTESIAN_POINT ( 'NONE',  ( -2.409999999999970832, 0.2860014607077954185, 3.379999999999999449 ) ) ;
#3381 = ORIENTED_EDGE ( 'NONE', *, *, #4999, .T. ) ;
#3382 = ORIENTED_EDGE ( 'NONE', *, *, #1304, .T. ) ;
#3383 = CIRCLE ( 'NONE', #3749, 0.07000000000000018707 ) ;
#3384 = AXIS2_PLACEMENT_3D ( 'NONE', #6403, #125, #7576 ) ;
#3385 = DIRECTION ( 'NONE',  ( -0.000000000000000000, -0.000000000000000000, -1.000000000000000000 ) ) ;
#3386 = DIRECTION ( 'NONE',  ( -0.000000000000000000, -0.000000000000000000, -1.000000000000000000 ) ) ;
#3387 = EDGE_LOOP ( 'NONE', ( #7168, #5000, #4595, #5456 ) ) ;
#3388 = AXIS2_PLACEMENT_3D ( 'NONE', #5536, #284, #2610 ) ;
#3389 = ORIENTED_EDGE ( 'NONE', *, *, #340, .F. ) ;
#3390 = STYLED_ITEM ( 'NONE', ( #6272 ), #6878 ) ;
#3391 = DIRECTION ( 'NONE',  ( -0.000000000000000000, -0.000000000000000000, -1.000000000000000000 ) ) ;
#3392 = PLANE ( 'NONE',  #6416 ) ;
#3393 = CARTESIAN_POINT ( 'NONE',  ( -2.409999999999970832, 0.2860014607077954185, 4.240000000000000213 ) ) ;
#3394 = ADVANCED_FACE ( 'NONE', ( #4812 ), #667, .T. ) ;
#3395 = CARTESIAN_POINT ( 'NONE',  ( 2.339999999999969660, 0.2860014607077954185, 4.649999999999999467 ) ) ;
#3396 = EDGE_CURVE ( 'NONE', #4542, #6631, #4244, .T. ) ;
#3397 = LINE ( 'NONE', #5743, #5569 ) ;
#3398 = VECTOR ( 'NONE', #3854, 1000.000000000000000 ) ;
#3399 = ORIENTED_EDGE ( 'NONE', *, *, #6247, .T. ) ;
#3400 = LINE ( 'NONE', #2114, #4314 ) ;
#3401 = LINE ( 'NONE', #4587, #1931 ) ;
#3402 = VERTEX_POINT ( 'NONE', #6012 ) ;
#3403 = VECTOR ( 'NONE', #2952, 1000.000000000000000 ) ;
#3404 = CARTESIAN_POINT ( 'NONE',  ( 2.095000000000000195, 0.8325000000000144507, -0.4300000000000007150 ) ) ;
#3405 = DIRECTION ( 'NONE',  ( -1.000000000000000000, 0.000000000000000000, 0.000000000000000000 ) ) ;
#3406 = AXIS2_PLACEMENT_3D ( 'NONE', #4100, #2789, #6281 ) ;
#3407 = ORIENTED_EDGE ( 'NONE', *, *, #6314, .T. ) ;
#3408 = CARTESIAN_POINT ( 'NONE',  ( 2.095000000000000195, 0.8325000000000144507, -0.4300000000000007150 ) ) ;
#3409 = CARTESIAN_POINT ( 'NONE',  ( -2.392909663932662134, 0.04159826839416821964, -1.700000000000000622 ) ) ;
#3410 = CARTESIAN_POINT ( 'NONE',  ( -1.949999999999999956, 1.077499999999984803, -2.110000000000000320 ) ) ;
#3411 = EDGE_CURVE ( 'NONE', #6552, #441, #2913, .T. ) ;
#3412 =( GEOMETRIC_REPRESENTATION_CONTEXT ( 3 ) GLOBAL_UNCERTAINTY_ASSIGNED_CONTEXT ( ( #4066 ) ) GLOBAL_UNIT_ASSIGNED_CONTEXT ( ( #4658, #615, #7158 ) ) REPRESENTATION_CONTEXT ( 'NONE', 'WORKASPACE' ) );
#3413 = FACE_OUTER_BOUND ( 'NONE', #7047, .T. ) ;
#3414 = ORIENTED_EDGE ( 'NONE', *, *, #2068, .F. ) ;
#3415 = DIRECTION ( 'NONE',  ( -0.000000000000000000, -0.000000000000000000, -1.000000000000000000 ) ) ;
#3416 = DIRECTION ( 'NONE',  ( -0.000000000000000000, -0.000000000000000000, -1.000000000000000000 ) ) ;
#3417 = EDGE_CURVE ( 'NONE', #4055, #945, #2435, .T. ) ;
#3418 = ADVANCED_FACE ( 'NONE', ( #596 ), #2357, .F. ) ;
#3419 = VERTEX_POINT ( 'NONE', #4138 ) ;
#3420 = VERTEX_POINT ( 'NONE', #6475 ) ;
#3421 = CARTESIAN_POINT ( 'NONE',  ( -3.000000000000000000, 0.1745737087954402911, -2.970000000000000639 ) ) ;
#3422 = DIRECTION ( 'NONE',  ( 0.06975647374412288770, -0.9975640502598244197, -0.000000000000000000 ) ) ;
#3423 = ORIENTED_EDGE ( 'NONE', *, *, #6330, .F. ) ;
#3424 = DIRECTION ( 'NONE',  ( -0.000000000000000000, -0.000000000000000000, -1.000000000000000000 ) ) ;
#3425 = EDGE_LOOP ( 'NONE', ( #2458, #5492, #5828, #2027 ) ) ;
#3426 = FACE_OUTER_BOUND ( 'NONE', #1023, .T. ) ;
#3427 = EDGE_CURVE ( 'NONE', #5226, #1224, #1413, .T. ) ;
#3428 =( NAMED_UNIT ( * ) SI_UNIT ( $, .STERADIAN. ) SOLID_ANGLE_UNIT ( ) );
#3429 = ORIENTED_EDGE ( 'NONE', *, *, #3343, .T. ) ;
#3430 = ORIENTED_EDGE ( 'NONE', *, *, #3120, .T. ) ;
#3431 = CARTESIAN_POINT ( 'NONE',  ( 2.409999999999970832, 0.2860014607077954185, -0.4300000000000007150 ) ) ;
#3432 = CARTESIAN_POINT ( 'NONE',  ( -2.987792617094780834, 5.421010862427522170E-16, -0.8400000000000005240 ) ) ;
#3433 = CARTESIAN_POINT ( 'NONE',  ( 2.095000000000000195, 0.8325000000000144507, 3.379999999999999449 ) ) ;
#3434 = ORIENTED_EDGE ( 'NONE', *, *, #2727, .F. ) ;
#3435 = LINE ( 'NONE', #6311, #102 ) ;
#3436 = ORIENTED_EDGE ( 'NONE', *, *, #3197, .F. ) ;
#3437 = CARTESIAN_POINT ( 'NONE',  ( 2.095000000000000195, 1.077499999999984803, -3.380000000000000338 ) ) ;
#3438 = ADVANCED_FACE ( 'NONE', ( #5619 ), #1343, .F. ) ;
#3439 = ORIENTED_EDGE ( 'NONE', *, *, #5243, .T. ) ;
#3440 = VERTEX_POINT ( 'NONE', #920 ) ;
#3441 = CARTESIAN_POINT ( 'NONE',  ( 2.409999999999970832, 0.2860014607077954185, 4.649999999999999467 ) ) ;
#3442 = FACE_OUTER_BOUND ( 'NONE', #288, .T. ) ;
#3443 = CARTESIAN_POINT ( 'NONE',  ( 2.095000000000000195, 1.077499999999984803, 4.649999999999999467 ) ) ;
#3444 = FACE_OUTER_BOUND ( 'NONE', #356, .T. ) ;
#3445 = DIRECTION ( 'NONE',  ( 0.000000000000000000, 0.000000000000000000, 1.000000000000000000 ) ) ;
#3446 = VERTEX_POINT ( 'NONE', #6046 ) ;
#3447 = ORIENTED_EDGE ( 'NONE', *, *, #6003, .T. ) ;
#3448 = FACE_OUTER_BOUND ( 'NONE', #3264, .T. ) ;
#3449 = LINE ( 'NONE', #86, #3873 ) ;
#3450 = LINE ( 'NONE', #2834, #3998 ) ;
#3451 = EDGE_CURVE ( 'NONE', #4083, #3969, #3126, .T. ) ;
#3452 = CARTESIAN_POINT ( 'NONE',  ( 2.405117046837882633, 0.2161719771896072062, 4.240000000000000213 ) ) ;
#3453 = ORIENTED_EDGE ( 'NONE', *, *, #2462, .F. ) ;
#3454 = DIRECTION ( 'NONE',  ( 0.000000000000000000, 0.000000000000000000, 1.000000000000000000 ) ) ;
#3455 = DIRECTION ( 'NONE',  ( 0.000000000000000000, 0.000000000000000000, 1.000000000000000000 ) ) ;
#3456 = EDGE_CURVE ( 'NONE', #4402, #4427, #6584, .T. ) ;
#3457 = ORIENTED_EDGE ( 'NONE', *, *, #6855, .T. ) ;
#3458 = VECTOR ( 'NONE', #4418, 1000.000000000000227 ) ;
#3459 = CARTESIAN_POINT ( 'NONE',  ( 2.095000000000000195, 1.077499999999984803, -4.240000000000001101 ) ) ;
#3460 = EDGE_CURVE ( 'NONE', #4443, #2077, #6121, .T. ) ;
#3461 = DIRECTION ( 'NONE',  ( 0.000000000000000000, 0.000000000000000000, 1.000000000000000000 ) ) ;
#3462 = EDGE_LOOP ( 'NONE', ( #5571, #4732, #2831, #4103 ) ) ;
#3463 = CARTESIAN_POINT ( 'NONE',  ( 2.095000000000000195, 1.077499999999984803, 2.969999999999999751 ) ) ;
#3464 = ORIENTED_EDGE ( 'NONE', *, *, #1007, .F. ) ;
#3465 = ORIENTED_EDGE ( 'NONE', *, *, #6981, .F. ) ;
#3466 = VECTOR ( 'NONE', #4332, 1000.000000000000000 ) ;
#3467 = DIRECTION ( 'NONE',  ( 0.000000000000000000, -1.000000000000000000, 0.000000000000000000 ) ) ;
#3468 = ORIENTED_EDGE ( 'NONE', *, *, #3696, .F. ) ;
#3469 = VERTEX_POINT ( 'NONE', #3809 ) ;
#3470 = LINE ( 'NONE', #1105, #7167 ) ;
#3471 = DIRECTION ( 'NONE',  ( -0.000000000000000000, -0.000000000000000000, -1.000000000000000000 ) ) ;
#3472 = EDGE_CURVE ( 'NONE', #5561, #3893, #2501, .T. ) ;
#3473 = LINE ( 'NONE', #2315, #4361 ) ;
#3474 = ORIENTED_EDGE ( 'NONE', *, *, #158, .T. ) ;
#3475 = VECTOR ( 'NONE', #3039, 1000.000000000000000 ) ;
#3476 = PLANE ( 'NONE',  #5105 ) ;
#3477 = DIRECTION ( 'NONE',  ( 1.000000000000000000, 0.000000000000000000, -0.000000000000000000 ) ) ;
#3478 = EDGE_LOOP ( 'NONE', ( #6106, #6565, #7561, #5888 ) ) ;
#3479 = ORIENTED_EDGE ( 'NONE', *, *, #1713, .F. ) ;
#3480 = DIRECTION ( 'NONE',  ( 1.587125446138869267E-15, -1.000000000000000000, -0.000000000000000000 ) ) ;
#3481 = DIRECTION ( 'NONE',  ( 1.000000000000000000, 1.587125446138869267E-15, -0.000000000000000000 ) ) ;
#3482 = ADVANCED_FACE ( 'NONE', ( #3234 ), #4851, .F. ) ;
#3483 = PLANE ( 'NONE',  #564 ) ;
#3484 = AXIS2_PLACEMENT_3D ( 'NONE', #5125, #7363, #3862 ) ;
#3485 = VECTOR ( 'NONE', #5851, 1000.000000000000000 ) ;
#3486 = CYLINDRICAL_SURFACE ( 'NONE', #6474, 0.2449999999999704914 ) ;
#3487 = PLANE ( 'NONE',  #4462 ) ;
#3488 = VERTEX_POINT ( 'NONE', #1493 ) ;
#3489 = CIRCLE ( 'NONE', #2244, 0.2449999999999709355 ) ;
#3490 = VERTEX_POINT ( 'NONE', #217 ) ;
#3491 = CARTESIAN_POINT ( 'NONE',  ( -2.339999999999969660, 0.2860014607077954185, 3.379999999999999449 ) ) ;
#3492 = DIRECTION ( 'NONE',  ( -0.000000000000000000, -0.000000000000000000, -1.000000000000000000 ) ) ;
#3493 = CARTESIAN_POINT ( 'NONE',  ( 2.392909663932662134, 0.04159826839416821964, 2.969999999999999751 ) ) ;
#3494 =( NAMED_UNIT ( * ) PLANE_ANGLE_UNIT ( ) SI_UNIT ( $, .RADIAN. ) );
#3495 = EDGE_CURVE ( 'NONE', #6932, #5801, #7211, .T. ) ;
#3496 = CARTESIAN_POINT ( 'NONE',  ( -1.949999999999999956, 1.077499999999984803, -4.240000000000001101 ) ) ;
#3497 = DIRECTION ( 'NONE',  ( 0.000000000000000000, 0.000000000000000000, 1.000000000000000000 ) ) ;
#3498 = CIRCLE ( 'NONE', #3359, 0.3800000000000001155 ) ;
#3499 = ORIENTED_EDGE ( 'NONE', *, *, #3541, .F. ) ;
#3500 = ORIENTED_EDGE ( 'NONE', *, *, #2899, .T. ) ;
#3501 = DIRECTION ( 'NONE',  ( -0.000000000000000000, -0.000000000000000000, -1.000000000000000000 ) ) ;
#3502 = DIRECTION ( 'NONE',  ( -1.000000000000000000, 0.000000000000000000, 0.000000000000000000 ) ) ;
#3503 = DIRECTION ( 'NONE',  ( 0.000000000000000000, 1.000000000000000000, 0.000000000000000000 ) ) ;
#3504 = ORIENTED_EDGE ( 'NONE', *, *, #588, .T. ) ;
#3505 = ORIENTED_EDGE ( 'NONE', *, *, #682, .F. ) ;
#3506 = VECTOR ( 'NONE', #2533, 1000.000000000000000 ) ;
#3507 = AXIS2_PLACEMENT_3D ( 'NONE', #494, #2139, #5728 ) ;
#3508 = EDGE_LOOP ( 'NONE', ( #6676, #3600, #2593, #904 ) ) ;
#3509 = EDGE_LOOP ( 'NONE', ( #1196, #2103, #1815, #4525 ) ) ;
#3510 = CARTESIAN_POINT ( 'NONE',  ( -2.095000000000000195, 0.8325000000000144507, 4.649999999999999467 ) ) ;
#3511 = CARTESIAN_POINT ( 'NONE',  ( -3.000000000000000000, 0.1745737087954402911, 2.109999999999999876 ) ) ;
#3512 = VECTOR ( 'NONE', #4557, 1000.000000000000000 ) ;
#3513 = VECTOR ( 'NONE', #3198, 1000.000000000000000 ) ;
#3514 = DIRECTION ( 'NONE',  ( 0.000000000000000000, 0.000000000000000000, 1.000000000000000000 ) ) ;
#3515 = EDGE_CURVE ( 'NONE', #2468, #3881, #1928, .T. ) ;
#3516 = ADVANCED_FACE ( 'NONE', ( #253 ), #4887, .T. ) ;
#3517 = VECTOR ( 'NONE', #4391, 1000.000000000000000 ) ;
#3518 = EDGE_CURVE ( 'NONE', #881, #3935, #843, .T. ) ;
#3519 =( GEOMETRIC_REPRESENTATION_CONTEXT ( 3 ) GLOBAL_UNCERTAINTY_ASSIGNED_CONTEXT ( ( #1126 ) ) GLOBAL_UNIT_ASSIGNED_CONTEXT ( ( #5698, #111, #2386 ) ) REPRESENTATION_CONTEXT ( 'NONE', 'WORKASPACE' ) );
#3520 = ORIENTED_EDGE ( 'NONE', *, *, #6003, .F. ) ;
#3521 = ORIENTED_EDGE ( 'NONE', *, *, #5761, .T. ) ;
#3522 = DIRECTION ( 'NONE',  ( -0.000000000000000000, -0.000000000000000000, -1.000000000000000000 ) ) ;
#3523 = PLANE ( 'NONE',  #1502 ) ;
#3524 = DIRECTION ( 'NONE',  ( 2.380688169208303900E-15, 1.000000000000000000, 0.000000000000000000 ) ) ;
#3525 = VECTOR ( 'NONE', #2455, 1000.000000000000000 ) ;
#3526 = CARTESIAN_POINT ( 'NONE',  ( -2.095000000000000195, 0.9025000000000142908, -4.650000000000000355 ) ) ;
#3527 = DIRECTION ( 'NONE',  ( -0.000000000000000000, -0.000000000000000000, -1.000000000000000000 ) ) ;
#3528 = ADVANCED_FACE ( 'NONE', ( #4383 ), #4343, .F. ) ;
#3529 = VECTOR ( 'NONE', #1705, 1000.000000000000000 ) ;
#3530 = ORIENTED_EDGE ( 'NONE', *, *, #4546, .F. ) ;
#3531 = AXIS2_PLACEMENT_3D ( 'NONE', #4181, #4823, #6629 ) ;
#3532 = DIRECTION ( 'NONE',  ( 1.587125446138869267E-15, -1.000000000000000000, -0.000000000000000000 ) ) ;
#3533 = DIRECTION ( 'NONE',  ( -1.000000000000000000, -0.000000000000000000, -0.000000000000000000 ) ) ;
#3534 = UNCERTAINTY_MEASURE_WITH_UNIT (LENGTH_MEASURE( 1.000000000000000082E-05 ), #7384, 'distance_accuracy_value', 'NONE');
#3535 = CARTESIAN_POINT ( 'NONE',  ( 2.987792617094780834, 5.421010862427522170E-16, 3.379999999999999449 ) ) ;
#3536 = FACE_OUTER_BOUND ( 'NONE', #1148, .T. ) ;
#3537 = CARTESIAN_POINT ( 'NONE',  ( -1.949999999999999956, 1.077499999999984803, 0.8399999999999996358 ) ) ;
#3538 = CARTESIAN_POINT ( 'NONE',  ( -2.095000000000000195, 1.077499999999984803, 4.649999999999999467 ) ) ;
#3539 = VECTOR ( 'NONE', #1463, 1000.000000000000114 ) ;
#3540 = ADVANCED_FACE ( 'NONE', ( #6766 ), #4956, .F. ) ;
#3541 = EDGE_CURVE ( 'NONE', #3121, #2149, #1453, .T. ) ;
#3542 = CIRCLE ( 'NONE', #2047, 0.2449999999999704914 ) ;
#3543 = ORIENTED_EDGE ( 'NONE', *, *, #1489, .F. ) ;
#3544 = LINE ( 'NONE', #3650, #2893 ) ;
#3545 = CARTESIAN_POINT ( 'NONE',  ( 3.000000000000000000, 0.1745737087954402911, 2.109999999999999876 ) ) ;
#3546 = ORIENTED_EDGE ( 'NONE', *, *, #1708, .F. ) ;
#3547 = FACE_OUTER_BOUND ( 'NONE', #4209, .T. ) ;
#3548 = ORIENTED_EDGE ( 'NONE', *, *, #1425, .T. ) ;
#3549 = AXIS2_PLACEMENT_3D ( 'NONE', #3169, #6736, #2076 ) ;
#3550 = DIRECTION ( 'NONE',  ( -0.000000000000000000, -0.000000000000000000, -1.000000000000000000 ) ) ;
#3551 = ORIENTED_EDGE ( 'NONE', *, *, #110, .F. ) ;
#3552 = ORIENTED_EDGE ( 'NONE', *, *, #1092, .T. ) ;
#3553 = ORIENTED_EDGE ( 'NONE', *, *, #2622, .T. ) ;
#3554 = PLANE ( 'NONE',  #2600 ) ;
#3555 = DIRECTION ( 'NONE',  ( 0.9975640502598241977, 0.06975647374412548285, -0.000000000000000000 ) ) ;
#3556 = CARTESIAN_POINT ( 'NONE',  ( -2.095000000000000195, 1.077499999999984803, -3.380000000000000338 ) ) ;
#3557 = DIRECTION ( 'NONE',  ( -1.000000000000000000, 0.000000000000000000, 0.000000000000000000 ) ) ;
#3558 = DIRECTION ( 'NONE',  ( -0.9975640502598241977, -0.06975647374412531632, -0.000000000000000000 ) ) ;
#3559 = EDGE_CURVE ( 'NONE', #3893, #4847, #5577, .T. ) ;
#3560 = ORIENTED_EDGE ( 'NONE', *, *, #1235, .F. ) ;
#3561 = ORIENTED_EDGE ( 'NONE', *, *, #2854, .T. ) ;
#3562 = CARTESIAN_POINT ( 'NONE',  ( -2.987792617094780834, 5.421010862427522170E-16, 0.8399999999999996358 ) ) ;
#3563 = CARTESIAN_POINT ( 'NONE',  ( -3.000000000000000000, 0.1745737087954402911, -0.8400000000000005240 ) ) ;
#3564 = DIRECTION ( 'NONE',  ( -1.000000000000000000, 0.000000000000000000, 0.000000000000000000 ) ) ;
#3565 = DIRECTION ( 'NONE',  ( -0.000000000000000000, -0.000000000000000000, -1.000000000000000000 ) ) ;
#3566 = EDGE_CURVE ( 'NONE', #427, #5220, #2657, .T. ) ;
#3567 = PRESENTATION_STYLE_ASSIGNMENT (( #6477 ) ) ;
#3568 = DIRECTION ( 'NONE',  ( 1.000000000000000000, 0.000000000000000000, 0.000000000000000000 ) ) ;
#3569 = ORIENTED_EDGE ( 'NONE', *, *, #2525, .T. ) ;
#3570 = DIRECTION ( 'NONE',  ( -0.000000000000000000, -0.000000000000000000, -1.000000000000000000 ) ) ;
#3571 = PLANE ( 'NONE',  #6686 ) ;
#3572 = DIRECTION ( 'NONE',  ( -1.000000000000000000, 0.000000000000000000, 0.000000000000000000 ) ) ;
#3573 = ADVANCED_FACE ( 'NONE', ( #2070 ), #395, .F. ) ;
#3574 = CARTESIAN_POINT ( 'NONE',  ( 2.339999999999969660, 0.2860014607077954185, 3.379999999999999449 ) ) ;
#3575 = DIRECTION ( 'NONE',  ( -0.000000000000000000, -0.000000000000000000, -1.000000000000000000 ) ) ;
#3576 = VERTEX_POINT ( 'NONE', #2859 ) ;
#3577 = CARTESIAN_POINT ( 'NONE',  ( -2.339999999999970548, 0.8325000000000144507, 0.8399999999999996358 ) ) ;
#3578 = ADVANCED_FACE ( 'NONE', ( #958 ), #6898, .F. ) ;
#3579 = DIRECTION ( 'NONE',  ( -0.000000000000000000, -0.000000000000000000, -1.000000000000000000 ) ) ;
#3580 = DIRECTION ( 'NONE',  ( -0.000000000000000000, -0.000000000000000000, -1.000000000000000000 ) ) ;
#3581 = VERTEX_POINT ( 'NONE', #1608 ) ;
#3582 = VERTEX_POINT ( 'NONE', #5699 ) ;
#3583 = VERTEX_POINT ( 'NONE', #4459 ) ;
#3584 = CARTESIAN_POINT ( 'NONE',  ( -2.409999999999970832, 0.2860014607077954185, 2.109999999999999876 ) ) ;
#3585 = DIRECTION ( 'NONE',  ( -0.000000000000000000, -0.000000000000000000, -1.000000000000000000 ) ) ;
#3586 = DIRECTION ( 'NONE',  ( 0.06975647374412288770, -0.9975640502598244197, -0.000000000000000000 ) ) ;
#3587 = CARTESIAN_POINT ( 'NONE',  ( -2.165000000000000480, 0.8325000000000144507, -0.4300000000000007150 ) ) ;
#3588 = AXIS2_PLACEMENT_3D ( 'NONE', #1725, #6269, #4014 ) ;
#3589 = DIRECTION ( 'NONE',  ( 0.000000000000000000, 0.000000000000000000, 1.000000000000000000 ) ) ;
#3590 = ORIENTED_EDGE ( 'NONE', *, *, #26, .T. ) ;
#3591 = EDGE_LOOP ( 'NONE', ( #6263, #5510, #2401, #6828 ) ) ;
#3592 = AXIS2_PLACEMENT_3D ( 'NONE', #7235, #5567, #3841 ) ;
#3593 = CARTESIAN_POINT ( 'NONE',  ( -2.095000000000000195, 1.077499999999984803, -2.970000000000000639 ) ) ;
#3594 = DIRECTION ( 'NONE',  ( 0.000000000000000000, -1.000000000000000000, 0.000000000000000000 ) ) ;
#3595 = CARTESIAN_POINT ( 'NONE',  ( 2.165000000000000480, 0.8325000000000144507, -1.700000000000000622 ) ) ;
#3596 = CARTESIAN_POINT ( 'NONE',  ( -2.095000000000000195, 0.8325000000000144507, 2.969999999999999751 ) ) ;
#3597 = SURFACE_SIDE_STYLE ('',( #2541 ) ) ;
#3598 = ADVANCED_FACE ( 'NONE', ( #1651 ), #6274, .F. ) ;
#3599 = VECTOR ( 'NONE', #7117, 1000.000000000000000 ) ;
#3600 = ORIENTED_EDGE ( 'NONE', *, *, #251, .F. ) ;
#3601 = ADVANCED_FACE ( 'NONE', ( #7483 ), #3476, .F. ) ;
#3602 = CARTESIAN_POINT ( 'NONE',  ( -2.339999999999970104, 0.2860014607077954185, 0.8399999999999996358 ) ) ;
#3603 = AXIS2_PLACEMENT_3D ( 'NONE', #924, #5704, #5078 ) ;
#3604 = DIRECTION ( 'NONE',  ( 0.06975647374412288770, -0.9975640502598244197, -0.000000000000000000 ) ) ;
#3605 = LINE ( 'NONE', #4821, #3136 ) ;
#3606 = CARTESIAN_POINT ( 'NONE',  ( -0.6610000000000000320, 1.700000000000000178, -3.944999999999999840 ) ) ;
#3607 = DIRECTION ( 'NONE',  ( -1.000000000000000000, 0.000000000000000000, 0.000000000000000000 ) ) ;
#3608 = DIRECTION ( 'NONE',  ( 0.06975647374412288770, -0.9975640502598244197, -0.000000000000000000 ) ) ;
#3609 = CIRCLE ( 'NONE', #1758, 0.2449999999999709355 ) ;
#3610 = ADVANCED_FACE ( 'NONE', ( #1040 ), #362, .F. ) ;
#3611 = ORIENTED_EDGE ( 'NONE', *, *, #372, .T. ) ;
#3612 = CARTESIAN_POINT ( 'NONE',  ( 3.000000000000000000, 0.1745737087954402911, -2.970000000000000639 ) ) ;
#3613 = CARTESIAN_POINT ( 'NONE',  ( -2.095000000000000195, 0.9025000000000142908, 4.649999999999999467 ) ) ;
#3614 = VECTOR ( 'NONE', #6192, 1000.000000000000114 ) ;
#3615 = DIRECTION ( 'NONE',  ( -0.000000000000000000, -0.000000000000000000, -1.000000000000000000 ) ) ;
#3616 = ORIENTED_EDGE ( 'NONE', *, *, #3288, .F. ) ;
#3617 = EDGE_CURVE ( 'NONE', #6071, #503, #3435, .T. ) ;
#3618 = VECTOR ( 'NONE', #6124, 1000.000000000000000 ) ;
#3619 = LINE ( 'NONE', #2961, #4381 ) ;
#3620 = ORIENTED_EDGE ( 'NONE', *, *, #6127, .F. ) ;
#3621 = ORIENTED_EDGE ( 'NONE', *, *, #632, .T. ) ;
#3622 = CARTESIAN_POINT ( 'NONE',  ( 1.949999999999999956, 0.9025000000000144018, -1.700000000000000622 ) ) ;
#3623 = LINE ( 'NONE', #6579, #7410 ) ;
#3624 = FILL_AREA_STYLE_COLOUR ( '', #1050 ) ;
#3625 = CARTESIAN_POINT ( 'NONE',  ( -2.095000000000000195, 0.8325000000000144507, -1.700000000000000622 ) ) ;
#3626 = VECTOR ( 'NONE', #113, 1000.000000000000000 ) ;
#3627 = CARTESIAN_POINT ( 'NONE',  ( -1.949999999999999956, 0.9025000000000144018, -1.700000000000000622 ) ) ;
#3628 = ORIENTED_EDGE ( 'NONE', *, *, #7245, .T. ) ;
#3629 = VECTOR ( 'NONE', #973, 1000.000000000000000 ) ;
#3630 = ORIENTED_EDGE ( 'NONE', *, *, #2446, .T. ) ;
#3631 = VECTOR ( 'NONE', #2185, 1000.000000000000000 ) ;
#3632 = EDGE_CURVE ( 'NONE', #3287, #1400, #5653, .T. ) ;
#3633 = DIRECTION ( 'NONE',  ( 0.000000000000000000, 0.000000000000000000, 1.000000000000000000 ) ) ;
#3634 = LINE ( 'NONE', #5534, #5927 ) ;
#3635 = DIRECTION ( 'NONE',  ( -0.000000000000000000, -0.000000000000000000, -1.000000000000000000 ) ) ;
#3636 = CARTESIAN_POINT ( 'NONE',  ( 2.165000000000000036, 0.2860014607077954740, -4.650000000000000355 ) ) ;
#3637 = CARTESIAN_POINT ( 'NONE',  ( -2.095000000000000195, 0.8325000000000144507, 4.649999999999999467 ) ) ;
#3638 = VECTOR ( 'NONE', #189, 1000.000000000000000 ) ;
#3639 = VECTOR ( 'NONE', #4144, 1000.000000000000114 ) ;
#3640 = ORIENTED_EDGE ( 'NONE', *, *, #603, .F. ) ;
#3641 = CARTESIAN_POINT ( 'NONE',  ( -2.392909663932662134, 0.04159826839416821964, 4.649999999999999467 ) ) ;
#3642 = AXIS2_PLACEMENT_3D ( 'NONE', #3395, #2109, #6234 ) ;
#3643 = CARTESIAN_POINT ( 'NONE',  ( 1.949999999999999956, 1.077499999999984803, -3.380000000000000338 ) ) ;
#3644 = CARTESIAN_POINT ( 'NONE',  ( 2.987792617094780834, 5.421010862427522170E-16, -2.970000000000000639 ) ) ;
#3645 = DIRECTION ( 'NONE',  ( -1.000000000000000000, 0.000000000000000000, 0.000000000000000000 ) ) ;
#3646 = DIRECTION ( 'NONE',  ( -1.000000000000000000, 0.000000000000000000, 0.000000000000000000 ) ) ;
#3647 = EDGE_CURVE ( 'NONE', #1659, #7375, #7092, .T. ) ;
#3648 = EDGE_CURVE ( 'NONE', #7137, #5418, #6859, .T. ) ;
#3649 = ORIENTED_EDGE ( 'NONE', *, *, #6981, .T. ) ;
#3650 = CARTESIAN_POINT ( 'NONE',  ( 2.339999999999969660, 0.2860014607077954185, 4.649999999999999467 ) ) ;
#3651 = AXIS2_PLACEMENT_3D ( 'NONE', #6206, #3746, #851 ) ;
#3652 = DIRECTION ( 'NONE',  ( 1.587125446138869267E-15, 1.000000000000000000, 0.000000000000000000 ) ) ;
#3653 = LINE ( 'NONE', #789, #1874 ) ;
#3654 = ORIENTED_EDGE ( 'NONE', *, *, #4902, .T. ) ;
#3655 = ADVANCED_FACE ( 'NONE', ( #2276 ), #3939, .F. ) ;
#3656 = VECTOR ( 'NONE', #4288, 1000.000000000000000 ) ;
#3657 = ORIENTED_EDGE ( 'NONE', *, *, #2304, .T. ) ;
#3658 = LINE ( 'NONE', #5885, #4988 ) ;
#3659 = ORIENTED_EDGE ( 'NONE', *, *, #7155, .F. ) ;
#3660 = VERTEX_POINT ( 'NONE', #6356 ) ;
#3661 = DIRECTION ( 'NONE',  ( 0.000000000000000000, 0.000000000000000000, 1.000000000000000000 ) ) ;
#3662 = CARTESIAN_POINT ( 'NONE',  ( 2.339999999999969660, 0.2860014607077954185, 0.4299999999999998268 ) ) ;
#3663 =( NAMED_UNIT ( * ) SI_UNIT ( $, .STERADIAN. ) SOLID_ANGLE_UNIT ( ) );
#3664 = ORIENTED_EDGE ( 'NONE', *, *, #6637, .T. ) ;
#3665 = EDGE_CURVE ( 'NONE', #7422, #4191, #1075, .T. ) ;
#3666 = DIRECTION ( 'NONE',  ( 0.000000000000000000, -0.000000000000000000, -1.000000000000000000 ) ) ;
#3667 = VERTEX_POINT ( 'NONE', #7557 ) ;
#3668 = VERTEX_POINT ( 'NONE', #1695 ) ;
#3669 = CARTESIAN_POINT ( 'NONE',  ( 2.095000000000000195, 1.077499999999984803, 1.700000000000000178 ) ) ;
#3670 = DIRECTION ( 'NONE',  ( -1.000000000000000000, 0.000000000000000000, 0.000000000000000000 ) ) ;
#3671 = CARTESIAN_POINT ( 'NONE',  ( -1.949999999999999956, -10.64048871058091983, 4.950000000000000178 ) ) ;
#3672 = ADVANCED_FACE ( 'NONE', ( #5118 ), #2197, .F. ) ;
#3673 = DIRECTION ( 'NONE',  ( -1.000000000000000000, -0.000000000000000000, -0.000000000000000000 ) ) ;
#3674 = FILL_AREA_STYLE ('',( #3091 ) ) ;
#3675 = EDGE_CURVE ( 'NONE', #1400, #304, #6937, .T. ) ;
#3676 = ORIENTED_EDGE ( 'NONE', *, *, #4205, .F. ) ;
#3677 = CARTESIAN_POINT ( 'NONE',  ( -1.949999999999999956, 0.9025000000000144018, -4.950000000000000178 ) ) ;
#3678 = DIRECTION ( 'NONE',  ( -1.000000000000000000, 0.000000000000000000, 0.000000000000000000 ) ) ;
#3679 = DIRECTION ( 'NONE',  ( 1.000000000000000000, 0.000000000000000000, 0.000000000000000000 ) ) ;
#3680 = CARTESIAN_POINT ( 'NONE',  ( 3.000000000000000000, 0.1745737087954402911, 2.969999999999999751 ) ) ;
#3681 = CARTESIAN_POINT ( 'NONE',  ( -2.987792617094780834, 5.421010862427522170E-16, 0.4299999999999998268 ) ) ;
#3682 = ORIENTED_EDGE ( 'NONE', *, *, #75, .F. ) ;
#3683 = DIRECTION ( 'NONE',  ( -1.000000000000000000, 0.000000000000000000, 0.000000000000000000 ) ) ;
#3684 = LINE ( 'NONE', #303, #2858 ) ;
#3685 = DIRECTION ( 'NONE',  ( -0.000000000000000000, -0.000000000000000000, -1.000000000000000000 ) ) ;
#3686 = ADVANCED_FACE ( 'NONE', ( #1109 ), #5027, .F. ) ;
#3687 = ORIENTED_EDGE ( 'NONE', *, *, #1586, .F. ) ;
#3688 = FACE_OUTER_BOUND ( 'NONE', #1771, .T. ) ;
#3689 = ORIENTED_EDGE ( 'NONE', *, *, #2400, .F. ) ;
#3690 = ORIENTED_EDGE ( 'NONE', *, *, #4518, .F. ) ;
#3691 = EDGE_CURVE ( 'NONE', #4529, #6586, #2410, .T. ) ;
#3692 = CARTESIAN_POINT ( 'NONE',  ( -3.000000000000000000, 0.1745737087954402911, -1.700000000000000622 ) ) ;
#3693 = LINE ( 'NONE', #7201, #1979 ) ;
#3694 = DIRECTION ( 'NONE',  ( 1.000000000000000000, 0.000000000000000000, 0.000000000000000000 ) ) ;
#3695 = DIRECTION ( 'NONE',  ( -0.000000000000000000, -0.000000000000000000, -1.000000000000000000 ) ) ;
#3696 = EDGE_CURVE ( 'NONE', #5187, #3949, #5815, .T. ) ;
#3697 = ORIENTED_EDGE ( 'NONE', *, *, #456, .T. ) ;
#3698 = EDGE_LOOP ( 'NONE', ( #6685, #6126, #3336, #5529 ) ) ;
#3699 = CARTESIAN_POINT ( 'NONE',  ( -2.409999999999970832, 0.2860014607077954185, -2.970000000000000639 ) ) ;
#3700 = CARTESIAN_POINT ( 'NONE',  ( -2.339999999999969660, 0.2860014607077954185, 1.700000000000000178 ) ) ;
#3701 = CARTESIAN_POINT ( 'NONE',  ( 2.095000000000000195, 0.8325000000000144507, 2.109999999999999876 ) ) ;
#3702 = DIRECTION ( 'NONE',  ( 0.000000000000000000, 0.000000000000000000, 1.000000000000000000 ) ) ;
#3703 = ADVANCED_FACE ( 'NONE', ( #1149 ), #5271, .F. ) ;
#3704 = ORIENTED_EDGE ( 'NONE', *, *, #5639, .T. ) ;
#3705 = CARTESIAN_POINT ( 'NONE',  ( -1.949999999999999956, 1.077499999999984803, 3.379999999999999449 ) ) ;
#3706 = LINE ( 'NONE', #6053, #4485 ) ;
#3707 = DIRECTION ( 'NONE',  ( -0.000000000000000000, -0.000000000000000000, -1.000000000000000000 ) ) ;
#3708 = VECTOR ( 'NONE', #5259, 1000.000000000000000 ) ;
#3709 = DIRECTION ( 'NONE',  ( 0.9975640502598241977, 0.06975647374412548285, -0.000000000000000000 ) ) ;
#3710 = CIRCLE ( 'NONE', #3225, 0.2449999999999709355 ) ;
#3711 = ADVANCED_FACE ( 'NONE', ( #142 ), #1395, .T. ) ;
#3712 = LINE ( 'NONE', #3789, #3131 ) ;
#3713 = FACE_OUTER_BOUND ( 'NONE', #365, .T. ) ;
#3714 = CARTESIAN_POINT ( 'NONE',  ( 3.000000000000000000, 0.1745737087954402911, 0.8399999999999996358 ) ) ;
#3715 = ORIENTED_EDGE ( 'NONE', *, *, #1280, .F. ) ;
#3716 = AXIS2_PLACEMENT_3D ( 'NONE', #1251, #3615, #1138 ) ;
#3717 = VECTOR ( 'NONE', #4194, 1000.000000000000114 ) ;
#3718 = ORIENTED_EDGE ( 'NONE', *, *, #1890, .F. ) ;
#3719 = DIRECTION ( 'NONE',  ( 0.000000000000000000, 0.000000000000000000, 1.000000000000000000 ) ) ;
#3720 = ORIENTED_EDGE ( 'NONE', *, *, #10, .F. ) ;
#3721 = EDGE_LOOP ( 'NONE', ( #2756, #2381, #6220, #1362 ) ) ;
#3722 = PRESENTATION_LAYER_ASSIGNMENT (  '', '', ( #6433 ) ) ;
#3723 = EDGE_LOOP ( 'NONE', ( #1063, #5614, #163, #4633, #4989, #4603, #5378, #943, #2184, #4872, #4221, #1527 ) ) ;
#3724 = VECTOR ( 'NONE', #4137, 1000.000000000000000 ) ;
#3725 = PLANE ( 'NONE',  #1649 ) ;
#3726 = CARTESIAN_POINT ( 'NONE',  ( -2.095000000000000195, 0.8325000000000144507, -4.650000000000000355 ) ) ;
#3727 = VECTOR ( 'NONE', #4920, 1000.000000000000000 ) ;
#3728 = ORIENTED_EDGE ( 'NONE', *, *, #2991, .T. ) ;
#3729 = EDGE_LOOP ( 'NONE', ( #2872, #2192, #6151, #2373 ) ) ;
#3730 = CARTESIAN_POINT ( 'NONE',  ( 2.339999999999969660, 0.2860014607077954185, 0.8399999999999996358 ) ) ;
#3731 = DIRECTION ( 'NONE',  ( 1.587125446138869267E-15, -1.000000000000000000, -0.000000000000000000 ) ) ;
#3732 = EDGE_CURVE ( 'NONE', #3334, #3488, #4252, .T. ) ;
#3733 = VECTOR ( 'NONE', #2847, 1000.000000000000000 ) ;
#3734 = CARTESIAN_POINT ( 'NONE',  ( -3.000000000000000000, 0.1745737087954402911, -4.240000000000001101 ) ) ;
#3735 = DIRECTION ( 'NONE',  ( 0.06975647374412549673, 0.9975640502598243087, -0.000000000000000000 ) ) ;
#3736 = PRESENTATION_STYLE_ASSIGNMENT (( #4208 ) ) ;
#3737 = EDGE_CURVE ( 'NONE', #6384, #4779, #2350, .T. ) ;
#3738 = ORIENTED_EDGE ( 'NONE', *, *, #2326, .F. ) ;
#3739 = VECTOR ( 'NONE', #3695, 1000.000000000000000 ) ;
#3740 = AXIS2_PLACEMENT_3D ( 'NONE', #97, #6568, #1796 ) ;
#3741 = VERTEX_POINT ( 'NONE', #2317 ) ;
#3742 = LINE ( 'NONE', #2115, #1554 ) ;
#3743 = DIRECTION ( 'NONE',  ( -0.000000000000000000, -0.000000000000000000, -1.000000000000000000 ) ) ;
#3744 = AXIS2_PLACEMENT_3D ( 'NONE', #3790, #6668, #1393 ) ;
#3745 = AXIS2_PLACEMENT_3D ( 'NONE', #4479, #5594, #7494 ) ;
#3746 = DIRECTION ( 'NONE',  ( -0.000000000000000000, -0.000000000000000000, -1.000000000000000000 ) ) ;
#3747 = CARTESIAN_POINT ( 'NONE',  ( -2.095000000000000195, 1.077499999999984803, 1.700000000000000178 ) ) ;
#3748 = EDGE_CURVE ( 'NONE', #5543, #778, #447, .T. ) ;
#3749 = AXIS2_PLACEMENT_3D ( 'NONE', #3404, #2239, #966 ) ;
#3750 = VECTOR ( 'NONE', #2492, 1000.000000000000000 ) ;
#3751 = CARTESIAN_POINT ( 'NONE',  ( 2.392909663932662134, 0.04159826839416821964, -1.700000000000000622 ) ) ;
#3752 = CARTESIAN_POINT ( 'NONE',  ( 2.409999999999970832, 0.2860014607077954185, 3.379999999999999449 ) ) ;
#3753 = DIRECTION ( 'NONE',  ( -1.000000000000000000, 1.587125446138869267E-15, 0.000000000000000000 ) ) ;
#3754 = CARTESIAN_POINT ( 'NONE',  ( 1.949999999999999956, 0.9025000000000144018, -0.8400000000000005240 ) ) ;
#3755 = DIRECTION ( 'NONE',  ( 0.000000000000000000, 0.000000000000000000, 1.000000000000000000 ) ) ;
#3756 = EDGE_CURVE ( 'NONE', #6719, #5821, #7600, .T. ) ;
#3757 = AXIS2_PLACEMENT_3D ( 'NONE', #3587, #5385, #2427 ) ;
#3758 = EDGE_CURVE ( 'NONE', #5644, #3925, #2523, .T. ) ;
#3759 = EDGE_CURVE ( 'NONE', #165, #3014, #4089, .T. ) ;
#3760 = ORIENTED_EDGE ( 'NONE', *, *, #4619, .T. ) ;
#3761 = AXIS2_PLACEMENT_3D ( 'NONE', #3562, #3057, #5275 ) ;
#3762 = FACE_OUTER_BOUND ( 'NONE', #905, .T. ) ;
#3763 = EDGE_LOOP ( 'NONE', ( #2793, #1415, #3430, #3649, #4695, #3229, #2535, #545, #5039, #510, #4193, #5507 ) ) ;
#3764 = VECTOR ( 'NONE', #3415, 1000.000000000000000 ) ;
#3765 = ORIENTED_EDGE ( 'NONE', *, *, #1958, .F. ) ;
#3766 = DIRECTION ( 'NONE',  ( -1.000000000000000000, -2.380688169208303900E-15, 0.000000000000000000 ) ) ;
#3767 = CARTESIAN_POINT ( 'NONE',  ( 2.987792617094780834, 5.421010862427522170E-16, 2.969999999999999751 ) ) ;
#3768 = AXIS2_PLACEMENT_3D ( 'NONE', #6095, #6661, #7249 ) ;
#3769 = VERTEX_POINT ( 'NONE', #1190 ) ;
#3770 = ORIENTED_EDGE ( 'NONE', *, *, #275, .T. ) ;
#3771 = DIRECTION ( 'NONE',  ( -0.000000000000000000, -0.000000000000000000, -1.000000000000000000 ) ) ;
#3772 = DIRECTION ( 'NONE',  ( 1.000000000000000000, 0.000000000000000000, 0.000000000000000000 ) ) ;
#3773 = STYLED_ITEM ( 'NONE', ( #2222 ), #4507 ) ;
#3774 = EDGE_CURVE ( 'NONE', #205, #4689, #7098, .T. ) ;
#3775 = DIRECTION ( 'NONE',  ( -1.000000000000000000, 0.000000000000000000, 0.000000000000000000 ) ) ;
#3776 = DIRECTION ( 'NONE',  ( 0.06975647374412288770, 0.9975640502598244197, 0.000000000000000000 ) ) ;
#3777 = CARTESIAN_POINT ( 'NONE',  ( -2.165000000000000480, 0.8325000000000144507, 4.240000000000000213 ) ) ;
#3778 = ORIENTED_EDGE ( 'NONE', *, *, #2862, .T. ) ;
#3779 = FILL_AREA_STYLE ('',( #3940 ) ) ;
#3780 = EDGE_CURVE ( 'NONE', #5442, #7556, #6827, .T. ) ;
#3781 = AXIS2_PLACEMENT_3D ( 'NONE', #1961, #2618, #3783 ) ;
#3782 = ORIENTED_EDGE ( 'NONE', *, *, #3174, .T. ) ;
#3783 = DIRECTION ( 'NONE',  ( -1.000000000000000000, 0.000000000000000000, 0.000000000000000000 ) ) ;
#3784 = ADVANCED_FACE ( 'NONE', ( #622 ), #659, .T. ) ;
#3785 = DIRECTION ( 'NONE',  ( -1.000000000000000000, 0.000000000000000000, 0.000000000000000000 ) ) ;
#3786 = CARTESIAN_POINT ( 'NONE',  ( -2.095000000000000195, 0.9025000000000142908, -2.970000000000000639 ) ) ;
#3787 = CARTESIAN_POINT ( 'NONE',  ( 2.405117046837882633, 0.2161719771896072062, -3.380000000000000338 ) ) ;
#3788 = EDGE_CURVE ( 'NONE', #6176, #4875, #6426, .T. ) ;
#3789 = CARTESIAN_POINT ( 'NONE',  ( -2.164999999999999591, 0.2860014607077954740, -4.240000000000001101 ) ) ;
#3790 = CARTESIAN_POINT ( 'NONE',  ( -2.165000000000000480, 0.8325000000000144507, 2.109999999999999876 ) ) ;
#3791 = FACE_OUTER_BOUND ( 'NONE', #7128, .T. ) ;
#3792 = ORIENTED_EDGE ( 'NONE', *, *, #1759, .F. ) ;
#3793 = DIRECTION ( 'NONE',  ( -0.000000000000000000, -0.000000000000000000, -1.000000000000000000 ) ) ;
#3794 = LINE ( 'NONE', #1292, #654 ) ;
#3795 = CARTESIAN_POINT ( 'NONE',  ( 2.095000000000000195, 0.8325000000000144507, 4.240000000000000213 ) ) ;
#3796 = VERTEX_POINT ( 'NONE', #586 ) ;
#3797 = ORIENTED_EDGE ( 'NONE', *, *, #4235, .F. ) ;
#3798 = FACE_OUTER_BOUND ( 'NONE', #4675, .T. ) ;
#3799 = ORIENTED_EDGE ( 'NONE', *, *, #4635, .T. ) ;
#3800 = PLANE ( 'NONE',  #901 ) ;
#3801 = VERTEX_POINT ( 'NONE', #7015 ) ;
#3802 = PRODUCT ( 'PAM8403', 'PAM8403', '', ( #155 ) ) ;
#3803 = VERTEX_POINT ( 'NONE', #6539 ) ;
#3804 = ORIENTED_EDGE ( 'NONE', *, *, #3293, .F. ) ;
#3805 = LINE ( 'NONE', #3730, #1471 ) ;
#3806 = DIRECTION ( 'NONE',  ( -0.06975647374412290158, -0.9975640502598244197, 0.000000000000000000 ) ) ;
#3807 = FACE_OUTER_BOUND ( 'NONE', #1656, .T. ) ;
#3808 = EDGE_CURVE ( 'NONE', #3017, #7432, #7255, .T. ) ;
#3809 = CARTESIAN_POINT ( 'NONE',  ( -2.165000000000000036, 0.8325000000000144507, -4.240000000000001101 ) ) ;
#3810 = FACE_OUTER_BOUND ( 'NONE', #7190, .T. ) ;
#3811 =( NAMED_UNIT ( * ) PLANE_ANGLE_UNIT ( ) SI_UNIT ( $, .RADIAN. ) );
#3812 = ORIENTED_EDGE ( 'NONE', *, *, #506, .T. ) ;
#3813 = DIRECTION ( 'NONE',  ( -0.000000000000000000, 1.000000000000000000, -0.000000000000000000 ) ) ;
#3814 = VECTOR ( 'NONE', #6687, 1000.000000000000000 ) ;
#3815 = LINE ( 'NONE', #3241, #7480 ) ;
#3816 = ORIENTED_EDGE ( 'NONE', *, *, #525, .F. ) ;
#3817 = DIRECTION ( 'NONE',  ( 1.000000000000000000, 0.000000000000000000, -0.000000000000000000 ) ) ;
#3818 = EDGE_CURVE ( 'NONE', #945, #2808, #4750, .T. ) ;
#3819 = DIRECTION ( 'NONE',  ( -0.000000000000000000, -0.000000000000000000, -1.000000000000000000 ) ) ;
#3820 = CARTESIAN_POINT ( 'NONE',  ( 2.392909663932662134, 0.04159826839416821964, -4.240000000000001101 ) ) ;
#3821 = VECTOR ( 'NONE', #6230, 1000.000000000000000 ) ;
#3822 = MECHANICAL_DESIGN_GEOMETRIC_PRESENTATION_REPRESENTATION (  '', ( #7394 ), #512 ) ;
#3823 = EDGE_CURVE ( 'NONE', #2207, #5315, #1808, .T. ) ;
#3824 = DIRECTION ( 'NONE',  ( -0.000000000000000000, -0.000000000000000000, -1.000000000000000000 ) ) ;
#3825 = AXIS2_PLACEMENT_3D ( 'NONE', #48, #1282, #2295 ) ;
#3826 = CARTESIAN_POINT ( 'NONE',  ( 2.095000000000000195, 0.8325000000000144507, 2.969999999999999751 ) ) ;
#3827 = EDGE_CURVE ( 'NONE', #5247, #419, #4166, .T. ) ;
#3828 = CARTESIAN_POINT ( 'NONE',  ( -2.095000000000000195, 0.9025000000000142908, -0.8400000000000005240 ) ) ;
#3829 = CARTESIAN_POINT ( 'NONE',  ( 2.165000000000000480, 0.8325000000000144507, -0.8400000000000005240 ) ) ;
#3830 = ORIENTED_EDGE ( 'NONE', *, *, #3082, .T. ) ;
#3831 = DIRECTION ( 'NONE',  ( -1.000000000000000000, 0.000000000000000000, 0.000000000000000000 ) ) ;
#3832 = EDGE_CURVE ( 'NONE', #6820, #5606, #4976, .T. ) ;
#3833 = VECTOR ( 'NONE', #1768, 1000.000000000000000 ) ;
#3834 = AXIS2_PLACEMENT_3D ( 'NONE', #293, #4927, #3679 ) ;
#3835 = EDGE_LOOP ( 'NONE', ( #213, #6447, #4513, #2806 ) ) ;
#3836 = DIRECTION ( 'NONE',  ( -0.000000000000000000, -0.000000000000000000, -1.000000000000000000 ) ) ;
#3837 = ORIENTED_EDGE ( 'NONE', *, *, #2727, .T. ) ;
#3838 = ORIENTED_EDGE ( 'NONE', *, *, #2744, .F. ) ;
#3839 = DIRECTION ( 'NONE',  ( 0.000000000000000000, -1.000000000000000000, 0.000000000000000000 ) ) ;
#3840 = AXIS2_PLACEMENT_3D ( 'NONE', #1454, #5578, #254 ) ;
#3841 = DIRECTION ( 'NONE',  ( -0.9975640502598241977, 0.06975647374412548285, 0.000000000000000000 ) ) ;
#3842 = ORIENTED_EDGE ( 'NONE', *, *, #2294, .T. ) ;
#3843 = VECTOR ( 'NONE', #4161, 1000.000000000000000 ) ;
#3844 = DIRECTION ( 'NONE',  ( -0.000000000000000000, -0.000000000000000000, -1.000000000000000000 ) ) ;
#3845 = EDGE_LOOP ( 'NONE', ( #351, #2042, #4572, #3166 ) ) ;
#3846 = ADVANCED_FACE ( 'NONE', ( #2179 ), #2586, .F. ) ;
#3847 = AXIS2_PLACEMENT_3D ( 'NONE', #5674, #348, #1514 ) ;
#3848 = CLOSED_SHELL ( 'NONE', ( #5280, #4176, #7222, #6514, #3672, #5346, #2219, #3711, #2336, #4425, #3655, #5170, #5683, #2036 ) ) ;
#3849 = EDGE_LOOP ( 'NONE', ( #4500, #382, #4905, #7312 ) ) ;
#3850 = ORIENTED_EDGE ( 'NONE', *, *, #7053, .T. ) ;
#3851 = DIRECTION ( 'NONE',  ( 0.000000000000000000, -1.000000000000000000, 0.000000000000000000 ) ) ;
#3852 = DIRECTION ( 'NONE',  ( 1.000000000000000000, 0.000000000000000000, 0.000000000000000000 ) ) ;
#3853 = LINE ( 'NONE', #6120, #4132 ) ;
#3854 = DIRECTION ( 'NONE',  ( 0.000000000000000000, 0.000000000000000000, -1.000000000000000000 ) ) ;
#3855 = PLANE ( 'NONE',  #6655 ) ;
#3856 = VECTOR ( 'NONE', #6166, 1000.000000000000000 ) ;
#3857 = SURFACE_STYLE_USAGE ( .BOTH. , #3313 ) ;
#3858 = ADVANCED_FACE ( 'NONE', ( #4936 ), #2713, .F. ) ;
#3859 = EDGE_CURVE ( 'NONE', #5878, #881, #265, .T. ) ;
#3860 = VERTEX_POINT ( 'NONE', #5556 ) ;
#3861 = CIRCLE ( 'NONE', #7558, 0.07000000000000018707 ) ;
#3862 = DIRECTION ( 'NONE',  ( 1.000000000000000000, 0.000000000000000000, 0.000000000000000000 ) ) ;
#3863 = FACE_OUTER_BOUND ( 'NONE', #138, .T. ) ;
#3864 = ORIENTED_EDGE ( 'NONE', *, *, #3748, .T. ) ;
#3865 = LINE ( 'NONE', #2702, #3517 ) ;
#3866 = CARTESIAN_POINT ( 'NONE',  ( -2.165000000000000480, 0.8325000000000144507, 0.4299999999999998268 ) ) ;
#3867 = CARTESIAN_POINT ( 'NONE',  ( 2.339999999999970548, 0.8325000000000144507, 0.8399999999999996358 ) ) ;
#3868 = AXIS2_PLACEMENT_3D ( 'NONE', #6681, #387, #1404 ) ;
#3869 = AXIS2_PLACEMENT_3D ( 'NONE', #3612, #6667, #3176 ) ;
#3870 = ORIENTED_EDGE ( 'NONE', *, *, #6816, .T. ) ;
#3871 = ORIENTED_EDGE ( 'NONE', *, *, #6733, .F. ) ;
#3872 = VECTOR ( 'NONE', #2249, 1000.000000000000000 ) ;
#3873 = VECTOR ( 'NONE', #7144, 1000.000000000000000 ) ;
#3874 = FACE_OUTER_BOUND ( 'NONE', #5146, .T. ) ;
#3875 = PLANE ( 'NONE',  #315 ) ;
#3876 = EDGE_CURVE ( 'NONE', #1132, #2798, #3296, .T. ) ;
#3877 = CYLINDRICAL_SURFACE ( 'NONE', #2234, 0.2449999999999709355 ) ;
#3878 = EDGE_LOOP ( 'NONE', ( #5157, #870, #6698, #4912 ) ) ;
#3879 = LINE ( 'NONE', #305, #5733 ) ;
#3880 = CARTESIAN_POINT ( 'NONE',  ( 2.392909663932662134, 0.04159826839416821964, 0.4299999999999998268 ) ) ;
#3881 = VERTEX_POINT ( 'NONE', #4439 ) ;
#3882 = VECTOR ( 'NONE', #7140, 1000.000000000000000 ) ;
#3883 = ADVANCED_FACE ( 'NONE', ( #6215 ), #939, .F. ) ;
#3884 = ORIENTED_EDGE ( 'NONE', *, *, #7245, .F. ) ;
#3885 = CARTESIAN_POINT ( 'NONE',  ( 1.689999321670649923, 2.552037120097528256, 4.689999321670650367 ) ) ;
#3886 = AXIS2_PLACEMENT_3D ( 'NONE', #1262, #6504, #3557 ) ;
#3887 = EDGE_CURVE ( 'NONE', #987, #304, #898, .T. ) ;
#3888 = FILL_AREA_STYLE ('',( #4447 ) ) ;
#3889 = ORIENTED_EDGE ( 'NONE', *, *, #6017, .T. ) ;
#3890 = PLANE ( 'NONE',  #3868 ) ;
#3891 = VECTOR ( 'NONE', #6103, 1000.000000000000000 ) ;
#3892 = SURFACE_SIDE_STYLE ('',( #6801 ) ) ;
#3893 = VERTEX_POINT ( 'NONE', #1435 ) ;
#3894 = EDGE_LOOP ( 'NONE', ( #1686, #1039, #2716, #2723 ) ) ;
#3895 = CARTESIAN_POINT ( 'NONE',  ( -2.409999999999970832, 0.2860014607077954185, 3.379999999999999449 ) ) ;
#3896 = DIRECTION ( 'NONE',  ( -1.000000000000000000, 0.000000000000000000, 0.000000000000000000 ) ) ;
#3897 = EDGE_CURVE ( 'NONE', #1682, #4747, #6785, .T. ) ;
#3898 = CARTESIAN_POINT ( 'NONE',  ( 2.095000000000000195, 0.9025000000000146239, 2.969999999999999751 ) ) ;
#3899 = CARTESIAN_POINT ( 'NONE',  ( -2.339999999999969660, 0.2860014607077954185, 2.109999999999999876 ) ) ;
#3900 = CARTESIAN_POINT ( 'NONE',  ( -1.689999321670649923, 2.552037120097528256, 4.689999321670650367 ) ) ;
#3901 = CARTESIAN_POINT ( 'NONE',  ( 2.165000000000000036, 0.2860014607077954740, 4.649999999999999467 ) ) ;
#3902 = ORIENTED_EDGE ( 'NONE', *, *, #4642, .T. ) ;
#3903 = AXIS2_PLACEMENT_3D ( 'NONE', #4938, #4369, #1056 ) ;
#3904 = LINE ( 'NONE', #4962, #4446 ) ;
#3905 = DIRECTION ( 'NONE',  ( 2.380688169208303900E-15, -1.000000000000000000, 0.000000000000000000 ) ) ;
#3906 = ORIENTED_EDGE ( 'NONE', *, *, #5134, .T. ) ;
#3907 = DIRECTION ( 'NONE',  ( -0.000000000000000000, -0.000000000000000000, -1.000000000000000000 ) ) ;
#3908 = EDGE_CURVE ( 'NONE', #5350, #5291, #6592, .T. ) ;
#3909 = PLANE ( 'NONE',  #3768 ) ;
#3910 = DIRECTION ( 'NONE',  ( -0.000000000000000000, -0.000000000000000000, -1.000000000000000000 ) ) ;
#3911 = VECTOR ( 'NONE', #6627, 1000.000000000000227 ) ;
#3912 = VERTEX_POINT ( 'NONE', #3829 ) ;
#3913 = EDGE_LOOP ( 'NONE', ( #912, #58, #1071, #4630 ) ) ;
#3914 = ORIENTED_EDGE ( 'NONE', *, *, #4348, .F. ) ;
#3915 = AXIS2_PLACEMENT_3D ( 'NONE', #704, #4810, #1308 ) ;
#3916 = CYLINDRICAL_SURFACE ( 'NONE', #2398, 0.2449999999999704914 ) ;
#3917 = UNCERTAINTY_MEASURE_WITH_UNIT (LENGTH_MEASURE( 1.000000000000000082E-05 ), #7064, 'distance_accuracy_value', 'NONE');
#3918 = LINE ( 'NONE', #7295, #3629 ) ;
#3919 = DIRECTION ( 'NONE',  ( 0.9975640502598244197, 0.06975647374412290158, -0.000000000000000000 ) ) ;
#3920 = EDGE_CURVE ( 'NONE', #3183, #3223, #4751, .T. ) ;
#3921 = DIRECTION ( 'NONE',  ( 1.000000000000000000, 0.000000000000000000, 0.000000000000000000 ) ) ;
#3922 = CARTESIAN_POINT ( 'NONE',  ( 2.987792617094780834, 5.421010862427522170E-16, -0.4300000000000007150 ) ) ;
#3923 = EDGE_LOOP ( 'NONE', ( #6683, #1577, #2646, #837 ) ) ;
#3924 = VERTEX_POINT ( 'NONE', #6138 ) ;
#3925 = VERTEX_POINT ( 'NONE', #5012 ) ;
#3926 = FACE_OUTER_BOUND ( 'NONE', #5747, .T. ) ;
#3927 = CARTESIAN_POINT ( 'NONE',  ( 2.095000000000000195, 1.077499999999984803, -2.110000000000000320 ) ) ;
#3928 = EDGE_LOOP ( 'NONE', ( #1409, #3303, #255, #2771 ) ) ;
#3929 = VERTEX_POINT ( 'NONE', #379 ) ;
#3930 = EDGE_CURVE ( 'NONE', #5053, #5740, #3879, .T. ) ;
#3931 = DIRECTION ( 'NONE',  ( 0.000000000000000000, -1.000000000000000000, 0.000000000000000000 ) ) ;
#3932 = EDGE_CURVE ( 'NONE', #2207, #3185, #2634, .T. ) ;
#3933 = SURFACE_STYLE_USAGE ( .BOTH. , #5021 ) ;
#3934 = EDGE_LOOP ( 'NONE', ( #1070, #1847, #5714, #5762 ) ) ;
#3935 = VERTEX_POINT ( 'NONE', #2088 ) ;
#3936 = DIRECTION ( 'NONE',  ( -2.380688169208303900E-15, -1.000000000000000000, 0.000000000000000000 ) ) ;
#3937 = DIRECTION ( 'NONE',  ( -1.000000000000000000, 0.000000000000000000, 0.000000000000000000 ) ) ;
#3938 = ORIENTED_EDGE ( 'NONE', *, *, #6799, .T. ) ;
#3939 = PLANE ( 'NONE',  #6210 ) ;
#3940 = FILL_AREA_STYLE_COLOUR ( '', #4594 ) ;
#3941 = EDGE_CURVE ( 'NONE', #7137, #6511, #3253, .T. ) ;
#3942 = EDGE_LOOP ( 'NONE', ( #4559, #3697, #3628, #7197 ) ) ;
#3943 = CARTESIAN_POINT ( 'NONE',  ( -2.164999999999999591, 0.2860014607077954740, 4.649999999999999467 ) ) ;
#3944 = DIRECTION ( 'NONE',  ( -0.9975640502598241977, 0.06975647374412531632, 0.000000000000000000 ) ) ;
#3945 = ORIENTED_EDGE ( 'NONE', *, *, #5996, .T. ) ;
#3946 = LINE ( 'NONE', #5311, #2636 ) ;
#3947 = SURFACE_SIDE_STYLE ('',( #4592 ) ) ;
#3948 = CARTESIAN_POINT ( 'NONE',  ( -2.987792617094780834, 5.421010862427522170E-16, 0.8399999999999996358 ) ) ;
#3949 = VERTEX_POINT ( 'NONE', #347 ) ;
#3950 = ORIENTED_EDGE ( 'NONE', *, *, #2430, .T. ) ;
#3951 = CARTESIAN_POINT ( 'NONE',  ( 2.165000000000000480, 0.8325000000000144507, 2.109999999999999876 ) ) ;
#3952 = CARTESIAN_POINT ( 'NONE',  ( 2.165000000000000480, 0.8325000000000144507, -1.700000000000000622 ) ) ;
#3953 = DIRECTION ( 'NONE',  ( 0.000000000000000000, 1.000000000000000000, 0.000000000000000000 ) ) ;
#3954 = ORIENTED_EDGE ( 'NONE', *, *, #5014, .F. ) ;
#3955 = DIRECTION ( 'NONE',  ( -2.380688169208303900E-15, -1.000000000000000000, 0.000000000000000000 ) ) ;
#3956 = CARTESIAN_POINT ( 'NONE',  ( -2.095000000000000195, 0.8325000000000144507, -4.240000000000001101 ) ) ;
#3957 = EDGE_CURVE ( 'NONE', #1856, #2760, #6834, .T. ) ;
#3958 = STYLED_ITEM ( 'NONE', ( #2531 ), #7000 ) ;
#3959 = ORIENTED_EDGE ( 'NONE', *, *, #4393, .T. ) ;
#3960 = ORIENTED_EDGE ( 'NONE', *, *, #1110, .F. ) ;
#3961 = CARTESIAN_POINT ( 'NONE',  ( 1.949999999999999956, 1.077499999999984803, 1.700000000000000178 ) ) ;
#3962 = DIRECTION ( 'NONE',  ( 1.000000000000000000, 0.000000000000000000, -0.000000000000000000 ) ) ;
#3963 = ORIENTED_EDGE ( 'NONE', *, *, #1099, .F. ) ;
#3964 = VECTOR ( 'NONE', #3471, 1000.000000000000000 ) ;
#3965 = CIRCLE ( 'NONE', #5797, 0.3800000000000001155 ) ;
#3966 = CARTESIAN_POINT ( 'NONE',  ( -1.949999999999999956, 0.9025000000000144018, -0.8400000000000005240 ) ) ;
#3967 = DIRECTION ( 'NONE',  ( -0.000000000000000000, -0.000000000000000000, -1.000000000000000000 ) ) ;
#3968 = ORIENTED_EDGE ( 'NONE', *, *, #1809, .F. ) ;
#3969 = VERTEX_POINT ( 'NONE', #3330 ) ;
#3970 = VECTOR ( 'NONE', #5413, 1000.000000000000114 ) ;
#3971 = CARTESIAN_POINT ( 'NONE',  ( -2.165000000000000480, 0.8325000000000144507, -0.4300000000000007150 ) ) ;
#3972 = CARTESIAN_POINT ( 'NONE',  ( -3.000000000000000000, 0.1745737087954402911, -2.970000000000000639 ) ) ;
#3973 = CARTESIAN_POINT ( 'NONE',  ( -3.000000000000000000, 0.1745737087954402911, 0.8399999999999996358 ) ) ;
#3974 = ORIENTED_EDGE ( 'NONE', *, *, #5622, .F. ) ;
#3975 = DIRECTION ( 'NONE',  ( -1.000000000000000000, -7.477256361968987358E-16, 0.000000000000000000 ) ) ;
#3976 = VECTOR ( 'NONE', #2132, 1000.000000000000114 ) ;
#3977 = VECTOR ( 'NONE', #1198, 1000.000000000000000 ) ;
#3978 = EDGE_CURVE ( 'NONE', #3223, #3193, #2675, .T. ) ;
#3979 = ORIENTED_EDGE ( 'NONE', *, *, #690, .F. ) ;
#3980 = PLANE ( 'NONE',  #286 ) ;
#3981 = CARTESIAN_POINT ( 'NONE',  ( 2.392909663932662134, 0.04159826839416821964, 4.649999999999999467 ) ) ;
#3982 = ORIENTED_EDGE ( 'NONE', *, *, #7530, .F. ) ;
#3983 = AXIS2_PLACEMENT_3D ( 'NONE', #7479, #1491, #3896 ) ;
#3984 = DIRECTION ( 'NONE',  ( -0.000000000000000000, -0.000000000000000000, -1.000000000000000000 ) ) ;
#3985 = EDGE_CURVE ( 'NONE', #5255, #6909, #2787, .T. ) ;
#3986 = CARTESIAN_POINT ( 'NONE',  ( 2.165000000000000480, 0.8325000000000144507, 1.700000000000000178 ) ) ;
#3987 =( GEOMETRIC_REPRESENTATION_CONTEXT ( 3 ) GLOBAL_UNCERTAINTY_ASSIGNED_CONTEXT ( ( #4599 ) ) GLOBAL_UNIT_ASSIGNED_CONTEXT ( ( #2572, #3811, #5655 ) ) REPRESENTATION_CONTEXT ( 'NONE', 'WORKASPACE' ) );
#3988 = VERTEX_POINT ( 'NONE', #4560 ) ;
#3989 = LINE ( 'NONE', #520, #4149 ) ;
#3990 = PLANE ( 'NONE',  #1898 ) ;
#3991 = UNCERTAINTY_MEASURE_WITH_UNIT (LENGTH_MEASURE( 1.000000000000000082E-05 ), #2851, 'distance_accuracy_value', 'NONE');
#3992 = CARTESIAN_POINT ( 'NONE',  ( -2.164999999999999591, 0.2860014607077954740, 4.649999999999999467 ) ) ;
#3993 = EDGE_CURVE ( 'NONE', #1228, #7057, #49, .T. ) ;
#3994 = AXIS2_PLACEMENT_3D ( 'NONE', #1918, #3118, #4270 ) ;
#3995 = DIRECTION ( 'NONE',  ( 0.06975647374412288770, -0.9975640502598244197, -0.000000000000000000 ) ) ;
#3996 = DIRECTION ( 'NONE',  ( 1.000000000000000000, 0.000000000000000000, 0.000000000000000000 ) ) ;
#3997 = DIRECTION ( 'NONE',  ( 0.9975640502598241977, 0.06975647374412531632, 0.000000000000000000 ) ) ;
#3998 = VECTOR ( 'NONE', #2209, 1000.000000000000000 ) ;
#3999 = AXIS2_PLACEMENT_3D ( 'NONE', #3379, #7382, #982 ) ;
#4000 = ORIENTED_EDGE ( 'NONE', *, *, #1911, .F. ) ;
#4001 = VERTEX_POINT ( 'NONE', #5171 ) ;
#4002 = DIRECTION ( 'NONE',  ( -0.1710878697460323783, 0.9702875252478150303, -0.1710878697460323783 ) ) ;
#4003 = EDGE_CURVE ( 'NONE', #4444, #5702, #2212, .T. ) ;
#4004 = DIRECTION ( 'NONE',  ( 1.000000000000000000, 7.477256361968987358E-16, -0.000000000000000000 ) ) ;
#4005 = EDGE_LOOP ( 'NONE', ( #6843, #1843, #6378, #1483 ) ) ;
#4006 = VECTOR ( 'NONE', #6660, 1000.000000000000114 ) ;
#4007 = AXIS2_PLACEMENT_3D ( 'NONE', #4895, #6134, #4260 ) ;
#4008 = EDGE_CURVE ( 'NONE', #3769, #165, #2921, .T. ) ;
#4009 = DIRECTION ( 'NONE',  ( -0.000000000000000000, -0.000000000000000000, -1.000000000000000000 ) ) ;
#4010 = ORIENTED_EDGE ( 'NONE', *, *, #5286, .F. ) ;
#4011 = VECTOR ( 'NONE', #4701, 1000.000000000000000 ) ;
#4012 = EDGE_LOOP ( 'NONE', ( #5176, #2853, #2026, #4939 ) ) ;
#4013 = CIRCLE ( 'NONE', #1528, 0.07000000000000061728 ) ;
#4014 = DIRECTION ( 'NONE',  ( -0.9975640502598241977, -0.06975647374412548285, 0.000000000000000000 ) ) ;
#4015 = PLANE ( 'NONE',  #4590 ) ;
#4016 = DIRECTION ( 'NONE',  ( -0.000000000000000000, -0.000000000000000000, -1.000000000000000000 ) ) ;
#4017 = ORIENTED_EDGE ( 'NONE', *, *, #364, .F. ) ;
#4018 = DIRECTION ( 'NONE',  ( -0.06975647374412549673, 0.9975640502598243087, 0.000000000000000000 ) ) ;
#4019 = PLANE ( 'NONE',  #308 ) ;
#4020 = AXIS2_PLACEMENT_3D ( 'NONE', #5095, #7461, #6443 ) ;
#4021 = ORIENTED_EDGE ( 'NONE', *, *, #3818, .T. ) ;
#4022 = ORIENTED_EDGE ( 'NONE', *, *, #6291, .T. ) ;
#4023 = CARTESIAN_POINT ( 'NONE',  ( -2.095000000000000195, 1.077499999999984803, -2.970000000000000639 ) ) ;
#4024 = AXIS2_PLACEMENT_3D ( 'NONE', #6009, #2460, #39 ) ;
#4025 = CARTESIAN_POINT ( 'NONE',  ( -3.000000000000000000, 0.1745737087954402911, 4.240000000000000213 ) ) ;
#4026 = VECTOR ( 'NONE', #4620, 1000.000000000000227 ) ;
#4027 = DIRECTION ( 'NONE',  ( 1.000000000000000000, 0.000000000000000000, -0.000000000000000000 ) ) ;
#4028 = CARTESIAN_POINT ( 'NONE',  ( 2.339999999999970548, 0.8325000000000144507, 2.969999999999999751 ) ) ;
#4029 = EDGE_CURVE ( 'NONE', #1613, #5418, #4367, .T. ) ;
#4030 = VECTOR ( 'NONE', #692, 1000.000000000000114 ) ;
#4031 = ORIENTED_EDGE ( 'NONE', *, *, #3908, .F. ) ;
#4032 = EDGE_CURVE ( 'NONE', #1639, #7236, #4069, .T. ) ;
#4033 = LINE ( 'NONE', #5248, #6849 ) ;
#4034 = CARTESIAN_POINT ( 'NONE',  ( -3.000000000000000000, 0.1745737087954402911, 3.379999999999999449 ) ) ;
#4035 = CYLINDRICAL_SURFACE ( 'NONE', #2272, 0.07000000000000061728 ) ;
#4036 = VECTOR ( 'NONE', #5159, 1000.000000000000000 ) ;
#4037 = DIRECTION ( 'NONE',  ( 0.000000000000000000, 0.000000000000000000, 1.000000000000000000 ) ) ;
#4038 = FACE_OUTER_BOUND ( 'NONE', #4509, .T. ) ;
#4039 = CARTESIAN_POINT ( 'NONE',  ( 1.949999999999999956, 0.9025000000000144018, -2.110000000000000320 ) ) ;
#4040 = EDGE_CURVE ( 'NONE', #3490, #493, #1751, .T. ) ;
#4041 = EDGE_LOOP ( 'NONE', ( #5003, #2722, #3616, #1434 ) ) ;
#4042 = ORIENTED_EDGE ( 'NONE', *, *, #5689, .T. ) ;
#4043 = DIRECTION ( 'NONE',  ( -0.9848077530122085754, -0.1736481776669273058, 0.000000000000000000 ) ) ;
#4044 = DIRECTION ( 'NONE',  ( -0.000000000000000000, -0.000000000000000000, -1.000000000000000000 ) ) ;
#4045 = ORIENTED_EDGE ( 'NONE', *, *, #5354, .T. ) ;
#4046 = CARTESIAN_POINT ( 'NONE',  ( -0.6610000000000000320, 1.700000000000000178, -3.564999999999999503 ) ) ;
#4047 = ORIENTED_EDGE ( 'NONE', *, *, #699, .T. ) ;
#4048 = ADVANCED_FACE ( 'NONE', ( #5137 ), #4604, .F. ) ;
#4049 = ORIENTED_EDGE ( 'NONE', *, *, #999, .F. ) ;
#4050 = ORIENTED_EDGE ( 'NONE', *, *, #3366, .F. ) ;
#4051 = CARTESIAN_POINT ( 'NONE',  ( -2.392909663932662134, 0.04159826839416762290, -2.970000000000000639 ) ) ;
#4052 = DIRECTION ( 'NONE',  ( 1.000000000000000000, 0.000000000000000000, 0.000000000000000000 ) ) ;
#4053 = CARTESIAN_POINT ( 'NONE',  ( -2.409999999999970832, 0.2860014607077954185, -2.970000000000000639 ) ) ;
#4054 = DIRECTION ( 'NONE',  ( -0.000000000000000000, -0.000000000000000000, -1.000000000000000000 ) ) ;
#4055 = VERTEX_POINT ( 'NONE', #3372 ) ;
#4056 = EDGE_LOOP ( 'NONE', ( #1488, #2745, #1657, #7224 ) ) ;
#4057 = EDGE_CURVE ( 'NONE', #511, #2889, #6289, .T. ) ;
#4058 = CARTESIAN_POINT ( 'NONE',  ( -2.987792617094780834, 5.421010862427522170E-16, -2.110000000000000320 ) ) ;
#4059 = ORIENTED_EDGE ( 'NONE', *, *, #5654, .F. ) ;
#4060 = DIRECTION ( 'NONE',  ( 0.000000000000000000, 0.000000000000000000, 1.000000000000000000 ) ) ;
#4061 = DIRECTION ( 'NONE',  ( -1.000000000000000000, 0.000000000000000000, 0.000000000000000000 ) ) ;
#4062 = ORIENTED_EDGE ( 'NONE', *, *, #1890, .T. ) ;
#4063 = FACE_OUTER_BOUND ( 'NONE', #6607, .T. ) ;
#4064 = ADVANCED_FACE ( 'NONE', ( #4038 ), #7539, .F. ) ;
#4065 = CARTESIAN_POINT ( 'NONE',  ( 2.165000000000000480, 0.8325000000000144507, 4.649999999999999467 ) ) ;
#4066 = UNCERTAINTY_MEASURE_WITH_UNIT (LENGTH_MEASURE( 1.000000000000000082E-05 ), #4658, 'distance_accuracy_value', 'NONE');
#4067 = DIRECTION ( 'NONE',  ( -2.380688169208303900E-15, -1.000000000000000000, 0.000000000000000000 ) ) ;
#4068 = DIRECTION ( 'NONE',  ( 0.000000000000000000, 1.000000000000000000, 0.000000000000000000 ) ) ;
#4069 = LINE ( 'NONE', #489, #1416 ) ;
#4070 = DIRECTION ( 'NONE',  ( 1.000000000000000000, 0.000000000000000000, 0.000000000000000000 ) ) ;
#4071 = ADVANCED_FACE ( 'NONE', ( #6957 ), #4681, .F. ) ;
#4072 = EDGE_CURVE ( 'NONE', #4187, #1718, #17, .T. ) ;
#4073 = VERTEX_POINT ( 'NONE', #6375 ) ;
#4074 = VERTEX_POINT ( 'NONE', #1017 ) ;
#4075 = VECTOR ( 'NONE', #916, 1000.000000000000000 ) ;
#4076 = PLANE ( 'NONE',  #2005 ) ;
#4077 = DIRECTION ( 'NONE',  ( 0.000000000000000000, 0.000000000000000000, 1.000000000000000000 ) ) ;
#4078 = ORIENTED_EDGE ( 'NONE', *, *, #1791, .F. ) ;
#4079 = EDGE_CURVE ( 'NONE', #3801, #3924, #1090, .T. ) ;
#4080 = EDGE_CURVE ( 'NONE', #6797, #4074, #5759, .T. ) ;
#4081 = CYLINDRICAL_SURFACE ( 'NONE', #7336, 0.07000000000000061728 ) ;
#4082 = ORIENTED_EDGE ( 'NONE', *, *, #3175, .T. ) ;
#4083 = VERTEX_POINT ( 'NONE', #1173 ) ;
#4084 = ORIENTED_EDGE ( 'NONE', *, *, #3759, .F. ) ;
#4085 = CARTESIAN_POINT ( 'NONE',  ( 2.339999999999969660, 0.2860014607077954185, 3.379999999999999449 ) ) ;
#4086 = CARTESIAN_POINT ( 'NONE',  ( -2.392909663932662134, 0.04159826839416762290, 0.8399999999999996358 ) ) ;
#4087 = CARTESIAN_POINT ( 'NONE',  ( -2.165000000000000036, 0.8325000000000144507, -4.650000000000000355 ) ) ;
#4088 = AXIS2_PLACEMENT_3D ( 'NONE', #685, #1834, #3502 ) ;
#4089 = LINE ( 'NONE', #4129, #6457 ) ;
#4090 = CARTESIAN_POINT ( 'NONE',  ( -2.987792617094780834, 5.421010862427522170E-16, -1.700000000000000622 ) ) ;
#4091 = AXIS2_PLACEMENT_3D ( 'NONE', #2033, #3164, #2110 ) ;
#4092 = ORIENTED_EDGE ( 'NONE', *, *, #2960, .F. ) ;
#4093 = ORIENTED_EDGE ( 'NONE', *, *, #5472, .T. ) ;
#4094 = LINE ( 'NONE', #1002, #711 ) ;
#4095 = DIRECTION ( 'NONE',  ( 0.000000000000000000, 0.000000000000000000, 1.000000000000000000 ) ) ;
#4096 = DIRECTION ( 'NONE',  ( -1.000000000000000000, 0.000000000000000000, 0.000000000000000000 ) ) ;
#4097 = EDGE_CURVE ( 'NONE', #1480, #5878, #526, .T. ) ;
#4098 = VECTOR ( 'NONE', #6239, 1000.000000000000000 ) ;
#4099 = AXIS2_PLACEMENT_3D ( 'NONE', #1300, #2964, #5340 ) ;
#4100 = CARTESIAN_POINT ( 'NONE',  ( -2.095000000000000195, 0.8325000000000144507, 4.240000000000000213 ) ) ;
#4101 = SURFACE_SIDE_STYLE ('',( #2288 ) ) ;
#4102 = EDGE_CURVE ( 'NONE', #5917, #3935, #568, .T. ) ;
#4103 = ORIENTED_EDGE ( 'NONE', *, *, #7290, .T. ) ;
#4104 = AXIS2_PLACEMENT_3D ( 'NONE', #5049, #6444, #5173 ) ;
#4105 = CLOSED_SHELL ( 'NONE', ( #7311, #2651, #3394, #2466, #2710, #296, #1254, #4993, #6019, #3208, #2608, #2046, #2242, #1389, #5711, #1610, #3102, #6412 ) ) ;
#4106 = PLANE ( 'NONE',  #2797 ) ;
#4107 = CARTESIAN_POINT ( 'NONE',  ( 2.165000000000000480, 0.8325000000000144507, 4.240000000000000213 ) ) ;
#4108 = LINE ( 'NONE', #6438, #1036 ) ;
#4109 = DIRECTION ( 'NONE',  ( -0.000000000000000000, -0.000000000000000000, -1.000000000000000000 ) ) ;
#4110 = CARTESIAN_POINT ( 'NONE',  ( -0.6610000000000000320, 1.750000000000000000, -3.944999999999999840 ) ) ;
#4111 = CARTESIAN_POINT ( 'NONE',  ( -2.095000000000000195, 0.8325000000000144507, 2.109999999999999876 ) ) ;
#4112 = VECTOR ( 'NONE', #2514, 1000.000000000000000 ) ;
#4113 = ORIENTED_EDGE ( 'NONE', *, *, #6133, .F. ) ;
#4114 = CIRCLE ( 'NONE', #7061, 0.2449999999999704914 ) ;
#4115 = ADVANCED_FACE ( 'NONE', ( #2365 ), #2333, .T. ) ;
#4116 = FACE_OUTER_BOUND ( 'NONE', #3894, .T. ) ;
#4117 = LINE ( 'NONE', #5914, #6529 ) ;
#4118 = LINE ( 'NONE', #647, #1011 ) ;
#4119 = ORIENTED_EDGE ( 'NONE', *, *, #3566, .T. ) ;
#4120 = EDGE_CURVE ( 'NONE', #7408, #2652, #6998, .T. ) ;
#4121 = VECTOR ( 'NONE', #1485, 1000.000000000000227 ) ;
#4122 = AXIS2_PLACEMENT_3D ( 'NONE', #6922, #4043, #5056 ) ;
#4123 = ORIENTED_EDGE ( 'NONE', *, *, #2532, .F. ) ;
#4124 = VERTEX_POINT ( 'NONE', #3139 ) ;
#4125 = LINE ( 'NONE', #6459, #3843 ) ;
#4126 = LINE ( 'NONE', #3511, #2978 ) ;
#4127 = AXIS2_PLACEMENT_3D ( 'NONE', #2208, #7371, #1549 ) ;
#4128 = CARTESIAN_POINT ( 'NONE',  ( -2.339999999999970548, 0.8325000000000144507, -3.380000000000000338 ) ) ;
#4129 = CARTESIAN_POINT ( 'NONE',  ( -2.095000000000000195, 1.077499999999984803, 0.8399999999999996358 ) ) ;
#4130 = LINE ( 'NONE', #4237, #426 ) ;
#4131 = VECTOR ( 'NONE', #5398, 1000.000000000000114 ) ;
#4132 = VECTOR ( 'NONE', #4382, 1000.000000000000000 ) ;
#4133 = EDGE_CURVE ( 'NONE', #4847, #177, #91, .T. ) ;
#4134 = ORIENTED_EDGE ( 'NONE', *, *, #3314, .F. ) ;
#4135 = ORIENTED_EDGE ( 'NONE', *, *, #7560, .F. ) ;
#4136 = DIRECTION ( 'NONE',  ( -1.000000000000000000, 0.000000000000000000, 0.000000000000000000 ) ) ;
#4137 = DIRECTION ( 'NONE',  ( -0.000000000000000000, -0.000000000000000000, -1.000000000000000000 ) ) ;
#4138 = CARTESIAN_POINT ( 'NONE',  ( 2.165000000000000036, 0.2860014607077954740, -3.380000000000000338 ) ) ;
#4139 = VECTOR ( 'NONE', #1159, 1000.000000000000000 ) ;
#4140 = DIRECTION ( 'NONE',  ( 1.000000000000000000, 7.477256361968987358E-16, -0.000000000000000000 ) ) ;
#4141 = AXIS2_PLACEMENT_3D ( 'NONE', #452, #7580, #3996 ) ;
#4142 = LINE ( 'NONE', #2469, #3911 ) ;
#4143 = EDGE_CURVE ( 'NONE', #3581, #2087, #1352, .T. ) ;
#4144 = DIRECTION ( 'NONE',  ( 0.06975647374412288770, -0.9975640502598244197, -0.000000000000000000 ) ) ;
#4145 = CARTESIAN_POINT ( 'NONE',  ( 2.339999999999970548, 0.8325000000000144507, 4.649999999999999467 ) ) ;
#4146 = DIRECTION ( 'NONE',  ( -1.000000000000000000, 0.000000000000000000, 0.000000000000000000 ) ) ;
#4147 = CYLINDRICAL_SURFACE ( 'NONE', #2916, 0.2449999999999704914 ) ;
#4148 = CARTESIAN_POINT ( 'NONE',  ( -2.095000000000000195, 0.8325000000000144507, 4.649999999999999467 ) ) ;
#4149 = VECTOR ( 'NONE', #2832, 1000.000000000000000 ) ;
#4150 = VERTEX_POINT ( 'NONE', #3680 ) ;
#4151 = CARTESIAN_POINT ( 'NONE',  ( 2.339999999999969660, 0.2860014607077954185, -2.970000000000000639 ) ) ;
#4152 = DIRECTION ( 'NONE',  ( 1.000000000000000000, 0.000000000000000000, 0.000000000000000000 ) ) ;
#4153 = DIRECTION ( 'NONE',  ( 0.000000000000000000, -0.000000000000000000, 1.000000000000000000 ) ) ;
#4154 = EDGE_LOOP ( 'NONE', ( #1733, #2970, #7390, #7091 ) ) ;
#4155 = EDGE_LOOP ( 'NONE', ( #4807, #6284, #1175, #2615 ) ) ;
#4156 = AXIS2_PLACEMENT_3D ( 'NONE', #3593, #6472, #2497 ) ;
#4157 = VECTOR ( 'NONE', #2329, 1000.000000000000000 ) ;
#4158 = DIRECTION ( 'NONE',  ( -1.000000000000000000, 0.000000000000000000, 0.000000000000000000 ) ) ;
#4159 = VERTEX_POINT ( 'NONE', #5322 ) ;
#4160 = ORIENTED_EDGE ( 'NONE', *, *, #4664, .F. ) ;
#4161 = DIRECTION ( 'NONE',  ( -0.000000000000000000, -0.000000000000000000, -1.000000000000000000 ) ) ;
#4162 = VECTOR ( 'NONE', #3123, 1000.000000000000000 ) ;
#4163 = DIRECTION ( 'NONE',  ( 0.000000000000000000, 1.000000000000000000, 0.000000000000000000 ) ) ;
#4164 = ADVANCED_FACE ( 'NONE', ( #4255 ), #4217, .F. ) ;
#4165 = CARTESIAN_POINT ( 'NONE',  ( 1.949999999999999956, 0.9025000000000144018, 3.379999999999999449 ) ) ;
#4166 = LINE ( 'NONE', #1225, #6700 ) ;
#4167 = DIRECTION ( 'NONE',  ( 0.000000000000000000, -1.000000000000000000, 0.000000000000000000 ) ) ;
#4168 = EDGE_CURVE ( 'NONE', #4833, #4474, #4257, .T. ) ;
#4169 = EDGE_LOOP ( 'NONE', ( #4826, #3687, #492, #725 ) ) ;
#4170 = ORIENTED_EDGE ( 'NONE', *, *, #4720, .F. ) ;
#4171 = DIRECTION ( 'NONE',  ( -1.000000000000000000, 0.000000000000000000, 0.000000000000000000 ) ) ;
#4172 = ORIENTED_EDGE ( 'NONE', *, *, #2775, .T. ) ;
#4173 = CARTESIAN_POINT ( 'NONE',  ( -2.339999999999969660, 0.2860014607077954185, -2.970000000000000639 ) ) ;
#4174 = CARTESIAN_POINT ( 'NONE',  ( 2.405117046837882633, 0.2161719771896072062, -1.700000000000000622 ) ) ;
#4175 = CARTESIAN_POINT ( 'NONE',  ( -2.095000000000000195, 0.8325000000000144507, 4.649999999999999467 ) ) ;
#4176 = ADVANCED_FACE ( 'NONE', ( #6559 ), #5949, .T. ) ;
#4177 = ADVANCED_FACE ( 'NONE', ( #4860 ), #4147, .T. ) ;
#4178 = CARTESIAN_POINT ( 'NONE',  ( -2.987792617094780834, 5.421010862427522170E-16, 4.649999999999999467 ) ) ;
#4179 = FACE_OUTER_BOUND ( 'NONE', #4387, .T. ) ;
#4180 = LINE ( 'NONE', #2406, #2403 ) ;
#4181 = CARTESIAN_POINT ( 'NONE',  ( -2.095000000000000195, 0.8325000000000144507, 1.700000000000000178 ) ) ;
#4182 = CYLINDRICAL_SURFACE ( 'NONE', #1753, 0.2449999999999704914 ) ;
#4183 = ORIENTED_EDGE ( 'NONE', *, *, #5868, .F. ) ;
#4184 = CARTESIAN_POINT ( 'NONE',  ( -2.164999999999999591, 0.2860014607077954740, -4.650000000000000355 ) ) ;
#4185 = DIRECTION ( 'NONE',  ( 1.000000000000000000, 1.587125446138869267E-15, -0.000000000000000000 ) ) ;
#4186 = CARTESIAN_POINT ( 'NONE',  ( -0.6610000000000000320, 1.750000000000000000, -3.944999999999999840 ) ) ;
#4187 = VERTEX_POINT ( 'NONE', #3031 ) ;
#4188 = EDGE_CURVE ( 'NONE', #3278, #954, #129, .T. ) ;
#4189 = ADVANCED_FACE ( 'NONE', ( #2443 ), #3068, .F. ) ;
#4190 = FACE_OUTER_BOUND ( 'NONE', #2585, .T. ) ;
#4191 = VERTEX_POINT ( 'NONE', #226 ) ;
#4192 = EDGE_LOOP ( 'NONE', ( #3056, #2063, #4211, #6656 ) ) ;
#4193 = ORIENTED_EDGE ( 'NONE', *, *, #7383, .T. ) ;
#4194 = DIRECTION ( 'NONE',  ( 0.06975647374412288770, 0.9975640502598244197, 0.000000000000000000 ) ) ;
#4195 = CARTESIAN_POINT ( 'NONE',  ( -1.949999999999999956, 1.077499999999984803, 2.109999999999999876 ) ) ;
#4196 = DIRECTION ( 'NONE',  ( 0.000000000000000000, 1.000000000000000000, 0.000000000000000000 ) ) ;
#4197 = AXIS2_PLACEMENT_3D ( 'NONE', #3431, #1034, #955 ) ;
#4198 = AXIS2_PLACEMENT_3D ( 'NONE', #2448, #23, #4152 ) ;
#4199 = CARTESIAN_POINT ( 'NONE',  ( -2.165000000000000036, 0.8325000000000144507, -0.4300000000000007150 ) ) ;
#4200 = EDGE_LOOP ( 'NONE', ( #1291, #2682, #6410, #3157, #1123, #3530, #4358, #2113, #4225, #1346, #2236, #3954 ) ) ;
#4201 = EDGE_LOOP ( 'NONE', ( #6368, #5752, #6295, #2056 ) ) ;
#4202 = VECTOR ( 'NONE', #5405, 1000.000000000000000 ) ;
#4203 = LINE ( 'NONE', #6545, #464 ) ;
#4204 = DIRECTION ( 'NONE',  ( -0.000000000000000000, -0.000000000000000000, -1.000000000000000000 ) ) ;
#4205 = EDGE_CURVE ( 'NONE', #819, #4721, #1243, .T. ) ;
#4206 = CYLINDRICAL_SURFACE ( 'NONE', #4854, 0.2449999999999709355 ) ;
#4207 = CARTESIAN_POINT ( 'NONE',  ( -2.405117046837882633, 0.2161719771896077891, 0.8399999999999996358 ) ) ;
#4208 = SURFACE_STYLE_USAGE ( .BOTH. , #3597 ) ;
#4209 = EDGE_LOOP ( 'NONE', ( #4713, #7454 ) ) ;
#4210 = EDGE_CURVE ( 'NONE', #3988, #7291, #1283, .T. ) ;
#4211 = ORIENTED_EDGE ( 'NONE', *, *, #4999, .F. ) ;
#4212 = LINE ( 'NONE', #3677, #4878 ) ;
#4213 = AXIS2_PLACEMENT_3D ( 'NONE', #6535, #1333, #172 ) ;
#4214 = EDGE_CURVE ( 'NONE', #5626, #5270, #716, .T. ) ;
#4215 = CARTESIAN_POINT ( 'NONE',  ( 3.000000000000000000, 0.1745737087954402911, 4.240000000000000213 ) ) ;
#4216 = DIRECTION ( 'NONE',  ( 1.587125446138869267E-15, 1.000000000000000000, 0.000000000000000000 ) ) ;
#4217 = CYLINDRICAL_SURFACE ( 'NONE', #3033, 0.07000000000000061728 ) ;
#4218 = LINE ( 'NONE', #4790, #5563 ) ;
#4219 = AXIS2_PLACEMENT_3D ( 'NONE', #3714, #5486, #6063 ) ;
#4220 = EDGE_CURVE ( 'NONE', #5418, #5306, #6054, .T. ) ;
#4221 = ORIENTED_EDGE ( 'NONE', *, *, #5428, .F. ) ;
#4222 = CYLINDRICAL_SURFACE ( 'NONE', #5580, 0.07000000000000018707 ) ;
#4223 = AXIS2_PLACEMENT_3D ( 'NONE', #7540, #4758, #1091 ) ;
#4224 = PLANE ( 'NONE',  #2228 ) ;
#4225 = ORIENTED_EDGE ( 'NONE', *, *, #4973, .F. ) ;
#4226 = CARTESIAN_POINT ( 'NONE',  ( 2.392909663932662134, 0.04159826839416821964, 4.240000000000000213 ) ) ;
#4227 = ORIENTED_EDGE ( 'NONE', *, *, #2563, .T. ) ;
#4228 = VECTOR ( 'NONE', #846, 1000.000000000000000 ) ;
#4229 = ADVANCED_FACE ( 'NONE', ( #5400 ), #6485, .F. ) ;
#4230 = VERTEX_POINT ( 'NONE', #2471 ) ;
#4231 = EDGE_LOOP ( 'NONE', ( #1461, #7515, #4259, #4532 ) ) ;
#4232 = DIRECTION ( 'NONE',  ( -0.000000000000000000, -0.000000000000000000, -1.000000000000000000 ) ) ;
#4233 = CARTESIAN_POINT ( 'NONE',  ( -2.405117046837882633, 0.2161719771896077891, -4.650000000000000355 ) ) ;
#4234 = CARTESIAN_POINT ( 'NONE',  ( 2.095000000000000195, 0.8325000000000144507, 0.8399999999999996358 ) ) ;
#4235 = EDGE_CURVE ( 'NONE', #7154, #3660, #2167, .T. ) ;
#4236 = AXIS2_PLACEMENT_3D ( 'NONE', #866, #5493, #5527 ) ;
#4237 = CARTESIAN_POINT ( 'NONE',  ( 2.339999999999969660, 0.2860014607077954185, -2.970000000000000639 ) ) ;
#4238 = ORIENTED_EDGE ( 'NONE', *, *, #547, .F. ) ;
#4239 = VECTOR ( 'NONE', #4888, 1000.000000000000227 ) ;
#4240 = ORIENTED_EDGE ( 'NONE', *, *, #1533, .T. ) ;
#4241 = VECTOR ( 'NONE', #5207, 1000.000000000000000 ) ;
#4242 = DIRECTION ( 'NONE',  ( -0.000000000000000000, -0.000000000000000000, -1.000000000000000000 ) ) ;
#4243 = CARTESIAN_POINT ( 'NONE',  ( -2.095000000000000195, 0.8325000000000144507, -2.970000000000000639 ) ) ;
#4244 = LINE ( 'NONE', #1310, #2645 ) ;
#4245 = CARTESIAN_POINT ( 'NONE',  ( -2.409999999999970832, 0.2860014607077954185, 4.649999999999999467 ) ) ;
#4246 = CARTESIAN_POINT ( 'NONE',  ( -2.339999999999970104, 0.2860014607077954185, 0.8399999999999996358 ) ) ;
#4247 = AXIS2_PLACEMENT_3D ( 'NONE', #4859, #1934, #4280 ) ;
#4248 = VECTOR ( 'NONE', #1074, 1000.000000000000000 ) ;
#4249 = EDGE_CURVE ( 'NONE', #378, #3583, #1209, .T. ) ;
#4250 = ORIENTED_EDGE ( 'NONE', *, *, #2915, .F. ) ;
#4251 = PLANE ( 'NONE',  #592 ) ;
#4252 = CIRCLE ( 'NONE', #571, 0.2449999999999709355 ) ;
#4253 = LINE ( 'NONE', #6518, #4846 ) ;
#4254 = EDGE_CURVE ( 'NONE', #338, #7408, #637, .T. ) ;
#4255 = FACE_OUTER_BOUND ( 'NONE', #3913, .T. ) ;
#4256 = CARTESIAN_POINT ( 'NONE',  ( -2.405117046837882633, 0.2161719771896077891, -2.970000000000000639 ) ) ;
#4257 = CIRCLE ( 'NONE', #3531, 0.07000000000000018707 ) ;
#4258 = ADVANCED_FACE ( 'NONE', ( #5547 ), #1963, .F. ) ;
#4259 = ORIENTED_EDGE ( 'NONE', *, *, #151, .F. ) ;
#4260 = DIRECTION ( 'NONE',  ( -1.000000000000000000, -7.477256361968987358E-16, 0.000000000000000000 ) ) ;
#4261 = LINE ( 'NONE', #7152, #3708 ) ;
#4262 = DIRECTION ( 'NONE',  ( -0.000000000000000000, -0.000000000000000000, -1.000000000000000000 ) ) ;
#4263 = EDGE_CURVE ( 'NONE', #6789, #5438, #1504, .T. ) ;
#4264 = PLANE ( 'NONE',  #5988 ) ;
#4265 = EDGE_LOOP ( 'NONE', ( #703, #6360, #4610, #1699 ) ) ;
#4266 = VERTEX_POINT ( 'NONE', #3786 ) ;
#4267 = DIRECTION ( 'NONE',  ( 1.000000000000000000, 0.000000000000000000, -0.000000000000000000 ) ) ;
#4268 = LINE ( 'NONE', #3117, #5188 ) ;
#4269 = AXIS2_PLACEMENT_3D ( 'NONE', #3705, #1857, #2508 ) ;
#4270 = DIRECTION ( 'NONE',  ( -0.06975647374412290158, 0.9975640502598244197, 0.000000000000000000 ) ) ;
#4271 = ORIENTED_EDGE ( 'NONE', *, *, #6963, .F. ) ;
#4272 = ORIENTED_EDGE ( 'NONE', *, *, #343, .T. ) ;
#4273 = DIRECTION ( 'NONE',  ( -0.000000000000000000, 1.000000000000000000, -0.000000000000000000 ) ) ;
#4274 = LINE ( 'NONE', #2607, #2588 ) ;
#4275 = DIRECTION ( 'NONE',  ( -1.000000000000000000, 0.000000000000000000, 0.000000000000000000 ) ) ;
#4276 = DIRECTION ( 'NONE',  ( 1.000000000000000000, 0.000000000000000000, -0.000000000000000000 ) ) ;
#4277 = ADVANCED_FACE ( 'NONE', ( #5005 ), #3909, .F. ) ;
#4278 = ORIENTED_EDGE ( 'NONE', *, *, #1354, .T. ) ;
#4279 = DIRECTION ( 'NONE',  ( 0.000000000000000000, 1.000000000000000000, 0.000000000000000000 ) ) ;
#4280 = DIRECTION ( 'NONE',  ( 0.000000000000000000, -0.000000000000000000, -1.000000000000000000 ) ) ;
#4281 = DIRECTION ( 'NONE',  ( -1.000000000000000000, 0.000000000000000000, 0.000000000000000000 ) ) ;
#4282 = PLANE ( 'NONE',  #1881 ) ;
#4283 = CARTESIAN_POINT ( 'NONE',  ( 2.165000000000000480, 0.8325000000000144507, -4.650000000000000355 ) ) ;
#4284 = EDGE_CURVE ( 'NONE', #5801, #1913, #4928, .T. ) ;
#4285 = CYLINDRICAL_SURFACE ( 'NONE', #280, 0.3800000000000001155 ) ;
#4286 = CARTESIAN_POINT ( 'NONE',  ( -1.949999999999999956, 0.9025000000000144018, 0.8399999999999996358 ) ) ;
#4287 = EDGE_CURVE ( 'NONE', #4987, #7291, #4759, .T. ) ;
#4288 = DIRECTION ( 'NONE',  ( 1.587125446138869267E-15, 1.000000000000000000, 0.000000000000000000 ) ) ;
#4289 = ORIENTED_EDGE ( 'NONE', *, *, #1854, .F. ) ;
#4290 = ORIENTED_EDGE ( 'NONE', *, *, #62, .F. ) ;
#4291 = ORIENTED_EDGE ( 'NONE', *, *, #6616, .F. ) ;
#4292 = CARTESIAN_POINT ( 'NONE',  ( -3.000000000000000000, 0.1745737087954402911, -1.700000000000000622 ) ) ;
#4293 = EDGE_CURVE ( 'NONE', #1714, #1574, #7288, .T. ) ;
#4294 = CARTESIAN_POINT ( 'NONE',  ( 2.165000000000000036, 0.2860014607077954740, 4.649999999999999467 ) ) ;
#4295 = LINE ( 'NONE', #6646, #2505 ) ;
#4296 = VERTEX_POINT ( 'NONE', #2000 ) ;
#4297 = ORIENTED_EDGE ( 'NONE', *, *, #4692, .T. ) ;
#4298 = CARTESIAN_POINT ( 'NONE',  ( -1.949999999999999956, 0.9025000000000144018, 0.4299999999999998268 ) ) ;
#4299 = CARTESIAN_POINT ( 'NONE',  ( 2.405117046837882633, 0.2161719771896072062, 2.109999999999999876 ) ) ;
#4300 = CARTESIAN_POINT ( 'NONE',  ( -2.392909663932662134, 0.04159826839416821964, 2.969999999999999751 ) ) ;
#4301 = LINE ( 'NONE', #5537, #1006 ) ;
#4302 = MANIFOLD_SOLID_BREP ( 'Cut-Extrude2', #4105 ) ;
#4303 = ORIENTED_EDGE ( 'NONE', *, *, #1664, .T. ) ;
#4304 = VECTOR ( 'NONE', #4004, 1000.000000000000000 ) ;
#4305 = ORIENTED_EDGE ( 'NONE', *, *, #1664, .F. ) ;
#4306 = DIRECTION ( 'NONE',  ( 0.000000000000000000, 0.000000000000000000, 1.000000000000000000 ) ) ;
#4307 = EDGE_CURVE ( 'NONE', #1763, #5350, #294, .T. ) ;
#4308 = FACE_OUTER_BOUND ( 'NONE', #1941, .T. ) ;
#4309 = CIRCLE ( 'NONE', #7293, 0.2449999999999709355 ) ;
#4310 = EDGE_CURVE ( 'NONE', #5438, #2760, #6595, .T. ) ;
#4311 =( LENGTH_UNIT ( ) NAMED_UNIT ( * ) SI_UNIT ( .MILLI., .METRE. ) );
#4312 = AXIS2_PLACEMENT_3D ( 'NONE', #2086, #1940, #198 ) ;
#4313 = CARTESIAN_POINT ( 'NONE',  ( 2.165000000000000480, 0.8325000000000144507, 2.109999999999999876 ) ) ;
#4314 = VECTOR ( 'NONE', #4388, 1000.000000000000000 ) ;
#4315 = AXIS2_PLACEMENT_3D ( 'NONE', #7597, #1767, #3048 ) ;
#4316 = DIRECTION ( 'NONE',  ( -0.9975640502598241977, 0.06975647374412531632, 0.000000000000000000 ) ) ;
#4317 = CARTESIAN_POINT ( 'NONE',  ( 2.165000000000000480, 0.8325000000000144507, -0.8400000000000005240 ) ) ;
#4318 = PLANE ( 'NONE',  #4568 ) ;
#4319 = ORIENTED_EDGE ( 'NONE', *, *, #3289, .T. ) ;
#4320 = CARTESIAN_POINT ( 'NONE',  ( 2.409999999999970832, 0.2860014607077954185, 2.969999999999999751 ) ) ;
#4321 = FACE_OUTER_BOUND ( 'NONE', #5101, .T. ) ;
#4322 = ORIENTED_EDGE ( 'NONE', *, *, #4263, .T. ) ;
#4323 = VECTOR ( 'NONE', #3107, 1000.000000000000000 ) ;
#4324 = EDGE_CURVE ( 'NONE', #6501, #2207, #223, .T. ) ;
#4325 = ORIENTED_EDGE ( 'NONE', *, *, #3774, .F. ) ;
#4326 = DIRECTION ( 'NONE',  ( 0.000000000000000000, 0.000000000000000000, 1.000000000000000000 ) ) ;
#4327 = ORIENTED_EDGE ( 'NONE', *, *, #4583, .F. ) ;
#4328 = ORIENTED_EDGE ( 'NONE', *, *, #2703, .F. ) ;
#4329 = CIRCLE ( 'NONE', #1141, 0.2449999999999709355 ) ;
#4330 = VECTOR ( 'NONE', #595, 1000.000000000000114 ) ;
#4331 = CARTESIAN_POINT ( 'NONE',  ( -2.165000000000000480, 0.8325000000000144507, 3.379999999999999449 ) ) ;
#4332 = DIRECTION ( 'NONE',  ( -0.000000000000000000, -0.000000000000000000, -1.000000000000000000 ) ) ;
#4333 = ADVANCED_FACE ( 'NONE', ( #4394 ), #336, .F. ) ;
#4334 = DIRECTION ( 'NONE',  ( -0.000000000000000000, -0.000000000000000000, -1.000000000000000000 ) ) ;
#4335 = VECTOR ( 'NONE', #7517, 1000.000000000000000 ) ;
#4336 = EDGE_CURVE ( 'NONE', #1184, #4651, #3283, .T. ) ;
#4337 = ORIENTED_EDGE ( 'NONE', *, *, #13, .F. ) ;
#4338 = ORIENTED_EDGE ( 'NONE', *, *, #4284, .T. ) ;
#4339 = CARTESIAN_POINT ( 'NONE',  ( -2.339999999999969660, 0.2860014607077954185, -2.110000000000000320 ) ) ;
#4340 = PLANE ( 'NONE',  #6929 ) ;
#4341 = VECTOR ( 'NONE', #277, 1000.000000000000227 ) ;
#4342 = LINE ( 'NONE', #5535, #7323 ) ;
#4343 = CYLINDRICAL_SURFACE ( 'NONE', #3388, 0.07000000000000018707 ) ;
#4344 = CARTESIAN_POINT ( 'NONE',  ( 2.409999999999970832, 0.2860014607077954185, -2.970000000000000639 ) ) ;
#4345 = MANIFOLD_SOLID_BREP ( 'Boss-Extrude3[1]', #7056 ) ;
#4346 = LINE ( 'NONE', #7279, #6064 ) ;
#4347 = EDGE_LOOP ( 'NONE', ( #3012, #3063, #2051, #2824, #5676, #7409, #1591, #3299, #7233, #3192, #6430, #7257 ) ) ;
#4348 = EDGE_CURVE ( 'NONE', #2280, #2800, #1182, .T. ) ;
#4349 = VECTOR ( 'NONE', #82, 1000.000000000000000 ) ;
#4350 = AXIS2_PLACEMENT_3D ( 'NONE', #720, #1757, #22 ) ;
#4351 = VERTEX_POINT ( 'NONE', #1008 ) ;
#4352 = CARTESIAN_POINT ( 'NONE',  ( 1.949999999999999956, 0.9025000000000144018, -1.700000000000000622 ) ) ;
#4353 = CARTESIAN_POINT ( 'NONE',  ( 2.095000000000000195, 1.077499999999984803, -4.650000000000000355 ) ) ;
#4354 = AXIS2_PLACEMENT_3D ( 'NONE', #258, #4892, #5545 ) ;
#4355 = AXIS2_PLACEMENT_3D ( 'NONE', #4362, #3824, #3683 ) ;
#4356 =( NAMED_UNIT ( * ) SI_UNIT ( $, .STERADIAN. ) SOLID_ANGLE_UNIT ( ) );
#4357 = LINE ( 'NONE', #3101, #7292 ) ;
#4358 = ORIENTED_EDGE ( 'NONE', *, *, #6714, .F. ) ;
#4359 = EDGE_CURVE ( 'NONE', #6873, #954, #1579, .T. ) ;
#4360 = AXIS2_PLACEMENT_3D ( 'NONE', #5741, #508, #7440 ) ;
#4361 = VECTOR ( 'NONE', #992, 1000.000000000000000 ) ;
#4362 = CARTESIAN_POINT ( 'NONE',  ( -2.095000000000000195, 0.8325000000000144507, -0.4300000000000007150 ) ) ;
#4363 = LINE ( 'NONE', #6135, #1391 ) ;
#4364 = DIRECTION ( 'NONE',  ( -1.587125446138869267E-15, -1.000000000000000000, 0.000000000000000000 ) ) ;
#4365 = DIRECTION ( 'NONE',  ( -0.000000000000000000, -0.000000000000000000, -1.000000000000000000 ) ) ;
#4366 = DIRECTION ( 'NONE',  ( 1.000000000000000000, 0.000000000000000000, -0.000000000000000000 ) ) ;
#4367 = CIRCLE ( 'NONE', #4141, 0.2449999999999704914 ) ;
#4368 = VERTEX_POINT ( 'NONE', #4028 ) ;
#4369 = DIRECTION ( 'NONE',  ( 0.000000000000000000, 0.000000000000000000, 1.000000000000000000 ) ) ;
#4370 = VECTOR ( 'NONE', #415, 1000.000000000000000 ) ;
#4371 = EDGE_LOOP ( 'NONE', ( #3664, #3551, #5017, #5452 ) ) ;
#4372 = DIRECTION ( 'NONE',  ( -0.000000000000000000, -0.000000000000000000, -1.000000000000000000 ) ) ;
#4373 = VERTEX_POINT ( 'NONE', #3526 ) ;
#4374 = DIRECTION ( 'NONE',  ( -0.000000000000000000, -0.000000000000000000, -1.000000000000000000 ) ) ;
#4375 = MECHANICAL_DESIGN_GEOMETRIC_PRESENTATION_REPRESENTATION (  '', ( #7593 ), #5864 ) ;
#4376 = ADVANCED_FACE ( 'NONE', ( #5709 ), #3486, .T. ) ;
#4377 = EDGE_LOOP ( 'NONE', ( #4531, #2962, #5379, #4416 ) ) ;
#4378 = ORIENTED_EDGE ( 'NONE', *, *, #4307, .T. ) ;
#4379 = CARTESIAN_POINT ( 'NONE',  ( -2.165000000000000036, 0.8325000000000144507, -1.700000000000000622 ) ) ;
#4380 = CARTESIAN_POINT ( 'NONE',  ( 0.000000000000000000, 1.750000000000000000, 0.000000000000000000 ) ) ;
#4381 = VECTOR ( 'NONE', #7009, 1000.000000000000000 ) ;
#4382 = DIRECTION ( 'NONE',  ( -1.000000000000000000, -0.000000000000000000, -0.000000000000000000 ) ) ;
#4383 = FACE_OUTER_BOUND ( 'NONE', #3849, .T. ) ;
#4384 = CARTESIAN_POINT ( 'NONE',  ( 2.392909663932662134, 0.04159826839416821964, 3.379999999999999449 ) ) ;
#4385 = ADVANCED_FACE ( 'NONE', ( #1740 ), #6435, .F. ) ;
#4386 = SURFACE_STYLE_USAGE ( .BOTH. , #1995 ) ;
#4387 = EDGE_LOOP ( 'NONE', ( #1010, #1679, #5886, #5388 ) ) ;
#4388 = DIRECTION ( 'NONE',  ( -0.000000000000000000, -0.000000000000000000, -1.000000000000000000 ) ) ;
#4389 = DIRECTION ( 'NONE',  ( -0.000000000000000000, 1.000000000000000000, -0.000000000000000000 ) ) ;
#4390 = ORIENTED_EDGE ( 'NONE', *, *, #4593, .F. ) ;
#4391 = DIRECTION ( 'NONE',  ( -0.000000000000000000, -0.000000000000000000, -1.000000000000000000 ) ) ;
#4392 = EDGE_CURVE ( 'NONE', #7304, #2843, #6218, .T. ) ;
#4393 = EDGE_CURVE ( 'NONE', #7007, #1255, #5604, .T. ) ;
#4394 = FACE_OUTER_BOUND ( 'NONE', #4488, .T. ) ;
#4395 = CARTESIAN_POINT ( 'NONE',  ( 2.095000000000000195, 0.8325000000000144507, -4.240000000000001101 ) ) ;
#4396 = ORIENTED_EDGE ( 'NONE', *, *, #4434, .T. ) ;
#4397 = CARTESIAN_POINT ( 'NONE',  ( -2.409999999999970832, 0.2860014607077954185, 4.649999999999999467 ) ) ;
#4398 = CARTESIAN_POINT ( 'NONE',  ( 1.949999999999999956, 0.9025000000000144018, 0.4299999999999998268 ) ) ;
#4399 = LINE ( 'NONE', #3106, #5419 ) ;
#4400 = ORIENTED_EDGE ( 'NONE', *, *, #3226, .F. ) ;
#4401 = CARTESIAN_POINT ( 'NONE',  ( 1.949999999999999956, 0.9025000000000144018, -4.240000000000001101 ) ) ;
#4402 = VERTEX_POINT ( 'NONE', #4515 ) ;
#4403 = CARTESIAN_POINT ( 'NONE',  ( 2.165000000000000480, 0.8325000000000144507, -4.650000000000000355 ) ) ;
#4404 = VERTEX_POINT ( 'NONE', #6322 ) ;
#4405 = LINE ( 'NONE', #3075, #6225 ) ;
#4406 = ORIENTED_EDGE ( 'NONE', *, *, #3093, .T. ) ;
#4407 = EDGE_LOOP ( 'NONE', ( #5550, #3004, #6743, #5369 ) ) ;
#4408 = ORIENTED_EDGE ( 'NONE', *, *, #2073, .T. ) ;
#4409 = DIRECTION ( 'NONE',  ( 0.000000000000000000, 0.000000000000000000, 1.000000000000000000 ) ) ;
#4410 = PRESENTATION_STYLE_ASSIGNMENT (( #2060 ) ) ;
#4411 = ORIENTED_EDGE ( 'NONE', *, *, #3411, .F. ) ;
#4412 = EDGE_CURVE ( 'NONE', #441, #5442, #8, .T. ) ;
#4413 = DIRECTION ( 'NONE',  ( -1.000000000000000000, 0.000000000000000000, 0.000000000000000000 ) ) ;
#4414 = ORIENTED_EDGE ( 'NONE', *, *, #197, .T. ) ;
#4415 = ADVANCED_FACE ( 'NONE', ( #3444 ), #2324, .T. ) ;
#4416 = ORIENTED_EDGE ( 'NONE', *, *, #1660, .T. ) ;
#4417 = ORIENTED_EDGE ( 'NONE', *, *, #1025, .T. ) ;
#4418 = DIRECTION ( 'NONE',  ( -0.9975640502598241977, 0.06975647374412531632, 0.000000000000000000 ) ) ;
#4419 = LINE ( 'NONE', #7436, #2474 ) ;
#4420 = CARTESIAN_POINT ( 'NONE',  ( 2.392909663932662134, 0.04159826839416821964, -2.970000000000000639 ) ) ;
#4421 = CARTESIAN_POINT ( 'NONE',  ( -2.409999999999970832, 0.2860014607077954185, -2.970000000000000639 ) ) ;
#4422 = DIRECTION ( 'NONE',  ( -2.380688169208303900E-15, -1.000000000000000000, 0.000000000000000000 ) ) ;
#4423 = VERTEX_POINT ( 'NONE', #1051 ) ;
#4424 = DIRECTION ( 'NONE',  ( -0.9975640502598241977, 0.06975647374412531632, 0.000000000000000000 ) ) ;
#4425 = ADVANCED_FACE ( 'NONE', ( #5749 ), #516, .F. ) ;
#4426 = LINE ( 'NONE', #2700, #1816 ) ;
#4427 = VERTEX_POINT ( 'NONE', #7526 ) ;
#4428 = LINE ( 'NONE', #335, #4742 ) ;
#4429 = DIRECTION ( 'NONE',  ( -1.000000000000000000, 0.000000000000000000, 0.000000000000000000 ) ) ;
#4430 = ADVANCED_FACE ( 'NONE', ( #2869 ), #2240, .F. ) ;
#4431 = EDGE_LOOP ( 'NONE', ( #7010, #984, #5102, #3499, #1915, #2782, #3436, #1601, #864, #3546, #96, #1181 ) ) ;
#4432 =( GEOMETRIC_REPRESENTATION_CONTEXT ( 3 ) GLOBAL_UNCERTAINTY_ASSIGNED_CONTEXT ( ( #4521 ) ) GLOBAL_UNIT_ASSIGNED_CONTEXT ( ( #7203, #1877, #3663 ) ) REPRESENTATION_CONTEXT ( 'NONE', 'WORKASPACE' ) );
#4433 = MANIFOLD_SOLID_BREP ( 'LPattern1[2]', #6180 ) ;
#4434 = EDGE_CURVE ( 'NONE', #507, #5878, #7333, .T. ) ;
#4435 = DIRECTION ( 'NONE',  ( -1.000000000000000000, 0.000000000000000000, 0.000000000000000000 ) ) ;
#4436 = AXIS2_PLACEMENT_3D ( 'NONE', #5843, #610, #5289 ) ;
#4437 = LINE ( 'NONE', #6782, #5959 ) ;
#4438 = DIRECTION ( 'NONE',  ( 1.000000000000000000, 7.477256361968987358E-16, -0.000000000000000000 ) ) ;
#4439 = CARTESIAN_POINT ( 'NONE',  ( -2.392909663932662134, 0.04159826839416762290, 2.969999999999999751 ) ) ;
#4440 = CARTESIAN_POINT ( 'NONE',  ( -1.949999999999999956, 0.9025000000000144018, 3.379999999999999449 ) ) ;
#4441 = EDGE_CURVE ( 'NONE', #3576, #5350, #4536, .T. ) ;
#4442 = DIRECTION ( 'NONE',  ( 1.000000000000000000, 0.000000000000000000, 0.000000000000000000 ) ) ;
#4443 = VERTEX_POINT ( 'NONE', #4452 ) ;
#4444 = VERTEX_POINT ( 'NONE', #2687 ) ;
#4445 = LINE ( 'NONE', #3459, #1156 ) ;
#4446 = VECTOR ( 'NONE', #1498, 1000.000000000000000 ) ;
#4447 = FILL_AREA_STYLE_COLOUR ( '', #5172 ) ;
#4448 = ORIENTED_EDGE ( 'NONE', *, *, #5139, .T. ) ;
#4449 = LINE ( 'NONE', #5568, #4954 ) ;
#4450 = EDGE_CURVE ( 'NONE', #519, #4864, #6850, .T. ) ;
#4451 = AXIS2_PLACEMENT_3D ( 'NONE', #266, #3685, #6712 ) ;
#4452 = CARTESIAN_POINT ( 'NONE',  ( 2.339999999999969660, 0.2860014607077954185, -0.8400000000000005240 ) ) ;
#4453 = ORIENTED_EDGE ( 'NONE', *, *, #6328, .T. ) ;
#4454 = EDGE_LOOP ( 'NONE', ( #319, #6734 ) ) ;
#4455 = EDGE_CURVE ( 'NONE', #652, #1133, #5647, .T. ) ;
#4456 = DIRECTION ( 'NONE',  ( 1.587125446138869267E-15, 1.000000000000000000, 0.000000000000000000 ) ) ;
#4457 = DIRECTION ( 'NONE',  ( -0.000000000000000000, -0.000000000000000000, -1.000000000000000000 ) ) ;
#4458 = CARTESIAN_POINT ( 'NONE',  ( 2.409999999999970832, 0.2860014607077954185, 2.969999999999999751 ) ) ;
#4459 = CARTESIAN_POINT ( 'NONE',  ( -1.949999999999999956, 0.9025000000000144018, 4.240000000000000213 ) ) ;
#4460 = CARTESIAN_POINT ( 'NONE',  ( -2.165000000000000480, 0.8325000000000144507, -2.970000000000000639 ) ) ;
#4461 = MANIFOLD_SOLID_BREP ( 'Boss-Extrude2', #5437 ) ;
#4462 = AXIS2_PLACEMENT_3D ( 'NONE', #6908, #83, #2359 ) ;
#4463 = FACE_OUTER_BOUND ( 'NONE', #5649, .T. ) ;
#4464 = ORIENTED_EDGE ( 'NONE', *, *, #732, .F. ) ;
#4465 = DIRECTION ( 'NONE',  ( 0.000000000000000000, 1.000000000000000000, 0.000000000000000000 ) ) ;
#4466 = DIRECTION ( 'NONE',  ( 1.000000000000000000, 0.000000000000000000, 0.000000000000000000 ) ) ;
#4467 = ORIENTED_EDGE ( 'NONE', *, *, #2810, .T. ) ;
#4468 = DIRECTION ( 'NONE',  ( -0.000000000000000000, -0.000000000000000000, -1.000000000000000000 ) ) ;
#4469 = CARTESIAN_POINT ( 'NONE',  ( -2.095000000000000195, 0.8325000000000144507, -0.8400000000000005240 ) ) ;
#4470 = LINE ( 'NONE', #3820, #3856 ) ;
#4471 = VECTOR ( 'NONE', #773, 1000.000000000000000 ) ;
#4472 = VECTOR ( 'NONE', #7469, 1000.000000000000000 ) ;
#4473 = VERTEX_POINT ( 'NONE', #1102 ) ;
#4474 = VERTEX_POINT ( 'NONE', #7431 ) ;
#4475 = ORIENTED_EDGE ( 'NONE', *, *, #10, .T. ) ;
#4476 = ADVANCED_FACE ( 'NONE', ( #1031 ), #2148, .F. ) ;
#4477 = VECTOR ( 'NONE', #567, 1000.000000000000114 ) ;
#4478 = VECTOR ( 'NONE', #7225, 1000.000000000000227 ) ;
#4479 = CARTESIAN_POINT ( 'NONE',  ( 2.409999999999970832, 0.2860014607077954185, 4.649999999999999467 ) ) ;
#4480 = LINE ( 'NONE', #7253, #1281 ) ;
#4481 = CARTESIAN_POINT ( 'NONE',  ( -2.987792617094780834, 5.421010862427522170E-16, 4.240000000000000213 ) ) ;
#4482 = DIRECTION ( 'NONE',  ( -1.000000000000000000, 0.000000000000000000, 0.000000000000000000 ) ) ;
#4483 = CARTESIAN_POINT ( 'NONE',  ( 2.409999999999970832, 0.2860014607077954185, -0.4300000000000007150 ) ) ;
#4484 = ADVANCED_FACE ( 'NONE', ( #1565 ), #5806, .T. ) ;
#4485 = VECTOR ( 'NONE', #781, 1000.000000000000000 ) ;
#4486 = VECTOR ( 'NONE', #4016, 1000.000000000000000 ) ;
#4487 = ORIENTED_EDGE ( 'NONE', *, *, #918, .F. ) ;
#4488 = EDGE_LOOP ( 'NONE', ( #767, #222, #1665, #2223 ) ) ;
#4489 = DIRECTION ( 'NONE',  ( -0.06975647374412290158, 0.9975640502598244197, 0.000000000000000000 ) ) ;
#4490 = AXIS2_PLACEMENT_3D ( 'NONE', #3625, #5892, #698 ) ;
#4491 = FACE_OUTER_BOUND ( 'NONE', #1098, .T. ) ;
#4492 = ORIENTED_EDGE ( 'NONE', *, *, #6783, .T. ) ;
#4493 = ORIENTED_EDGE ( 'NONE', *, *, #4494, .T. ) ;
#4494 = EDGE_CURVE ( 'NONE', #6238, #6880, #5112, .T. ) ;
#4495 = CARTESIAN_POINT ( 'NONE',  ( 2.095000000000000195, 1.077499999999984803, 4.649999999999999467 ) ) ;
#4496 = AXIS2_PLACEMENT_3D ( 'NONE', #3981, #5126, #5079 ) ;
#4497 = VECTOR ( 'NONE', #6175, 1000.000000000000000 ) ;
#4498 = DIRECTION ( 'NONE',  ( 0.000000000000000000, -1.000000000000000000, 0.000000000000000000 ) ) ;
#4499 = ORIENTED_EDGE ( 'NONE', *, *, #1669, .F. ) ;
#4500 = ORIENTED_EDGE ( 'NONE', *, *, #2720, .T. ) ;
#4501 = DIRECTION ( 'NONE',  ( -0.000000000000000000, -0.000000000000000000, -1.000000000000000000 ) ) ;
#4502 = DIRECTION ( 'NONE',  ( 1.000000000000000000, -7.477256361968987358E-16, 0.000000000000000000 ) ) ;
#4503 = FILL_AREA_STYLE ('',( #2778 ) ) ;
#4504 = ORIENTED_EDGE ( 'NONE', *, *, #268, .T. ) ;
#4505 = DIRECTION ( 'NONE',  ( -1.587125446138869267E-15, 1.000000000000000000, 0.000000000000000000 ) ) ;
#4506 = EDGE_CURVE ( 'NONE', #29, #5307, #7475, .T. ) ;
#4507 = MANIFOLD_SOLID_BREP ( 'LPattern1[9]', #3361 ) ;
#4508 = CARTESIAN_POINT ( 'NONE',  ( 2.409999999999970832, 0.2860014607077954185, 1.700000000000000178 ) ) ;
#4509 = EDGE_LOOP ( 'NONE', ( #7020, #5136, #5630, #7232 ) ) ;
#4510 = CIRCLE ( 'NONE', #344, 0.2449999999999704914 ) ;
#4511 = FACE_OUTER_BOUND ( 'NONE', #2003, .T. ) ;
#4512 = CARTESIAN_POINT ( 'NONE',  ( -2.392909663932662134, 0.04159826839416762290, 0.4299999999999998268 ) ) ;
#4513 = ORIENTED_EDGE ( 'NONE', *, *, #5904, .F. ) ;
#4514 = LINE ( 'NONE', #6867, #1654 ) ;
#4515 = CARTESIAN_POINT ( 'NONE',  ( -2.392909663932662134, 0.04159826839416762290, -2.970000000000000639 ) ) ;
#4516 = LINE ( 'NONE', #5549, #5943 ) ;
#4517 = VECTOR ( 'NONE', #4549, 1000.000000000000000 ) ;
#4518 = EDGE_CURVE ( 'NONE', #7347, #6384, #5770, .T. ) ;
#4519 = ORIENTED_EDGE ( 'NONE', *, *, #5325, .T. ) ;
#4520 = DIRECTION ( 'NONE',  ( 0.06975647374412533019, -0.9975640502598243087, 0.000000000000000000 ) ) ;
#4521 = UNCERTAINTY_MEASURE_WITH_UNIT (LENGTH_MEASURE( 1.000000000000000082E-05 ), #7203, 'distance_accuracy_value', 'NONE');
#4522 = LINE ( 'NONE', #1585, #1783 ) ;
#4523 = ORIENTED_EDGE ( 'NONE', *, *, #1926, .T. ) ;
#4524 = LINE ( 'NONE', #974, #998 ) ;
#4525 = ORIENTED_EDGE ( 'NONE', *, *, #4679, .T. ) ;
#4526 = DIRECTION ( 'NONE',  ( -1.000000000000000000, 0.000000000000000000, 0.000000000000000000 ) ) ;
#4527 = CARTESIAN_POINT ( 'NONE',  ( -1.949999999999999956, 0.2300000000000000100, 4.831420105473557491 ) ) ;
#4528 = EDGE_LOOP ( 'NONE', ( #3047, #4000, #4487, #4305, #6458, #2641, #475, #1266, #3797, #7551, #7455, #730 ) ) ;
#4529 = VERTEX_POINT ( 'NONE', #27 ) ;
#4530 = CARTESIAN_POINT ( 'NONE',  ( 2.095000000000000195, 1.077499999999984803, -4.240000000000001101 ) ) ;
#4531 = ORIENTED_EDGE ( 'NONE', *, *, #4080, .T. ) ;
#4532 = ORIENTED_EDGE ( 'NONE', *, *, #4455, .T. ) ;
#4533 = PLANE ( 'NONE',  #194 ) ;
#4534 = EDGE_CURVE ( 'NONE', #3334, #2189, #3658, .T. ) ;
#4535 = ADVANCED_FACE ( 'NONE', ( #4190 ), #4081, .F. ) ;
#4536 = LINE ( 'NONE', #6383, #2791 ) ;
#4537 = ORIENTED_EDGE ( 'NONE', *, *, #1005, .T. ) ;
#4538 = VERTEX_POINT ( 'NONE', #1217 ) ;
#4539 = DIRECTION ( 'NONE',  ( 1.000000000000000000, 0.000000000000000000, -0.000000000000000000 ) ) ;
#4540 = CARTESIAN_POINT ( 'NONE',  ( 1.949999999999999956, 0.9025000000000144018, 4.240000000000000213 ) ) ;
#4541 = CARTESIAN_POINT ( 'NONE',  ( -2.392909663932662134, 0.04159826839416821964, 0.8399999999999996358 ) ) ;
#4542 = VERTEX_POINT ( 'NONE', #1296 ) ;
#4543 = DIRECTION ( 'NONE',  ( 1.000000000000000000, 1.587125446138869267E-15, -0.000000000000000000 ) ) ;
#4544 = MANIFOLD_SOLID_BREP ( 'LPattern1[3]', #886 ) ;
#4545 = LINE ( 'NONE', #1152, #6439 ) ;
#4546 = EDGE_CURVE ( 'NONE', #2320, #5767, #6600, .T. ) ;
#4547 = VERTEX_POINT ( 'NONE', #104 ) ;
#4548 = CARTESIAN_POINT ( 'NONE',  ( -0.8460992580090017645, 2.570586243606247656, -4.686728610727569411 ) ) ;
#4549 = DIRECTION ( 'NONE',  ( -0.000000000000000000, -0.000000000000000000, -1.000000000000000000 ) ) ;
#4550 = ORIENTED_EDGE ( 'NONE', *, *, #229, .F. ) ;
#4551 = FACE_OUTER_BOUND ( 'NONE', #2698, .T. ) ;
#4552 = DIRECTION ( 'NONE',  ( -2.380688169208303900E-15, 1.000000000000000000, -0.000000000000000000 ) ) ;
#4553 = ORIENTED_EDGE ( 'NONE', *, *, #4951, .T. ) ;
#4554 = EDGE_CURVE ( 'NONE', #3667, #5160, #2420, .T. ) ;
#4555 = ORIENTED_EDGE ( 'NONE', *, *, #1100, .F. ) ;
#4556 = CARTESIAN_POINT ( 'NONE',  ( -2.095000000000000195, 1.077499999999984803, -1.700000000000000622 ) ) ;
#4557 = DIRECTION ( 'NONE',  ( -2.380688169208303900E-15, -1.000000000000000000, 0.000000000000000000 ) ) ;
#4558 = DIRECTION ( 'NONE',  ( -0.06975647374412533019, -0.9975640502598243087, 0.000000000000000000 ) ) ;
#4559 = ORIENTED_EDGE ( 'NONE', *, *, #6733, .T. ) ;
#4560 = CARTESIAN_POINT ( 'NONE',  ( -2.095000000000000195, 0.9025000000000142908, -0.4300000000000007150 ) ) ;
#4561 = FACE_OUTER_BOUND ( 'NONE', #7482, .T. ) ;
#4562 = AXIS2_PLACEMENT_3D ( 'NONE', #6722, #7349, #1366 ) ;
#4563 = VERTEX_POINT ( 'NONE', #5377 ) ;
#4564 = ORIENTED_EDGE ( 'NONE', *, *, #6237, .F. ) ;
#4565 = PLANE ( 'NONE',  #4960 ) ;
#4566 = EDGE_LOOP ( 'NONE', ( #993, #3318, #2096, #4031, #1635, #1093, #2821, #6657, #5411, #4010, #812, #4699 ) ) ;
#4567 = AXIS2_PLACEMENT_3D ( 'NONE', #2067, #392, #6854 ) ;
#4568 = AXIS2_PLACEMENT_3D ( 'NONE', #1394, #3753, #6102 ) ;
#4569 = CARTESIAN_POINT ( 'NONE',  ( -2.165000000000000480, 0.8325000000000144507, -4.650000000000000355 ) ) ;
#4570 = EDGE_CURVE ( 'NONE', #6943, #1132, #3619, .T. ) ;
#4571 = CARTESIAN_POINT ( 'NONE',  ( 1.949999999999999956, 1.077499999999984803, -4.240000000000001101 ) ) ;
#4572 = ORIENTED_EDGE ( 'NONE', *, *, #4392, .F. ) ;
#4573 = ORIENTED_EDGE ( 'NONE', *, *, #3897, .F. ) ;
#4574 = AXIS2_PLACEMENT_3D ( 'NONE', #327, #6767, #959 ) ;
#4575 = STYLED_ITEM ( 'NONE', ( #5364 ), #1930 ) ;
#4576 = CARTESIAN_POINT ( 'NONE',  ( -1.949999999999999956, 0.9025000000000144018, 3.379999999999999449 ) ) ;
#4577 = FACE_OUTER_BOUND ( 'NONE', #6611, .T. ) ;
#4578 = DIRECTION ( 'NONE',  ( -0.000000000000000000, 1.000000000000000000, -0.000000000000000000 ) ) ;
#4579 = VERTEX_POINT ( 'NONE', #1183 ) ;
#4580 = CARTESIAN_POINT ( 'NONE',  ( -2.392909663932662134, 0.04159826839416821964, -2.970000000000000639 ) ) ;
#4581 = CARTESIAN_POINT ( 'NONE',  ( 2.095000000000000195, 1.077499999999984803, -1.700000000000000622 ) ) ;
#4582 = VECTOR ( 'NONE', #7191, 1000.000000000000000 ) ;
#4583 = EDGE_CURVE ( 'NONE', #6501, #6831, #1722, .T. ) ;
#4584 = CIRCLE ( 'NONE', #2374, 0.07000000000000018707 ) ;
#4585 = VERTEX_POINT ( 'NONE', #6575 ) ;
#4586 = ORIENTED_EDGE ( 'NONE', *, *, #2703, .T. ) ;
#4587 = CARTESIAN_POINT ( 'NONE',  ( 1.949999999999999956, 0.9025000000000144018, 4.649999999999999467 ) ) ;
#4588 = ORIENTED_EDGE ( 'NONE', *, *, #3023, .T. ) ;
#4589 = CIRCLE ( 'NONE', #5440, 0.2449999999999709355 ) ;
#4590 = AXIS2_PLACEMENT_3D ( 'NONE', #543, #505, #6387 ) ;
#4591 = DIRECTION ( 'NONE',  ( 0.000000000000000000, -1.000000000000000000, 0.000000000000000000 ) ) ;
#4592 = SURFACE_STYLE_FILL_AREA ( #1543 ) ;
#4593 = EDGE_CURVE ( 'NONE', #3469, #6826, #2894, .T. ) ;
#4594 = COLOUR_RGB ( '',0.7921568627450980005, 0.8196078431372548767, 0.9333333333333333481 ) ;
#4595 = ORIENTED_EDGE ( 'NONE', *, *, #4133, .T. ) ;
#4596 = VERTEX_POINT ( 'NONE', #5225 ) ;
#4597 = FACE_OUTER_BOUND ( 'NONE', #3509, .T. ) ;
#4598 = DIRECTION ( 'NONE',  ( 0.000000000000000000, -0.000000000000000000, 1.000000000000000000 ) ) ;
#4599 = UNCERTAINTY_MEASURE_WITH_UNIT (LENGTH_MEASURE( 1.000000000000000082E-05 ), #2572, 'distance_accuracy_value', 'NONE');
#4600 = DIRECTION ( 'NONE',  ( -0.000000000000000000, -0.000000000000000000, -1.000000000000000000 ) ) ;
#4601 = VECTOR ( 'NONE', #6115, 1000.000000000000227 ) ;
#4602 = CARTESIAN_POINT ( 'NONE',  ( 2.392909663932662134, 0.04159826839416821964, -4.650000000000000355 ) ) ;
#4603 = ORIENTED_EDGE ( 'NONE', *, *, #2500, .F. ) ;
#4604 = PLANE ( 'NONE',  #220 ) ;
#4605 = CARTESIAN_POINT ( 'NONE',  ( 2.339999999999969660, 0.2860014607077954185, 2.969999999999999751 ) ) ;
#4606 = EDGE_CURVE ( 'NONE', #3014, #1000, #7594, .T. ) ;
#4607 = AXIS2_PLACEMENT_3D ( 'NONE', #3752, #3177, #5518 ) ;
#4608 = AXIS2_PLACEMENT_3D ( 'NONE', #575, #6448, #7081 ) ;
#4609 = ORIENTED_EDGE ( 'NONE', *, *, #465, .T. ) ;
#4610 = ORIENTED_EDGE ( 'NONE', *, *, #307, .F. ) ;
#4611 = LINE ( 'NONE', #3961, #5835 ) ;
#4612 =( LENGTH_UNIT ( ) NAMED_UNIT ( * ) SI_UNIT ( .MILLI., .METRE. ) );
#4613 = ORIENTED_EDGE ( 'NONE', *, *, #3235, .F. ) ;
#4614 = CARTESIAN_POINT ( 'NONE',  ( 1.949999999999999956, 0.9025000000000144018, 0.8399999999999996358 ) ) ;
#4615 = ORIENTED_EDGE ( 'NONE', *, *, #3191, .T. ) ;
#4616 = CIRCLE ( 'NONE', #5342, 0.2449999999999709355 ) ;
#4617 = VECTOR ( 'NONE', #806, 1000.000000000000227 ) ;
#4618 = CARTESIAN_POINT ( 'NONE',  ( 2.095000000000000195, 1.077499999999984803, -0.8400000000000005240 ) ) ;
#4619 = EDGE_CURVE ( 'NONE', #1625, #2281, #5368, .T. ) ;
#4620 = DIRECTION ( 'NONE',  ( 0.9975640502598241977, -0.06975647374412548285, 0.000000000000000000 ) ) ;
#4621 = VERTEX_POINT ( 'NONE', #1328 ) ;
#4622 = AXIS2_PLACEMENT_3D ( 'NONE', #435, #6390, #3975 ) ;
#4623 = ORIENTED_EDGE ( 'NONE', *, *, #850, .F. ) ;
#4624 = CARTESIAN_POINT ( 'NONE',  ( 2.165000000000000036, 0.2860014607077954740, -2.970000000000000639 ) ) ;
#4625 = CARTESIAN_POINT ( 'NONE',  ( 2.095000000000000195, 1.077499999999984803, 4.649999999999999467 ) ) ;
#4626 =( NAMED_UNIT ( * ) SI_UNIT ( $, .STERADIAN. ) SOLID_ANGLE_UNIT ( ) );
#4627 = CARTESIAN_POINT ( 'NONE',  ( -1.949999999999999956, 1.077499999999984803, 2.109999999999999876 ) ) ;
#4628 = DIRECTION ( 'NONE',  ( 1.000000000000000000, 0.000000000000000000, -0.000000000000000000 ) ) ;
#4629 = VECTOR ( 'NONE', #1935, 1000.000000000000000 ) ;
#4630 = ORIENTED_EDGE ( 'NONE', *, *, #5203, .T. ) ;
#4631 = ORIENTED_EDGE ( 'NONE', *, *, #3366, .T. ) ;
#4632 = CARTESIAN_POINT ( 'NONE',  ( -2.164999999999999591, 0.2860014607077954740, 0.8399999999999996358 ) ) ;
#4633 = ORIENTED_EDGE ( 'NONE', *, *, #317, .F. ) ;
#4634 = AXIS2_PLACEMENT_3D ( 'NONE', #2826, #5163, #5784 ) ;
#4635 = EDGE_CURVE ( 'NONE', #6007, #7228, #4510, .T. ) ;
#4636 = CARTESIAN_POINT ( 'NONE',  ( 2.339999999999969660, 0.2860014607077954185, -2.110000000000000320 ) ) ;
#4637 = SURFACE_STYLE_USAGE ( .BOTH. , #3947 ) ;
#4638 = EDGE_CURVE ( 'NONE', #6273, #652, #3542, .T. ) ;
#4639 = PRESENTATION_LAYER_ASSIGNMENT (  '', '', ( #3773 ) ) ;
#4640 = DIRECTION ( 'NONE',  ( -0.000000000000000000, -0.000000000000000000, -1.000000000000000000 ) ) ;
#4641 = EDGE_CURVE ( 'NONE', #165, #503, #755, .T. ) ;
#4642 = EDGE_CURVE ( 'NONE', #7370, #4987, #6717, .T. ) ;
#4643 = LINE ( 'NONE', #2918, #3022 ) ;
#4644 = CARTESIAN_POINT ( 'NONE',  ( 2.095000000000000195, 0.9025000000000146239, -0.8400000000000005240 ) ) ;
#4645 = AXIS2_PLACEMENT_3D ( 'NONE', #6016, #1385, #5511 ) ;
#4646 = CARTESIAN_POINT ( 'NONE',  ( 2.339999999999970548, 0.8325000000000144507, 2.109999999999999876 ) ) ;
#4647 = VERTEX_POINT ( 'NONE', #6142 ) ;
#4648 = DIRECTION ( 'NONE',  ( 0.000000000000000000, -0.000000000000000000, 1.000000000000000000 ) ) ;
#4649 = CARTESIAN_POINT ( 'NONE',  ( -2.392909663932662134, 0.04159826839416762290, 3.379999999999999449 ) ) ;
#4650 = ADVANCED_FACE ( 'NONE', ( #3688 ), #4264, .F. ) ;
#4651 = VERTEX_POINT ( 'NONE', #3221 ) ;
#4652 = CARTESIAN_POINT ( 'NONE',  ( -3.000000000000000000, 0.1745737087954402911, -2.970000000000000639 ) ) ;
#4653 = CARTESIAN_POINT ( 'NONE',  ( -1.949999999999999956, 0.9025000000000144018, -2.970000000000000639 ) ) ;
#4654 = ORIENTED_EDGE ( 'NONE', *, *, #4641, .T. ) ;
#4655 = DIRECTION ( 'NONE',  ( -0.000000000000000000, -0.000000000000000000, -1.000000000000000000 ) ) ;
#4656 = ORIENTED_EDGE ( 'NONE', *, *, #2720, .F. ) ;
#4657 = ADVANCED_FACE ( 'NONE', ( #3762 ), #7344, .F. ) ;
#4658 =( LENGTH_UNIT ( ) NAMED_UNIT ( * ) SI_UNIT ( .MILLI., .METRE. ) );
#4659 = ORIENTED_EDGE ( 'NONE', *, *, #4506, .T. ) ;
#4660 = EDGE_LOOP ( 'NONE', ( #7005, #938, #6751, #4062 ) ) ;
#4661 = PLANE ( 'NONE',  #3588 ) ;
#4662 = CYLINDRICAL_SURFACE ( 'NONE', #175, 0.2449999999999709355 ) ;
#4663 = LINE ( 'NONE', #6935, #4486 ) ;
#4664 = EDGE_CURVE ( 'NONE', #6143, #5917, #724, .T. ) ;
#4665 = DIRECTION ( 'NONE',  ( 1.587125446138869267E-15, -1.000000000000000000, -0.000000000000000000 ) ) ;
#4666 = EDGE_CURVE ( 'NONE', #1625, #6209, #2526, .T. ) ;
#4667 = CARTESIAN_POINT ( 'NONE',  ( 2.095000000000000195, 0.8325000000000144507, 0.4299999999999998268 ) ) ;
#4668 = VERTEX_POINT ( 'NONE', #2557 ) ;
#4669 = ORIENTED_EDGE ( 'NONE', *, *, #4814, .F. ) ;
#4670 = LINE ( 'NONE', #6863, #4036 ) ;
#4671 = CARTESIAN_POINT ( 'NONE',  ( -2.987792617094780834, 5.421010862427522170E-16, 0.8399999999999996358 ) ) ;
#4672 = DIRECTION ( 'NONE',  ( 0.000000000000000000, 0.000000000000000000, 1.000000000000000000 ) ) ;
#4673 =( NAMED_UNIT ( * ) SI_UNIT ( $, .STERADIAN. ) SOLID_ANGLE_UNIT ( ) );
#4674 = DIRECTION ( 'NONE',  ( -1.000000000000000000, 0.000000000000000000, 0.000000000000000000 ) ) ;
#4675 = EDGE_LOOP ( 'NONE', ( #3203, #2341, #1562, #6182 ) ) ;
#4676 = CARTESIAN_POINT ( 'NONE',  ( 2.987792617094780834, 5.421010862427522170E-16, 0.8399999999999996358 ) ) ;
#4677 = DIRECTION ( 'NONE',  ( -1.000000000000000000, 0.000000000000000000, 0.000000000000000000 ) ) ;
#4678 = CARTESIAN_POINT ( 'NONE',  ( -2.339999999999970548, 0.8325000000000144507, -1.700000000000000622 ) ) ;
#4679 = EDGE_CURVE ( 'NONE', #3803, #6918, #2640, .T. ) ;
#4680 = CARTESIAN_POINT ( 'NONE',  ( -2.339999999999970548, 0.8325000000000144507, -1.700000000000000622 ) ) ;
#4681 = PLANE ( 'NONE',  #1541 ) ;
#4682 = CARTESIAN_POINT ( 'NONE',  ( 2.392909663932662134, 0.04159826839416821964, -2.970000000000000639 ) ) ;
#4683 = VECTOR ( 'NONE', #3851, 1000.000000000000000 ) ;
#4684 = EDGE_CURVE ( 'NONE', #616, #5255, #6638, .T. ) ;
#4685 = ORIENTED_EDGE ( 'NONE', *, *, #1878, .F. ) ;
#4686 = ORIENTED_EDGE ( 'NONE', *, *, #2906, .T. ) ;
#4687 = DIRECTION ( 'NONE',  ( -0.06975647374412533019, -0.9975640502598243087, 0.000000000000000000 ) ) ;
#4688 = CARTESIAN_POINT ( 'NONE',  ( 2.095000000000000195, 1.077499999999984803, 2.109999999999999876 ) ) ;
#4689 = VERTEX_POINT ( 'NONE', #6107 ) ;
#4690 = DIRECTION ( 'NONE',  ( -0.000000000000000000, -0.000000000000000000, -1.000000000000000000 ) ) ;
#4691 = ORIENTED_EDGE ( 'NONE', *, *, #4324, .F. ) ;
#4692 = EDGE_CURVE ( 'NONE', #3924, #5273, #2015, .T. ) ;
#4693 = DIRECTION ( 'NONE',  ( 0.000000000000000000, 0.000000000000000000, 1.000000000000000000 ) ) ;
#4694 = ORIENTED_EDGE ( 'NONE', *, *, #6561, .F. ) ;
#4695 = ORIENTED_EDGE ( 'NONE', *, *, #1079, .T. ) ;
#4696 = CARTESIAN_POINT ( 'NONE',  ( 3.000000000000000000, 0.1745737087954402911, -3.380000000000000338 ) ) ;
#4697 = CARTESIAN_POINT ( 'NONE',  ( -2.164999999999999591, 0.2860014607077954740, -1.700000000000000622 ) ) ;
#4698 = DIRECTION ( 'NONE',  ( -0.000000000000000000, -0.000000000000000000, -1.000000000000000000 ) ) ;
#4699 = ORIENTED_EDGE ( 'NONE', *, *, #2991, .F. ) ;
#4700 = AXIS2_PLACEMENT_3D ( 'NONE', #6492, #4185, #5372 ) ;
#4701 = DIRECTION ( 'NONE',  ( -0.000000000000000000, -0.000000000000000000, -1.000000000000000000 ) ) ;
#4702 = CARTESIAN_POINT ( 'NONE',  ( 2.339999999999970548, 0.8325000000000144507, -0.8400000000000005240 ) ) ;
#4703 = EDGE_CURVE ( 'NONE', #981, #4779, #4405, .T. ) ;
#4704 = ADVANCED_FACE ( 'NONE', ( #4903 ), #3184, .T. ) ;
#4705 = EDGE_LOOP ( 'NONE', ( #4297, #467, #4291, #655 ) ) ;
#4706 = ORIENTED_EDGE ( 'NONE', *, *, #2231, .T. ) ;
#4707 = FACE_OUTER_BOUND ( 'NONE', #2594, .T. ) ;
#4708 = DIRECTION ( 'NONE',  ( 0.000000000000000000, 0.000000000000000000, 1.000000000000000000 ) ) ;
#4709 = CARTESIAN_POINT ( 'NONE',  ( -1.666685501615249310, 1.750000000000000000, -4.831420105473557491 ) ) ;
#4710 = VECTOR ( 'NONE', #4796, 1000.000000000000227 ) ;
#4711 = CARTESIAN_POINT ( 'NONE',  ( 2.405117046837882633, 0.2161719771896072062, 4.649999999999999467 ) ) ;
#4712 = EDGE_CURVE ( 'NONE', #1373, #7520, #4873, .T. ) ;
#4713 = ORIENTED_EDGE ( 'NONE', *, *, #4619, .F. ) ;
#4714 = VECTOR ( 'NONE', #5664, 1000.000000000000000 ) ;
#4715 = CARTESIAN_POINT ( 'NONE',  ( 2.339999999999970548, 0.8325000000000144507, 2.109999999999999876 ) ) ;
#4716 = DIRECTION ( 'NONE',  ( 1.000000000000000000, -7.477256361968987358E-16, 0.000000000000000000 ) ) ;
#4717 = CARTESIAN_POINT ( 'NONE',  ( -2.392909663932662134, 0.04159826839416821964, -3.380000000000000338 ) ) ;
#4718 = DIRECTION ( 'NONE',  ( 1.000000000000000000, -7.477256361968987358E-16, 0.000000000000000000 ) ) ;
#4719 = CARTESIAN_POINT ( 'NONE',  ( 3.000000000000000000, 0.1745737087954402911, -2.970000000000000639 ) ) ;
#4720 = EDGE_CURVE ( 'NONE', #1477, #7370, #795, .T. ) ;
#4721 = VERTEX_POINT ( 'NONE', #7301 ) ;
#4722 = VECTOR ( 'NONE', #2190, 1000.000000000000000 ) ;
#4723 = CARTESIAN_POINT ( 'NONE',  ( 1.949999999999999956, 0.9025000000000144018, 0.8399999999999996358 ) ) ;
#4724 = ADVANCED_FACE ( 'NONE', ( #270 ), #2592, .F. ) ;
#4725 = CARTESIAN_POINT ( 'NONE',  ( 2.987792617094780834, 5.421010862427522170E-16, -1.700000000000000622 ) ) ;
#4726 = ORIENTED_EDGE ( 'NONE', *, *, #410, .T. ) ;
#4727 = DIRECTION ( 'NONE',  ( 0.000000000000000000, 1.000000000000000000, 0.000000000000000000 ) ) ;
#4728 = ORIENTED_EDGE ( 'NONE', *, *, #5496, .F. ) ;
#4729 = VECTOR ( 'NONE', #3292, 1000.000000000000227 ) ;
#4730 = CIRCLE ( 'NONE', #2506, 0.2449999999999704914 ) ;
#4731 = DIRECTION ( 'NONE',  ( -0.000000000000000000, -0.000000000000000000, -1.000000000000000000 ) ) ;
#4732 = ORIENTED_EDGE ( 'NONE', *, *, #6955, .F. ) ;
#4733 = ORIENTED_EDGE ( 'NONE', *, *, #2377, .F. ) ;
#4734 = DIRECTION ( 'NONE',  ( -1.000000000000000000, 0.000000000000000000, 0.000000000000000000 ) ) ;
#4735 = DIRECTION ( 'NONE',  ( 1.000000000000000000, 0.000000000000000000, 0.000000000000000000 ) ) ;
#4736 = EDGE_CURVE ( 'NONE', #5688, #6778, #587, .T. ) ;
#4737 = ORIENTED_EDGE ( 'NONE', *, *, #3932, .T. ) ;
#4738 = CIRCLE ( 'NONE', #7442, 0.2449999999999709355 ) ;
#4739 = CARTESIAN_POINT ( 'NONE',  ( -2.987792617094780834, 5.421010862427522170E-16, 0.4299999999999998268 ) ) ;
#4740 = DIRECTION ( 'NONE',  ( 0.000000000000000000, 0.000000000000000000, 1.000000000000000000 ) ) ;
#4741 = CARTESIAN_POINT ( 'NONE',  ( 2.392909663932662134, 0.04159826839416821964, -2.110000000000000320 ) ) ;
#4742 = VECTOR ( 'NONE', #5004, 1000.000000000000000 ) ;
#4743 = AXIS2_PLACEMENT_3D ( 'NONE', #3433, #5814, #1107 ) ;
#4744 = ORIENTED_EDGE ( 'NONE', *, *, #4973, .T. ) ;
#4745 = EDGE_LOOP ( 'NONE', ( #1330, #5958, #5217, #385 ) ) ;
#4746 = DIRECTION ( 'NONE',  ( -0.000000000000000000, -0.000000000000000000, -1.000000000000000000 ) ) ;
#4747 = VERTEX_POINT ( 'NONE', #2917 ) ;
#4748 = CARTESIAN_POINT ( 'NONE',  ( 2.409999999999970832, 0.2860014607077954185, -0.8400000000000005240 ) ) ;
#4749 = PLANE ( 'NONE',  #2626 ) ;
#4750 = CIRCLE ( 'NONE', #1406, 0.2449999999999709355 ) ;
#4751 = CIRCLE ( 'NONE', #5599, 0.07000000000000061728 ) ;
#4752 = DIRECTION ( 'NONE',  ( -0.000000000000000000, -0.000000000000000000, -1.000000000000000000 ) ) ;
#4753 = CARTESIAN_POINT ( 'NONE',  ( 2.095000000000000195, 0.8325000000000144507, 4.240000000000000213 ) ) ;
#4754 = LINE ( 'NONE', #5363, #5461 ) ;
#4755 = CARTESIAN_POINT ( 'NONE',  ( -2.095000000000000195, 0.8325000000000144507, 2.109999999999999876 ) ) ;
#4756 = EDGE_CURVE ( 'NONE', #5543, #5632, #4033, .T. ) ;
#4757 = DIRECTION ( 'NONE',  ( -0.000000000000000000, -0.000000000000000000, -1.000000000000000000 ) ) ;
#4758 = DIRECTION ( 'NONE',  ( 0.9848077530122086864, 0.1736481776669271115, -0.000000000000000000 ) ) ;
#4759 = CIRCLE ( 'NONE', #458, 0.07000000000000018707 ) ;
#4760 = ORIENTED_EDGE ( 'NONE', *, *, #4593, .T. ) ;
#4761 = DIRECTION ( 'NONE',  ( -1.000000000000000000, 0.000000000000000000, 0.000000000000000000 ) ) ;
#4762 = CARTESIAN_POINT ( 'NONE',  ( 2.165000000000000036, 0.2860014607077954740, 0.8399999999999996358 ) ) ;
#4763 = LINE ( 'NONE', #1800, #1135 ) ;
#4764 = ORIENTED_EDGE ( 'NONE', *, *, #4263, .F. ) ;
#4765 = CARTESIAN_POINT ( 'NONE',  ( -1.949999999999999956, 0.9025000000000144018, 2.109999999999999876 ) ) ;
#4766 = ORIENTED_EDGE ( 'NONE', *, *, #2083, .T. ) ;
#4767 = ORIENTED_EDGE ( 'NONE', *, *, #2418, .F. ) ;
#4768 = DIRECTION ( 'NONE',  ( 1.000000000000000000, -7.477256361968987358E-16, 0.000000000000000000 ) ) ;
#4769 = CARTESIAN_POINT ( 'NONE',  ( 2.339999999999969660, 0.2860014607077954185, -0.4300000000000007150 ) ) ;
#4770 = FACE_OUTER_BOUND ( 'NONE', #3591, .T. ) ;
#4771 = DIRECTION ( 'NONE',  ( 0.000000000000000000, 0.000000000000000000, 1.000000000000000000 ) ) ;
#4772 = ADVANCED_FACE ( 'NONE', ( #3448 ), #2947, .F. ) ;
#4773 = DIRECTION ( 'NONE',  ( -1.000000000000000000, -7.477256361968987358E-16, 0.000000000000000000 ) ) ;
#4774 = EDGE_CURVE ( 'NONE', #6926, #914, #2093, .T. ) ;
#4775 = ADVANCED_FACE ( 'NONE', ( #6792 ), #1086, .T. ) ;
#4776 = ORIENTED_EDGE ( 'NONE', *, *, #1319, .T. ) ;
#4777 = EDGE_LOOP ( 'NONE', ( #7353, #6795, #3423, #118 ) ) ;
#4778 = CARTESIAN_POINT ( 'NONE',  ( 1.949999999999999956, 1.077499999999984803, 1.700000000000000178 ) ) ;
#4779 = VERTEX_POINT ( 'NONE', #1668 ) ;
#4780 = LINE ( 'NONE', #4173, #1526 ) ;
#4781 = CARTESIAN_POINT ( 'NONE',  ( 2.987792617094780834, 5.421010862427522170E-16, 0.8399999999999996358 ) ) ;
#4782 = LINE ( 'NONE', #7175, #1269 ) ;
#4783 = EDGE_CURVE ( 'NONE', #6881, #1704, #3989, .T. ) ;
#4784 = ORIENTED_EDGE ( 'NONE', *, *, #3985, .F. ) ;
#4785 = DIRECTION ( 'NONE',  ( 0.000000000000000000, 0.000000000000000000, 1.000000000000000000 ) ) ;
#4786 = CARTESIAN_POINT ( 'NONE',  ( -2.409999999999970832, 0.2860014607077954185, -4.240000000000001101 ) ) ;
#4787 = DIRECTION ( 'NONE',  ( 1.000000000000000000, 0.000000000000000000, 0.000000000000000000 ) ) ;
#4788 =( LENGTH_UNIT ( ) NAMED_UNIT ( * ) SI_UNIT ( .MILLI., .METRE. ) );
#4789 = CARTESIAN_POINT ( 'NONE',  ( 2.095000000000000195, 1.077499999999984803, 1.700000000000000178 ) ) ;
#4790 = CARTESIAN_POINT ( 'NONE',  ( -2.392909663932662134, 0.04159826839416821964, -4.650000000000000355 ) ) ;
#4791 = EDGE_CURVE ( 'NONE', #1372, #7381, #2876, .T. ) ;
#4792 = EDGE_CURVE ( 'NONE', #4296, #6501, #3258, .T. ) ;
#4793 = VERTEX_POINT ( 'NONE', #350 ) ;
#4794 = CARTESIAN_POINT ( 'NONE',  ( 3.000000000000000000, 0.1745737087954402911, -4.240000000000001101 ) ) ;
#4795 = CARTESIAN_POINT ( 'NONE',  ( 1.831420105473556825, 0.2300000000000000100, 4.950000000000000178 ) ) ;
#4796 = DIRECTION ( 'NONE',  ( -0.9975640502598241977, -0.06975647374412531632, -0.000000000000000000 ) ) ;
#4797 = EDGE_LOOP ( 'NONE', ( #1288, #5211, #5953, #3611, #4615, #7142, #7543, #1295, #5071, #2275, #810, #7251 ) ) ;
#4798 = ORIENTED_EDGE ( 'NONE', *, *, #7324, .T. ) ;
#4799 = ORIENTED_EDGE ( 'NONE', *, *, #900, .T. ) ;
#4800 = LINE ( 'NONE', #4085, #5060 ) ;
#4801 = LINE ( 'NONE', #4195, #6779 ) ;
#4802 = ORIENTED_EDGE ( 'NONE', *, *, #4057, .T. ) ;
#4803 = ADVANCED_FACE ( 'NONE', ( #5789 ), #4106, .F. ) ;
#4804 = MECHANICAL_DESIGN_GEOMETRIC_PRESENTATION_REPRESENTATION (  '', ( #3958 ), #5795 ) ;
#4805 = FACE_OUTER_BOUND ( 'NONE', #6310, .T. ) ;
#4806 = ADVANCED_FACE ( 'NONE', ( #4063 ), #2679, .T. ) ;
#4807 = ORIENTED_EDGE ( 'NONE', *, *, #4220, .T. ) ;
#4808 = ORIENTED_EDGE ( 'NONE', *, *, #1285, .T. ) ;
#4809 = CIRCLE ( 'NONE', #5301, 0.07000000000000018707 ) ;
#4810 = DIRECTION ( 'NONE',  ( 0.000000000000000000, 0.000000000000000000, 1.000000000000000000 ) ) ;
#4811 = DIRECTION ( 'NONE',  ( -0.000000000000000000, -0.000000000000000000, -1.000000000000000000 ) ) ;
#4812 = FACE_OUTER_BOUND ( 'NONE', #3721, .T. ) ;
#4813 = CYLINDRICAL_SURFACE ( 'NONE', #909, 0.07000000000000061728 ) ;
#4814 = EDGE_CURVE ( 'NONE', #7520, #1613, #7531, .T. ) ;
#4815 = LINE ( 'NONE', #185, #2128 ) ;
#4816 = AXIS2_PLACEMENT_3D ( 'NONE', #619, #31, #5852 ) ;
#4817 = ORIENTED_EDGE ( 'NONE', *, *, #7067, .F. ) ;
#4818 = DIRECTION ( 'NONE',  ( -0.9975640502598241977, -0.06975647374412531632, -0.000000000000000000 ) ) ;
#4819 = VECTOR ( 'NONE', #2425, 1000.000000000000114 ) ;
#4820 = AXIS2_PLACEMENT_3D ( 'NONE', #2383, #7161, #6534 ) ;
#4821 = CARTESIAN_POINT ( 'NONE',  ( -2.095000000000000195, 1.077499999999984803, 0.4299999999999998268 ) ) ;
#4822 = ADVANCED_FACE ( 'NONE', ( #4597 ), #7573, .F. ) ;
#4823 = DIRECTION ( 'NONE',  ( -0.000000000000000000, -0.000000000000000000, -1.000000000000000000 ) ) ;
#4824 = DIRECTION ( 'NONE',  ( -1.000000000000000000, 0.000000000000000000, 0.000000000000000000 ) ) ;
#4825 = CLOSED_SHELL ( 'NONE', ( #1643, #143, #2480, #3846, #6393, #3210, #7420, #4048, #3050, #688, #2757, #6152, #4806, #3194 ) ) ;
#4826 = ORIENTED_EDGE ( 'NONE', *, *, #1866, .T. ) ;
#4827 = CARTESIAN_POINT ( 'NONE',  ( 2.409999999999970832, 0.2860014607077954185, -4.240000000000001101 ) ) ;
#4828 = EDGE_CURVE ( 'NONE', #271, #5695, #5166, .T. ) ;
#4829 = CIRCLE ( 'NONE', #2494, 0.2449999999999709355 ) ;
#4830 = DIRECTION ( 'NONE',  ( 0.000000000000000000, 0.000000000000000000, 1.000000000000000000 ) ) ;
#4831 = LINE ( 'NONE', #4900, #4710 ) ;
#4832 = MECHANICAL_DESIGN_GEOMETRIC_PRESENTATION_REPRESENTATION (  '', ( #7068 ), #3987 ) ;
#4833 = VERTEX_POINT ( 'NONE', #5870 ) ;
#4834 = CARTESIAN_POINT ( 'NONE',  ( -2.987792617094780834, 5.421010862427522170E-16, -2.110000000000000320 ) ) ;
#4835 = ORIENTED_EDGE ( 'NONE', *, *, #5827, .F. ) ;
#4836 = ORIENTED_EDGE ( 'NONE', *, *, #1823, .T. ) ;
#4837 = DIRECTION ( 'NONE',  ( 0.000000000000000000, 0.000000000000000000, 1.000000000000000000 ) ) ;
#4838 = DIRECTION ( 'NONE',  ( 1.587125446138869267E-15, -1.000000000000000000, -0.000000000000000000 ) ) ;
#4839 = PRESENTATION_STYLE_ASSIGNMENT (( #5344 ) ) ;
#4840 = VERTEX_POINT ( 'NONE', #6992 ) ;
#4841 = AXIS2_PLACEMENT_3D ( 'NONE', #5145, #6927, #5183 ) ;
#4842 = CIRCLE ( 'NONE', #6950, 0.07000000000000018707 ) ;
#4843 = EDGE_CURVE ( 'NONE', #115, #4596, #6402, .T. ) ;
#4844 = CARTESIAN_POINT ( 'NONE',  ( 1.831420105473556825, 0.2300000000000000100, -4.831420105473557491 ) ) ;
#4845 = VERTEX_POINT ( 'NONE', #1124 ) ;
#4846 = VECTOR ( 'NONE', #4216, 1000.000000000000000 ) ;
#4847 = VERTEX_POINT ( 'NONE', #12 ) ;
#4848 = VECTOR ( 'NONE', #2984, 1000.000000000000000 ) ;
#4849 = FACE_OUTER_BOUND ( 'NONE', #2852, .T. ) ;
#4850 = CARTESIAN_POINT ( 'NONE',  ( 1.949999999999999956, 1.077499999999984803, -4.950000000000000178 ) ) ;
#4851 = PLANE ( 'NONE',  #2781 ) ;
#4852 = PLANE ( 'NONE',  #5838 ) ;
#4853 = PRESENTATION_STYLE_ASSIGNMENT (( #1345 ) ) ;
#4854 = AXIS2_PLACEMENT_3D ( 'NONE', #6547, #7021, #5865 ) ;
#4855 = PRESENTATION_LAYER_ASSIGNMENT (  '', '', ( #7451 ) ) ;
#4856 = ORIENTED_EDGE ( 'NONE', *, *, #2954, .T. ) ;
#4857 = DIRECTION ( 'NONE',  ( -0.000000000000000000, -0.000000000000000000, -1.000000000000000000 ) ) ;
#4858 = VECTOR ( 'NONE', #1990, 1000.000000000000114 ) ;
#4859 = CARTESIAN_POINT ( 'NONE',  ( 2.095000000000000195, 1.077499999999984803, -0.4300000000000007150 ) ) ;
#4860 = FACE_OUTER_BOUND ( 'NONE', #6904, .T. ) ;
#4861 = LINE ( 'NONE', #4313, #5199 ) ;
#4862 = AXIS2_PLACEMENT_3D ( 'NONE', #5033, #7247, #3905 ) ;
#4863 = EDGE_CURVE ( 'NONE', #1639, #4621, #5829, .T. ) ;
#4864 = VERTEX_POINT ( 'NONE', #4676 ) ;
#4865 = CARTESIAN_POINT ( 'NONE',  ( 2.339999999999970548, 0.8325000000000144507, -4.240000000000001101 ) ) ;
#4866 =( GEOMETRIC_REPRESENTATION_CONTEXT ( 3 ) GLOBAL_UNCERTAINTY_ASSIGNED_CONTEXT ( ( #3991 ) ) GLOBAL_UNIT_ASSIGNED_CONTEXT ( ( #2851, #5065, #6969 ) ) REPRESENTATION_CONTEXT ( 'NONE', 'WORKASPACE' ) );
#4867 = CARTESIAN_POINT ( 'NONE',  ( -2.987792617094780834, 5.421010862427522170E-16, 4.649999999999999467 ) ) ;
#4868 = ORIENTED_EDGE ( 'NONE', *, *, #6966, .T. ) ;
#4869 = CARTESIAN_POINT ( 'NONE',  ( -2.987792617094780834, 5.421010862427522170E-16, 3.379999999999999449 ) ) ;
#4870 = ADVANCED_FACE ( 'NONE', ( #5361 ), #2439, .F. ) ;
#4871 = AXIS2_PLACEMENT_3D ( 'NONE', #6327, #7070, #4442 ) ;
#4872 = ORIENTED_EDGE ( 'NONE', *, *, #2078, .F. ) ;
#4873 = LINE ( 'NONE', #168, #3656 ) ;
#4874 = VERTEX_POINT ( 'NONE', #4178 ) ;
#4875 = VERTEX_POINT ( 'NONE', #3602 ) ;
#4876 = ORIENTED_EDGE ( 'NONE', *, *, #7592, .T. ) ;
#4877 = DIRECTION ( 'NONE',  ( 0.000000000000000000, 0.000000000000000000, 1.000000000000000000 ) ) ;
#4878 = VECTOR ( 'NONE', #153, 1000.000000000000000 ) ;
#4879 = DIRECTION ( 'NONE',  ( -0.000000000000000000, -0.000000000000000000, -1.000000000000000000 ) ) ;
#4880 = EDGE_CURVE ( 'NONE', #5937, #3924, #780, .T. ) ;
#4881 = VERTEX_POINT ( 'NONE', #85 ) ;
#4882 = ORIENTED_EDGE ( 'NONE', *, *, #3367, .T. ) ;
#4883 = EDGE_CURVE ( 'NONE', #7375, #338, #3133, .T. ) ;
#4884 = CARTESIAN_POINT ( 'NONE',  ( 2.339999999999969660, 0.2860014607077954185, 2.109999999999999876 ) ) ;
#4885 = LINE ( 'NONE', #7241, #2232 ) ;
#4886 = EDGE_CURVE ( 'NONE', #734, #1905, #124, .T. ) ;
#4887 = PLANE ( 'NONE',  #5972 ) ;
#4888 = DIRECTION ( 'NONE',  ( -0.9975640502598241977, 0.06975647374412531632, 0.000000000000000000 ) ) ;
#4889 =( LENGTH_UNIT ( ) NAMED_UNIT ( * ) SI_UNIT ( .MILLI., .METRE. ) );
#4890 = ORIENTED_EDGE ( 'NONE', *, *, #318, .F. ) ;
#4891 = CARTESIAN_POINT ( 'NONE',  ( -2.095000000000000195, 0.8325000000000144507, 2.969999999999999751 ) ) ;
#4892 = DIRECTION ( 'NONE',  ( -0.000000000000000000, 1.000000000000000000, -0.000000000000000000 ) ) ;
#4893 = CARTESIAN_POINT ( 'NONE',  ( -2.339999999999969660, 0.2860014607077954185, -0.8400000000000005240 ) ) ;
#4894 = CARTESIAN_POINT ( 'NONE',  ( -1.949999999999999956, 0.9025000000000144018, 3.379999999999999449 ) ) ;
#4895 = CARTESIAN_POINT ( 'NONE',  ( -1.949999999999999956, 0.9025000000000144018, -0.4300000000000007150 ) ) ;
#4896 = DIRECTION ( 'NONE',  ( -0.06975647374412533019, -0.9975640502598243087, 0.000000000000000000 ) ) ;
#4897 = FACE_OUTER_BOUND ( 'NONE', #3763, .T. ) ;
#4898 = ORIENTED_EDGE ( 'NONE', *, *, #6752, .F. ) ;
#4899 = CARTESIAN_POINT ( 'NONE',  ( -0.6610000000000000320, 1.700000000000000178, -3.944999999999999840 ) ) ;
#4900 = CARTESIAN_POINT ( 'NONE',  ( -3.000000000000000000, 0.1745737087954402911, 1.700000000000000178 ) ) ;
#4901 = ORIENTED_EDGE ( 'NONE', *, *, #5819, .F. ) ;
#4902 = EDGE_CURVE ( 'NONE', #1255, #115, #6516, .T. ) ;
#4903 = FACE_OUTER_BOUND ( 'NONE', #2235, .T. ) ;
#4904 = ORIENTED_EDGE ( 'NONE', *, *, #6886, .T. ) ;
#4905 = ORIENTED_EDGE ( 'NONE', *, *, #5947, .F. ) ;
#4906 = CARTESIAN_POINT ( 'NONE',  ( 2.095000000000000195, 1.077499999999984803, 2.109999999999999876 ) ) ;
#4907 = FACE_OUTER_BOUND ( 'NONE', #5997, .T. ) ;
#4908 = EDGE_CURVE ( 'NONE', #2925, #981, #3097, .T. ) ;
#4909 = CARTESIAN_POINT ( 'NONE',  ( 2.339999999999969660, 0.2860014607077954185, 1.700000000000000178 ) ) ;
#4910 = ORIENTED_EDGE ( 'NONE', *, *, #1238, .F. ) ;
#4911 = ORIENTED_EDGE ( 'NONE', *, *, #3289, .F. ) ;
#4912 = ORIENTED_EDGE ( 'NONE', *, *, #3277, .T. ) ;
#4913 = LINE ( 'NONE', #2028, #4075 ) ;
#4914 = LINE ( 'NONE', #1375, #1994 ) ;
#4915 = DIRECTION ( 'NONE',  ( -0.000000000000000000, -0.000000000000000000, -1.000000000000000000 ) ) ;
#4916 = DIRECTION ( 'NONE',  ( 1.000000000000000000, 0.000000000000000000, -0.000000000000000000 ) ) ;
#4917 = ADVANCED_FACE ( 'NONE', ( #633 ), #741, .F. ) ;
#4918 = FACE_OUTER_BOUND ( 'NONE', #2151, .T. ) ;
#4919 = ORIENTED_EDGE ( 'NONE', *, *, #2342, .F. ) ;
#4920 = DIRECTION ( 'NONE',  ( -0.000000000000000000, -0.000000000000000000, -1.000000000000000000 ) ) ;
#4921 = ADVANCED_FACE ( 'NONE', ( #672 ), #4251, .F. ) ;
#4922 = COLOUR_RGB ( '',0.7921568627450980005, 0.8196078431372548767, 0.9333333333333333481 ) ;
#4923 = ORIENTED_EDGE ( 'NONE', *, *, #6875, .T. ) ;
#4924 = CARTESIAN_POINT ( 'NONE',  ( -2.392909663932662134, 0.04159826839416821964, 2.109999999999999876 ) ) ;
#4925 = DIRECTION ( 'NONE',  ( -1.000000000000000000, 0.000000000000000000, 0.000000000000000000 ) ) ;
#4926 = CIRCLE ( 'NONE', #1611, 0.2449999999999709355 ) ;
#4927 = DIRECTION ( 'NONE',  ( 0.000000000000000000, 0.000000000000000000, 1.000000000000000000 ) ) ;
#4928 = LINE ( 'NONE', #259, #3539 ) ;
#4929 = CIRCLE ( 'NONE', #4088, 0.2449999999999704914 ) ;
#4930 = LINE ( 'NONE', #5950, #417 ) ;
#4931 = VECTOR ( 'NONE', #1494, 1000.000000000000227 ) ;
#4932 = LINE ( 'NONE', #7294, #6581 ) ;
#4933 = FACE_OUTER_BOUND ( 'NONE', #3387, .T. ) ;
#4934 = DIRECTION ( 'NONE',  ( -0.000000000000000000, 1.000000000000000000, -0.000000000000000000 ) ) ;
#4935 = ORIENTED_EDGE ( 'NONE', *, *, #1459, .F. ) ;
#4936 = FACE_OUTER_BOUND ( 'NONE', #4201, .T. ) ;
#4937 = CARTESIAN_POINT ( 'NONE',  ( 2.095000000000000195, 0.9025000000000146239, -0.4300000000000007150 ) ) ;
#4938 = CARTESIAN_POINT ( 'NONE',  ( -2.095000000000000195, 0.8325000000000144507, -0.8400000000000005240 ) ) ;
#4939 = ORIENTED_EDGE ( 'NONE', *, *, #1055, .T. ) ;
#4940 = ORIENTED_EDGE ( 'NONE', *, *, #6133, .T. ) ;
#4941 = ADVANCED_FACE ( 'NONE', ( #1786 ), #1315, .T. ) ;
#4942 = VECTOR ( 'NONE', #4502, 1000.000000000000000 ) ;
#4943 = DIRECTION ( 'NONE',  ( -1.000000000000000000, 0.000000000000000000, 0.000000000000000000 ) ) ;
#4944 = SURFACE_STYLE_FILL_AREA ( #7264 ) ;
#4945 = ORIENTED_EDGE ( 'NONE', *, *, #2279, .F. ) ;
#4946 = LINE ( 'NONE', #800, #2892 ) ;
#4947 = AXIS2_PLACEMENT_3D ( 'NONE', #669, #7109, #3062 ) ;
#4948 = EDGE_CURVE ( 'NONE', #5307, #511, #6596, .T. ) ;
#4949 = EDGE_LOOP ( 'NONE', ( #1297, #2822, #1252, #2417 ) ) ;
#4950 = ORIENTED_EDGE ( 'NONE', *, *, #6799, .F. ) ;
#4951 = EDGE_CURVE ( 'NONE', #7591, #6831, #4142, .T. ) ;
#4952 = DIRECTION ( 'NONE',  ( 1.587125446138869267E-15, -1.000000000000000000, -0.000000000000000000 ) ) ;
#4953 = CARTESIAN_POINT ( 'NONE',  ( -1.949999999999999956, 0.9025000000000144018, 1.700000000000000178 ) ) ;
#4954 = VECTOR ( 'NONE', #316, 1000.000000000000000 ) ;
#4955 = DIRECTION ( 'NONE',  ( -0.000000000000000000, -0.000000000000000000, -1.000000000000000000 ) ) ;
#4956 = PLANE ( 'NONE',  #5227 ) ;
#4957 = LINE ( 'NONE', #6158, #2730 ) ;
#4958 = CARTESIAN_POINT ( 'NONE',  ( 3.000000000000000000, 0.1745737087954402911, -0.4300000000000007150 ) ) ;
#4959 = VECTOR ( 'NONE', #6830, 1000.000000000000000 ) ;
#4960 = AXIS2_PLACEMENT_3D ( 'NONE', #1637, #531, #6796 ) ;
#4961 = ORIENTED_EDGE ( 'NONE', *, *, #856, .F. ) ;
#4962 = CARTESIAN_POINT ( 'NONE',  ( 1.831420105473556825, 1.750000000000000000, -4.950000000000000178 ) ) ;
#4963 = LINE ( 'NONE', #6240, #7341 ) ;
#4964 = CARTESIAN_POINT ( 'NONE',  ( 2.095000000000000195, 0.8325000000000144507, 0.8399999999999996358 ) ) ;
#4965 = AXIS2_PLACEMENT_3D ( 'NONE', #2788, #5783, #2168 ) ;
#4966 = VECTOR ( 'NONE', #6781, 1000.000000000000114 ) ;
#4967 = FILL_AREA_STYLE_COLOUR ( '', #5119 ) ;
#4968 = DIRECTION ( 'NONE',  ( -0.000000000000000000, -0.000000000000000000, -1.000000000000000000 ) ) ;
#4969 = VECTOR ( 'NONE', #6622, 1000.000000000000000 ) ;
#4970 = EDGE_CURVE ( 'NONE', #4847, #6384, #4212, .T. ) ;
#4971 = DIRECTION ( 'NONE',  ( 0.9975640502598241977, -0.06975647374412548285, 0.000000000000000000 ) ) ;
#4972 = DIRECTION ( 'NONE',  ( -1.000000000000000000, 0.000000000000000000, -0.000000000000000000 ) ) ;
#4973 = EDGE_CURVE ( 'NONE', #3949, #4, #6480, .T. ) ;
#4974 = CARTESIAN_POINT ( 'NONE',  ( 3.000000000000000000, 0.1745737087954402911, 2.109999999999999876 ) ) ;
#4975 = EDGE_LOOP ( 'NONE', ( #1869, #6147, #401, #7467 ) ) ;
#4976 = LINE ( 'NONE', #7339, #1054 ) ;
#4977 = DIRECTION ( 'NONE',  ( 1.000000000000000000, 0.000000000000000000, -0.000000000000000000 ) ) ;
#4978 = ORIENTED_EDGE ( 'NONE', *, *, #3472, .F. ) ;
#4979 = AXIS2_PLACEMENT_3D ( 'NONE', #4110, #5284, #4648 ) ;
#4980 = CARTESIAN_POINT ( 'NONE',  ( -2.987792617094780834, 5.421010862427522170E-16, 2.109999999999999876 ) ) ;
#4981 = ORIENTED_EDGE ( 'NONE', *, *, #6728, .F. ) ;
#4982 = PRESENTATION_LAYER_ASSIGNMENT (  '', '', ( #2299 ) ) ;
#4983 = VERTEX_POINT ( 'NONE', #188 ) ;
#4984 = VERTEX_POINT ( 'NONE', #2982 ) ;
#4985 = FACE_OUTER_BOUND ( 'NONE', #7103, .T. ) ;
#4986 = CARTESIAN_POINT ( 'NONE',  ( -2.405117046837882633, 0.2161719771896077891, 2.969999999999999751 ) ) ;
#4987 = VERTEX_POINT ( 'NONE', #7143 ) ;
#4988 = VECTOR ( 'NONE', #5847, 1000.000000000000000 ) ;
#4989 = ORIENTED_EDGE ( 'NONE', *, *, #3832, .F. ) ;
#4990 = EDGE_LOOP ( 'NONE', ( #3218, #2559, #3376, #5763 ) ) ;
#4991 = LINE ( 'NONE', #7354, #3458 ) ;
#4992 = DIRECTION ( 'NONE',  ( -0.9975640502598244197, 0.06975647374412290158, 0.000000000000000000 ) ) ;
#4993 = ADVANCED_FACE ( 'NONE', ( #5318 ), #1348, .T. ) ;
#4994 = AXIS2_PLACEMENT_3D ( 'NONE', #5903, #4279, #4785 ) ;
#4995 = CARTESIAN_POINT ( 'NONE',  ( -2.339999999999970548, 0.8325000000000144507, 2.969999999999999751 ) ) ;
#4996 = DIRECTION ( 'NONE',  ( 0.000000000000000000, -1.000000000000000000, 0.000000000000000000 ) ) ;
#4997 = DIRECTION ( 'NONE',  ( -0.06975647374412290158, -0.9975640502598244197, 0.000000000000000000 ) ) ;
#4998 =( LENGTH_UNIT ( ) NAMED_UNIT ( * ) SI_UNIT ( .MILLI., .METRE. ) );
#4999 = EDGE_CURVE ( 'NONE', #4874, #1444, #1277, .T. ) ;
#5000 = ORIENTED_EDGE ( 'NONE', *, *, #3559, .T. ) ;
#5001 = CARTESIAN_POINT ( 'NONE',  ( -2.339999999999970548, 0.8325000000000144507, 1.700000000000000178 ) ) ;
#5002 = DIRECTION ( 'NONE',  ( 7.477256361968987358E-16, 1.000000000000000000, -0.000000000000000000 ) ) ;
#5003 = ORIENTED_EDGE ( 'NONE', *, *, #5052, .T. ) ;
#5004 = DIRECTION ( 'NONE',  ( -0.000000000000000000, -0.000000000000000000, -1.000000000000000000 ) ) ;
#5005 = FACE_OUTER_BOUND ( 'NONE', #6479, .T. ) ;
#5006 = CARTESIAN_POINT ( 'NONE',  ( 1.949999999999999956, -10.64048871058091983, 4.950000000000000178 ) ) ;
#5007 = ADVANCED_FACE ( 'NONE', ( #713 ), #7179, .F. ) ;
#5008 = EDGE_LOOP ( 'NONE', ( #1969, #1044, #2181, #1951 ) ) ;
#5009 = DIRECTION ( 'NONE',  ( 0.000000000000000000, 1.000000000000000000, 0.000000000000000000 ) ) ;
#5010 = DIRECTION ( 'NONE',  ( 1.000000000000000000, 0.000000000000000000, 0.000000000000000000 ) ) ;
#5011 = CARTESIAN_POINT ( 'NONE',  ( -2.392909663932662134, 0.04159826839416821964, 1.700000000000000178 ) ) ;
#5012 = CARTESIAN_POINT ( 'NONE',  ( 2.095000000000000195, 1.077499999999984803, -0.4300000000000007150 ) ) ;
#5013 = DIRECTION ( 'NONE',  ( -0.000000000000000000, -0.000000000000000000, -1.000000000000000000 ) ) ;
#5014 = EDGE_CURVE ( 'NONE', #7590, #2864, #821, .T. ) ;
#5015 = CARTESIAN_POINT ( 'NONE',  ( -3.000000000000000000, 0.1745737087954402911, 4.649999999999999467 ) ) ;
#5016 = ORIENTED_EDGE ( 'NONE', *, *, #6330, .T. ) ;
#5017 = ORIENTED_EDGE ( 'NONE', *, *, #3082, .F. ) ;
#5018 = ORIENTED_EDGE ( 'NONE', *, *, #4324, .T. ) ;
#5019 = DIRECTION ( 'NONE',  ( -1.000000000000000000, 0.000000000000000000, 0.000000000000000000 ) ) ;
#5020 = CARTESIAN_POINT ( 'NONE',  ( -2.392909663932662134, 0.04159826839416762290, 4.240000000000000213 ) ) ;
#5021 = SURFACE_SIDE_STYLE ('',( #6891 ) ) ;
#5022 = ORIENTED_EDGE ( 'NONE', *, *, #5052, .F. ) ;
#5023 = VERTEX_POINT ( 'NONE', #6128 ) ;
#5024 = CARTESIAN_POINT ( 'NONE',  ( -2.095000000000000195, 0.8325000000000144507, -1.700000000000000622 ) ) ;
#5025 = CARTESIAN_POINT ( 'NONE',  ( -2.095000000000000195, 0.8325000000000144507, 0.8399999999999996358 ) ) ;
#5026 = LINE ( 'NONE', #325, #6446 ) ;
#5027 = PLANE ( 'NONE',  #7206 ) ;
#5028 = LINE ( 'NONE', #4460, #649 ) ;
#5029 = PRESENTATION_STYLE_ASSIGNMENT (( #3857 ) ) ;
#5030 = EDGE_CURVE ( 'NONE', #4124, #3077, #257, .T. ) ;
#5031 = ORIENTED_EDGE ( 'NONE', *, *, #2849, .T. ) ;
#5032 = DIRECTION ( 'NONE',  ( -0.06975647374412533019, -0.9975640502598243087, 0.000000000000000000 ) ) ;
#5033 = CARTESIAN_POINT ( 'NONE',  ( -2.165000000000000480, 0.8325000000000144507, -1.700000000000000622 ) ) ;
#5034 = VERTEX_POINT ( 'NONE', #3317 ) ;
#5035 = EDGE_CURVE ( 'NONE', #7228, #1228, #3815, .T. ) ;
#5036 = CYLINDRICAL_SURFACE ( 'NONE', #320, 0.07000000000000018707 ) ;
#5037 = CARTESIAN_POINT ( 'NONE',  ( 1.949999999999999956, 1.077499999999984803, -0.4300000000000007150 ) ) ;
#5038 = DIRECTION ( 'NONE',  ( 1.000000000000000000, 0.000000000000000000, 0.000000000000000000 ) ) ;
#5039 = ORIENTED_EDGE ( 'NONE', *, *, #5654, .T. ) ;
#5040 = VECTOR ( 'NONE', #70, 1000.000000000000000 ) ;
#5041 = EDGE_LOOP ( 'NONE', ( #933, #6109, #2173, #1996 ) ) ;
#5042 = ADVANCED_FACE ( 'NONE', ( #6203 ), #289, .F. ) ;
#5043 = CARTESIAN_POINT ( 'NONE',  ( -2.409999999999970832, 0.2860014607077954185, 2.109999999999999876 ) ) ;
#5044 = UNCERTAINTY_MEASURE_WITH_UNIT (LENGTH_MEASURE( 1.000000000000000082E-05 ), #2274, 'distance_accuracy_value', 'NONE');
#5045 = AXIS2_PLACEMENT_3D ( 'NONE', #6874, #2835, #413 ) ;
#5046 = DIRECTION ( 'NONE',  ( 1.000000000000000000, 0.000000000000000000, 0.000000000000000000 ) ) ;
#5047 = CARTESIAN_POINT ( 'NONE',  ( 2.409999999999970832, 0.2860014607077954185, 2.109999999999999876 ) ) ;
#5048 = DIRECTION ( 'NONE',  ( -2.380688169208303900E-15, 1.000000000000000000, -0.000000000000000000 ) ) ;
#5049 = CARTESIAN_POINT ( 'NONE',  ( 2.095000000000000195, 0.8325000000000144507, -4.650000000000000355 ) ) ;
#5050 = EDGE_LOOP ( 'NONE', ( #3548, #2605, #3112, #6335, #5592, #1077, #3381, #5154, #3657, #3315, #3439, #653 ) ) ;
#5051 = COLOUR_RGB ( '',0.7921568627450980005, 0.8196078431372548767, 0.9333333333333333481 ) ;
#5052 = EDGE_CURVE ( 'NONE', #1817, #4833, #6699, .T. ) ;
#5053 = VERTEX_POINT ( 'NONE', #6090 ) ;
#5054 = ORIENTED_EDGE ( 'NONE', *, *, #853, .F. ) ;
#5055 = VERTEX_POINT ( 'NONE', #925 ) ;
#5056 = DIRECTION ( 'NONE',  ( 0.000000000000000000, -0.000000000000000000, 1.000000000000000000 ) ) ;
#5057 = AXIS2_PLACEMENT_3D ( 'NONE', #940, #3254, #6787 ) ;
#5058 = CARTESIAN_POINT ( 'NONE',  ( 2.095000000000000195, 0.8325000000000144507, -4.650000000000000355 ) ) ;
#5059 = ORIENTED_EDGE ( 'NONE', *, *, #4072, .T. ) ;
#5060 = VECTOR ( 'NONE', #2935, 1000.000000000000000 ) ;
#5061 = VERTEX_POINT ( 'NONE', #848 ) ;
#5062 = CARTESIAN_POINT ( 'NONE',  ( -1.831420105473556825, 1.750000000000000000, -0.000000000000000000 ) ) ;
#5063 = AXIS2_PLACEMENT_3D ( 'NONE', #6527, #4727, #4153 ) ;
#5064 = AXIS2_PLACEMENT_3D ( 'NONE', #7139, #3481, #5198 ) ;
#5065 =( NAMED_UNIT ( * ) PLANE_ANGLE_UNIT ( ) SI_UNIT ( $, .RADIAN. ) );
#5066 = ORIENTED_EDGE ( 'NONE', *, *, #5182, .F. ) ;
#5067 = ORIENTED_EDGE ( 'NONE', *, *, #5121, .F. ) ;
#5068 = CARTESIAN_POINT ( 'NONE',  ( -1.949999999999999956, 0.9025000000000144018, 4.950000000000000178 ) ) ;
#5069 = DIRECTION ( 'NONE',  ( -0.000000000000000000, -0.000000000000000000, -1.000000000000000000 ) ) ;
#5070 = DIRECTION ( 'NONE',  ( 1.587125446138869267E-15, -1.000000000000000000, -0.000000000000000000 ) ) ;
#5071 = ORIENTED_EDGE ( 'NONE', *, *, #307, .T. ) ;
#5072 = EDGE_CURVE ( 'NONE', #2518, #6852, #3286, .T. ) ;
#5073 = DIRECTION ( 'NONE',  ( -1.000000000000000000, 0.000000000000000000, 0.000000000000000000 ) ) ;
#5074 = VECTOR ( 'NONE', #5629, 1000.000000000000000 ) ;
#5075 = CARTESIAN_POINT ( 'NONE',  ( -2.095000000000000195, 1.077499999999984803, 4.240000000000000213 ) ) ;
#5076 = ORIENTED_EDGE ( 'NONE', *, *, #7465, .T. ) ;
#5077 = VECTOR ( 'NONE', #6692, 1000.000000000000000 ) ;
#5078 = DIRECTION ( 'NONE',  ( 1.000000000000000000, 0.000000000000000000, 0.000000000000000000 ) ) ;
#5079 = DIRECTION ( 'NONE',  ( -0.9975640502598241977, 0.06975647374412548285, 0.000000000000000000 ) ) ;
#5080 = ORIENTED_EDGE ( 'NONE', *, *, #4863, .F. ) ;
#5081 = DIRECTION ( 'NONE',  ( -2.380688169208303900E-15, 1.000000000000000000, -0.000000000000000000 ) ) ;
#5082 = LINE ( 'NONE', #5006, #6928 ) ;
#5083 = CIRCLE ( 'NONE', #552, 0.07000000000000061728 ) ;
#5084 = AXIS2_PLACEMENT_3D ( 'NONE', #4827, #1321, #2519 ) ;
#5085 = ORIENTED_EDGE ( 'NONE', *, *, #3876, .F. ) ;
#5086 = ORIENTED_EDGE ( 'NONE', *, *, #229, .T. ) ;
#5087 = VECTOR ( 'NONE', #5791, 1000.000000000000000 ) ;
#5088 = VECTOR ( 'NONE', #3533, 1000.000000000000000 ) ;
#5089 = DIRECTION ( 'NONE',  ( -0.000000000000000000, -0.000000000000000000, -1.000000000000000000 ) ) ;
#5090 = DIRECTION ( 'NONE',  ( 0.000000000000000000, -0.000000000000000000, -1.000000000000000000 ) ) ;
#5091 = EDGE_CURVE ( 'NONE', #3185, #4793, #332, .T. ) ;
#5092 = VERTEX_POINT ( 'NONE', #367 ) ;
#5093 = LINE ( 'NONE', #5169, #753 ) ;
#5094 = ORIENTED_EDGE ( 'NONE', *, *, #456, .F. ) ;
#5095 = CARTESIAN_POINT ( 'NONE',  ( 2.409999999999970832, 0.2860014607077954185, 0.8399999999999996358 ) ) ;
#5096 = DIRECTION ( 'NONE',  ( -1.000000000000000000, 0.000000000000000000, 0.000000000000000000 ) ) ;
#5097 = ADVANCED_FACE ( 'NONE', ( #5583 ), #1499, .F. ) ;
#5098 = AXIS2_PLACEMENT_3D ( 'NONE', #5661, #6985, #7567 ) ;
#5099 = EDGE_CURVE ( 'NONE', #3223, #5543, #4963, .T. ) ;
#5100 = PRESENTATION_LAYER_ASSIGNMENT (  '', '', ( #3390 ) ) ;
#5101 = EDGE_LOOP ( 'NONE', ( #6793, #3434, #941, #3248 ) ) ;
#5102 = ORIENTED_EDGE ( 'NONE', *, *, #7507, .F. ) ;
#5103 = CARTESIAN_POINT ( 'NONE',  ( 2.392909663932662134, 0.04159826839416821964, 0.8399999999999996358 ) ) ;
#5104 = ORIENTED_EDGE ( 'NONE', *, *, #7324, .F. ) ;
#5105 = AXIS2_PLACEMENT_3D ( 'NONE', #4580, #4018, #3312 ) ;
#5106 =( LENGTH_UNIT ( ) NAMED_UNIT ( * ) SI_UNIT ( .MILLI., .METRE. ) );
#5107 = ORIENTED_EDGE ( 'NONE', *, *, #6017, .F. ) ;
#5108 = VERTEX_POINT ( 'NONE', #7400 ) ;
#5109 = FACE_OUTER_BOUND ( 'NONE', #5848, .T. ) ;
#5110 = EDGE_CURVE ( 'NONE', #6494, #6873, #2739, .T. ) ;
#5111 = VECTOR ( 'NONE', #3171, 1000.000000000000000 ) ;
#5112 = LINE ( 'NONE', #466, #6358 ) ;
#5113 = ORIENTED_EDGE ( 'NONE', *, *, #4791, .F. ) ;
#5114 = ORIENTED_EDGE ( 'NONE', *, *, #1099, .T. ) ;
#5115 = LINE ( 'NONE', #3308, #1347 ) ;
#5116 = CARTESIAN_POINT ( 'NONE',  ( 2.987792617094780834, 5.421010862427522170E-16, 4.649999999999999467 ) ) ;
#5117 = SURFACE_SIDE_STYLE ('',( #6857 ) ) ;
#5118 = FACE_OUTER_BOUND ( 'NONE', #6292, .T. ) ;
#5119 = COLOUR_RGB ( '',0.2509803921568627416, 0.2509803921568627416, 0.2509803921568627416 ) ;
#5120 = DIRECTION ( 'NONE',  ( 1.000000000000000000, 0.000000000000000000, 0.000000000000000000 ) ) ;
#5121 = EDGE_CURVE ( 'NONE', #4579, #135, #3742, .T. ) ;
#5122 = ADVANCED_FACE ( 'NONE', ( #2041 ), #1460, .F. ) ;
#5123 = PRODUCT_RELATED_PRODUCT_CATEGORY ( 'part', '', ( #3802 ) ) ;
#5124 = EDGE_LOOP ( 'NONE', ( #3553, #3676, #6257, #3096 ) ) ;
#5125 = CARTESIAN_POINT ( 'NONE',  ( -2.409999999999970832, 0.2860014607077954185, 3.379999999999999449 ) ) ;
#5126 = DIRECTION ( 'NONE',  ( 0.06975647374412549673, 0.9975640502598243087, -0.000000000000000000 ) ) ;
#5127 = ORIENTED_EDGE ( 'NONE', *, *, #2457, .T. ) ;
#5128 = PLANE ( 'NONE',  #913 ) ;
#5129 = DIRECTION ( 'NONE',  ( -1.000000000000000000, 0.000000000000000000, 0.000000000000000000 ) ) ;
#5130 = AXIS2_PLACEMENT_3D ( 'NONE', #883, #4306, #5544 ) ;
#5131 = VERTEX_POINT ( 'NONE', #2665 ) ;
#5132 = LINE ( 'NONE', #892, #4966 ) ;
#5133 = CARTESIAN_POINT ( 'NONE',  ( 1.949999999999999956, 0.9025000000000144018, 4.649999999999999467 ) ) ;
#5134 = EDGE_CURVE ( 'NONE', #5686, #7185, #4426, .T. ) ;
#5135 = DIRECTION ( 'NONE',  ( -1.000000000000000000, 0.000000000000000000, 0.000000000000000000 ) ) ;
#5136 = ORIENTED_EDGE ( 'NONE', *, *, #7533, .F. ) ;
#5137 = FACE_OUTER_BOUND ( 'NONE', #5338, .T. ) ;
#5138 = PLANE ( 'NONE',  #885 ) ;
#5139 = EDGE_CURVE ( 'NONE', #1143, #2518, #1998, .T. ) ;
#5140 = EDGE_LOOP ( 'NONE', ( #64, #5059, #3504, #1117 ) ) ;
#5141 = ORIENTED_EDGE ( 'NONE', *, *, #6790, .T. ) ;
#5142 = FACE_OUTER_BOUND ( 'NONE', #5041, .T. ) ;
#5143 = EDGE_CURVE ( 'NONE', #4779, #177, #6772, .T. ) ;
#5144 = LINE ( 'NONE', #3927, #50 ) ;
#5145 = CARTESIAN_POINT ( 'NONE',  ( -2.409999999999970832, 0.2860014607077954185, 0.8399999999999996358 ) ) ;
#5146 = EDGE_LOOP ( 'NONE', ( #4776, #5149, #2565, #7548 ) ) ;
#5147 = FILL_AREA_STYLE ('',( #2812 ) ) ;
#5148 = ORIENTED_EDGE ( 'NONE', *, *, #7407, .T. ) ;
#5149 = ORIENTED_EDGE ( 'NONE', *, *, #128, .F. ) ;
#5150 = LINE ( 'NONE', #4051, #3821 ) ;
#5151 = FACE_OUTER_BOUND ( 'NONE', #6470, .T. ) ;
#5152 = ADVANCED_FACE ( 'NONE', ( #3863 ), #5659, .F. ) ;
#5153 = LINE ( 'NONE', #4541, #5471 ) ;
#5154 = ORIENTED_EDGE ( 'NONE', *, *, #2597, .T. ) ;
#5155 = CARTESIAN_POINT ( 'NONE',  ( -3.000000000000000000, 0.1745737087954402911, 0.8399999999999996358 ) ) ;
#5156 = FACE_OUTER_BOUND ( 'NONE', #4566, .T. ) ;
#5157 = ORIENTED_EDGE ( 'NONE', *, *, #1164, .T. ) ;
#5158 = ORIENTED_EDGE ( 'NONE', *, *, #6601, .F. ) ;
#5159 = DIRECTION ( 'NONE',  ( 1.000000000000000000, 7.477256361968987358E-16, -0.000000000000000000 ) ) ;
#5160 = VERTEX_POINT ( 'NONE', #5 ) ;
#5161 = EDGE_CURVE ( 'NONE', #2289, #3583, #440, .T. ) ;
#5162 = FACE_OUTER_BOUND ( 'NONE', #1992, .T. ) ;
#5163 = DIRECTION ( 'NONE',  ( -0.000000000000000000, -0.000000000000000000, -1.000000000000000000 ) ) ;
#5164 = SURFACE_STYLE_USAGE ( .BOTH. , #4101 ) ;
#5165 = ORIENTED_EDGE ( 'NONE', *, *, #2678, .F. ) ;
#5166 = LINE ( 'NONE', #6369, #6113 ) ;
#5167 = FACE_OUTER_BOUND ( 'NONE', #1645, .T. ) ;
#5168 = CARTESIAN_POINT ( 'NONE',  ( 2.987792617094780834, 5.421010862427522170E-16, 1.700000000000000178 ) ) ;
#5169 = CARTESIAN_POINT ( 'NONE',  ( 1.689999321670649479, -0.5720371200975288284, 4.689999321670649479 ) ) ;
#5170 = ADVANCED_FACE ( 'NONE', ( #1615 ), #7019, .F. ) ;
#5171 = CARTESIAN_POINT ( 'NONE',  ( 2.339999999999970548, 0.8325000000000144507, 4.649999999999999467 ) ) ;
#5172 = COLOUR_RGB ( '',0.7921568627450980005, 0.8196078431372548767, 0.9333333333333333481 ) ;
#5173 = DIRECTION ( 'NONE',  ( -1.000000000000000000, 0.000000000000000000, 0.000000000000000000 ) ) ;
#5174 = VECTOR ( 'NONE', #4830, 1000.000000000000000 ) ;
#5175 = ORIENTED_EDGE ( 'NONE', *, *, #275, .F. ) ;
#5176 = ORIENTED_EDGE ( 'NONE', *, *, #3617, .T. ) ;
#5177 = DIRECTION ( 'NONE',  ( 1.000000000000000000, 0.000000000000000000, 0.000000000000000000 ) ) ;
#5178 = ORIENTED_EDGE ( 'NONE', *, *, #6695, .F. ) ;
#5179 = EDGE_LOOP ( 'NONE', ( #7207, #4113 ) ) ;
#5180 = LINE ( 'NONE', #6083, #7166 ) ;
#5181 = VERTEX_POINT ( 'NONE', #2785 ) ;
#5182 = EDGE_CURVE ( 'NONE', #2843, #4159, #2910, .T. ) ;
#5183 = DIRECTION ( 'NONE',  ( -1.000000000000000000, 0.000000000000000000, 0.000000000000000000 ) ) ;
#5184 = EDGE_CURVE ( 'NONE', #6030, #2468, #2201, .T. ) ;
#5185 = FILL_AREA_STYLE ('',( #2770 ) ) ;
#5186 = ORIENTED_EDGE ( 'NONE', *, *, #190, .F. ) ;
#5187 = VERTEX_POINT ( 'NONE', #6944 ) ;
#5188 = VECTOR ( 'NONE', #4424, 1000.000000000000227 ) ;
#5189 = CARTESIAN_POINT ( 'NONE',  ( -2.095000000000000195, 0.8325000000000144507, 0.8399999999999996358 ) ) ;
#5190 = DIRECTION ( 'NONE',  ( -0.000000000000000000, -0.000000000000000000, -1.000000000000000000 ) ) ;
#5191 = DIRECTION ( 'NONE',  ( -7.477256361968987358E-16, 1.000000000000000000, 0.000000000000000000 ) ) ;
#5192 = DIRECTION ( 'NONE',  ( -0.000000000000000000, 1.000000000000000000, -0.000000000000000000 ) ) ;
#5193 = VECTOR ( 'NONE', #5802, 1000.000000000000000 ) ;
#5194 = ADVANCED_FACE ( 'NONE', ( #6982 ), #5239, .F. ) ;
#5195 = ORIENTED_EDGE ( 'NONE', *, *, #2342, .T. ) ;
#5196 = ORIENTED_EDGE ( 'NONE', *, *, #614, .F. ) ;
#5197 = LINE ( 'NONE', #4023, #2182 ) ;
#5198 = DIRECTION ( 'NONE',  ( -1.587125446138869267E-15, 1.000000000000000000, 0.000000000000000000 ) ) ;
#5199 = VECTOR ( 'NONE', #5366, 1000.000000000000000 ) ;
#5200 = PLANE ( 'NONE',  #5098 ) ;
#5201 = CARTESIAN_POINT ( 'NONE',  ( -2.392909663932662134, 0.04159826839416821964, 2.109999999999999876 ) ) ;
#5202 = FILL_AREA_STYLE ('',( #9 ) ) ;
#5203 = EDGE_CURVE ( 'NONE', #3668, #3741, #1157, .T. ) ;
#5204 = MECHANICAL_DESIGN_GEOMETRIC_PRESENTATION_REPRESENTATION (  '', ( #6562 ), #6188 ) ;
#5205 = VERTEX_POINT ( 'NONE', #4632 ) ;
#5206 = DIRECTION ( 'NONE',  ( 0.000000000000000000, 0.000000000000000000, 1.000000000000000000 ) ) ;
#5207 = DIRECTION ( 'NONE',  ( -2.380688169208303900E-15, -1.000000000000000000, 0.000000000000000000 ) ) ;
#5208 = FACE_OUTER_BOUND ( 'NONE', #745, .T. ) ;
#5209 = AXIS2_PLACEMENT_3D ( 'NONE', #3726, #3302, #7429 ) ;
#5210 = DIRECTION ( 'NONE',  ( 0.9975640502598241977, 0.06975647374412548285, -0.000000000000000000 ) ) ;
#5211 = ORIENTED_EDGE ( 'NONE', *, *, #3084, .T. ) ;
#5212 = CIRCLE ( 'NONE', #6441, 0.07000000000000061728 ) ;
#5213 = CARTESIAN_POINT ( 'NONE',  ( -2.987792617094780834, 5.421010862427522170E-16, -2.970000000000000639 ) ) ;
#5214 = DIRECTION ( 'NONE',  ( -0.000000000000000000, -0.000000000000000000, -1.000000000000000000 ) ) ;
#5215 = CIRCLE ( 'NONE', #6324, 0.2449999999999709355 ) ;
#5216 = ADVANCED_FACE ( 'NONE', ( #2164 ), #5781, .T. ) ;
#5217 = ORIENTED_EDGE ( 'NONE', *, *, #2525, .F. ) ;
#5218 = DIRECTION ( 'NONE',  ( -1.000000000000000000, 0.000000000000000000, 0.000000000000000000 ) ) ;
#5219 = DIRECTION ( 'NONE',  ( -1.000000000000000000, 0.000000000000000000, 0.000000000000000000 ) ) ;
#5220 = VERTEX_POINT ( 'NONE', #4512 ) ;
#5221 = LINE ( 'NONE', #5331, #5551 ) ;
#5222 = VERTEX_POINT ( 'NONE', #2237 ) ;
#5223 = AXIS2_PLACEMENT_3D ( 'NONE', #403, #7449, #3362 ) ;
#5224 = MECHANICAL_DESIGN_GEOMETRIC_PRESENTATION_REPRESENTATION (  '', ( #3390 ), #3519 ) ;
#5225 = CARTESIAN_POINT ( 'NONE',  ( 2.987792617094780834, 5.421010862427522170E-16, 4.240000000000000213 ) ) ;
#5226 = VERTEX_POINT ( 'NONE', #6903 ) ;
#5227 = AXIS2_PLACEMENT_3D ( 'NONE', #2032, #4996, #6730 ) ;
#5228 = ORIENTED_EDGE ( 'NONE', *, *, #1956, .T. ) ;
#5229 = CARTESIAN_POINT ( 'NONE',  ( -0.6610000000000000320, 1.700000000000000178, -3.564999999999999503 ) ) ;
#5230 = CARTESIAN_POINT ( 'NONE',  ( 1.949999999999999956, 1.077499999999984803, -2.110000000000000320 ) ) ;
#5231 = CARTESIAN_POINT ( 'NONE',  ( -1.949999999999999956, 1.077499999999984803, -4.240000000000001101 ) ) ;
#5232 = EDGE_LOOP ( 'NONE', ( #4414, #2214, #573, #2496 ) ) ;
#5233 = CARTESIAN_POINT ( 'NONE',  ( 2.095000000000000195, 0.8325000000000144507, -1.700000000000000622 ) ) ;
#5234 = FACE_OUTER_BOUND ( 'NONE', #4431, .T. ) ;
#5235 = VECTOR ( 'NONE', #7146, 1000.000000000000000 ) ;
#5236 = EDGE_CURVE ( 'NONE', #4983, #6494, #4670, .T. ) ;
#5237 = VERTEX_POINT ( 'NONE', #6396 ) ;
#5238 = ORIENTED_EDGE ( 'NONE', *, *, #4029, .F. ) ;
#5239 = PLANE ( 'NONE',  #4496 ) ;
#5240 = EDGE_LOOP ( 'NONE', ( #5402, #1329, #2191, #4042 ) ) ;
#5241 = VECTOR ( 'NONE', #6130, 1000.000000000000000 ) ;
#5242 = CARTESIAN_POINT ( 'NONE',  ( 2.339999999999969660, 0.2860014607077954185, -1.700000000000000622 ) ) ;
#5243 = EDGE_CURVE ( 'NONE', #7112, #2289, #7523, .T. ) ;
#5244 = DIRECTION ( 'NONE',  ( -1.000000000000000000, 0.000000000000000000, 0.000000000000000000 ) ) ;
#5245 = DIRECTION ( 'NONE',  ( -0.000000000000000000, -0.000000000000000000, -1.000000000000000000 ) ) ;
#5246 = AXIS2_PLACEMENT_3D ( 'NONE', #5524, #5408, #7196 ) ;
#5247 = VERTEX_POINT ( 'NONE', #6278 ) ;
#5248 = CARTESIAN_POINT ( 'NONE',  ( 2.339999999999970548, 0.8325000000000144507, -1.700000000000000622 ) ) ;
#5249 = CARTESIAN_POINT ( 'NONE',  ( -2.392909663932662134, 0.04159826839416762290, -1.700000000000000622 ) ) ;
#5250 = PLANE ( 'NONE',  #3249 ) ;
#5251 = EDGE_CURVE ( 'NONE', #2534, #7057, #3401, .T. ) ;
#5252 = CIRCLE ( 'NONE', #6232, 0.07000000000000061728 ) ;
#5253 = DIRECTION ( 'NONE',  ( -0.000000000000000000, -0.000000000000000000, -1.000000000000000000 ) ) ;
#5254 = CARTESIAN_POINT ( 'NONE',  ( -3.000000000000000000, 0.1745737087954402911, -0.4300000000000007150 ) ) ;
#5255 = VERTEX_POINT ( 'NONE', #1658 ) ;
#5256 = VERTEX_POINT ( 'NONE', #594 ) ;
#5257 = LINE ( 'NONE', #1176, #5458 ) ;
#5258 = EDGE_CURVE ( 'NONE', #694, #6974, #5197, .T. ) ;
#5259 = DIRECTION ( 'NONE',  ( 1.587125446138869267E-15, 1.000000000000000000, 0.000000000000000000 ) ) ;
#5260 = ORIENTED_EDGE ( 'NONE', *, *, #5981, .F. ) ;
#5261 = LINE ( 'NONE', #24, #408 ) ;
#5262 = ORIENTED_EDGE ( 'NONE', *, *, #6865, .F. ) ;
#5263 = EDGE_CURVE ( 'NONE', #186, #5034, #1576, .T. ) ;
#5264 = VERTEX_POINT ( 'NONE', #1737 ) ;
#5265 = ORIENTED_EDGE ( 'NONE', *, *, #2083, .F. ) ;
#5266 = ORIENTED_EDGE ( 'NONE', *, *, #7001, .T. ) ;
#5267 = DIRECTION ( 'NONE',  ( 1.000000000000000000, 0.000000000000000000, -0.000000000000000000 ) ) ;
#5268 = DIRECTION ( 'NONE',  ( -0.9975640502598241977, -0.06975647374412531632, -0.000000000000000000 ) ) ;
#5269 = PRESENTATION_STYLE_ASSIGNMENT (( #1147 ) ) ;
#5270 = VERTEX_POINT ( 'NONE', #2865 ) ;
#5271 = PLANE ( 'NONE',  #3757 ) ;
#5272 = DIRECTION ( 'NONE',  ( -0.1710878697460326003, -0.9702875252478149193, 0.1710878697460326003 ) ) ;
#5273 = VERTEX_POINT ( 'NONE', #4058 ) ;
#5274 = ORIENTED_EDGE ( 'NONE', *, *, #3559, .F. ) ;
#5275 = DIRECTION ( 'NONE',  ( -0.06975647374412290158, 0.9975640502598244197, 0.000000000000000000 ) ) ;
#5276 = CARTESIAN_POINT ( 'NONE',  ( -2.405117046837882633, 0.2161719771896077891, 2.109999999999999876 ) ) ;
#5277 = CARTESIAN_POINT ( 'NONE',  ( 2.165000000000000480, 0.8325000000000144507, -0.4300000000000007150 ) ) ;
#5278 = PLANE ( 'NONE',  #2746 ) ;
#5279 = EDGE_CURVE ( 'NONE', #2445, #3420, #4094, .T. ) ;
#5280 = ADVANCED_FACE ( 'NONE', ( #6431 ), #5822, .F. ) ;
#5281 = DIRECTION ( 'NONE',  ( -0.000000000000000000, 0.000000000000000000, -1.000000000000000000 ) ) ;
#5282 = LINE ( 'NONE', #7025, #5088 ) ;
#5283 = DIRECTION ( 'NONE',  ( -1.000000000000000000, 0.000000000000000000, 0.000000000000000000 ) ) ;
#5284 = DIRECTION ( 'NONE',  ( 0.000000000000000000, 1.000000000000000000, 0.000000000000000000 ) ) ;
#5285 = LINE ( 'NONE', #4682, #5824 ) ;
#5286 = EDGE_CURVE ( 'NONE', #3420, #5181, #2670, .T. ) ;
#5287 = ORIENTED_EDGE ( 'NONE', *, *, #2482, .T. ) ;
#5288 = DIRECTION ( 'NONE',  ( -1.587125446138869267E-15, -1.000000000000000000, 0.000000000000000000 ) ) ;
#5289 = DIRECTION ( 'NONE',  ( -0.9975640502598241977, -0.06975647374412548285, 0.000000000000000000 ) ) ;
#5290 = CARTESIAN_POINT ( 'NONE',  ( -2.339999999999970104, 0.2860014607077954185, 3.379999999999999449 ) ) ;
#5291 = VERTEX_POINT ( 'NONE', #5936 ) ;
#5292 = ORIENTED_EDGE ( 'NONE', *, *, #2158, .F. ) ;
#5293 = PRESENTATION_LAYER_ASSIGNMENT (  '', '', ( #3958 ) ) ;
#5294 = CARTESIAN_POINT ( 'NONE',  ( -2.165000000000000036, 0.8325000000000144507, -4.240000000000001101 ) ) ;
#5295 = ORIENTED_EDGE ( 'NONE', *, *, #7434, .F. ) ;
#5296 = ORIENTED_EDGE ( 'NONE', *, *, #7080, .T. ) ;
#5297 = CARTESIAN_POINT ( 'NONE',  ( -3.000000000000000000, 0.1745737087954402911, 4.649999999999999467 ) ) ;
#5298 = FACE_OUTER_BOUND ( 'NONE', #5744, .T. ) ;
#5299 = AXIS2_PLACEMENT_3D ( 'NONE', #7096, #5190, #1073 ) ;
#5300 = LINE ( 'NONE', #6537, #1403 ) ;
#5301 = AXIS2_PLACEMENT_3D ( 'NONE', #1588, #5720, #2250 ) ;
#5302 = DIRECTION ( 'NONE',  ( 0.000000000000000000, 0.000000000000000000, 1.000000000000000000 ) ) ;
#5303 = FACE_OUTER_BOUND ( 'NONE', #2142, .T. ) ;
#5304 = AXIS2_PLACEMENT_3D ( 'NONE', #2846, #2570, #4997 ) ;
#5305 = CIRCLE ( 'NONE', #4099, 0.07000000000000061728 ) ;
#5306 = VERTEX_POINT ( 'NONE', #4778 ) ;
#5307 = VERTEX_POINT ( 'NONE', #5309 ) ;
#5308 = EDGE_CURVE ( 'NONE', #5034, #1373, #5252, .T. ) ;
#5309 = CARTESIAN_POINT ( 'NONE',  ( 1.949999999999999956, 0.9025000000000144018, -4.240000000000001101 ) ) ;
#5310 = VERTEX_POINT ( 'NONE', #6620 ) ;
#5311 = CARTESIAN_POINT ( 'NONE',  ( -0.6610000000000000320, 1.700000000000000178, -4.325000000000000178 ) ) ;
#5312 = LINE ( 'NONE', #1233, #3374 ) ;
#5313 = CIRCLE ( 'NONE', #1982, 0.07000000000000018707 ) ;
#5314 = FILL_AREA_STYLE_COLOUR ( '', #5448 ) ;
#5315 = VERTEX_POINT ( 'NONE', #2355 ) ;
#5316 = AXIS2_PLACEMENT_3D ( 'NONE', #192, #6096, #5987 ) ;
#5317 = VECTOR ( 'NONE', #4811, 1000.000000000000000 ) ;
#5318 = FACE_OUTER_BOUND ( 'NONE', #25, .T. ) ;
#5319 = CARTESIAN_POINT ( 'NONE',  ( 1.949999999999999956, 1.077499999999984803, 2.109999999999999876 ) ) ;
#5320 = CARTESIAN_POINT ( 'NONE',  ( 2.392909663932662134, 0.04159826839416821964, 3.379999999999999449 ) ) ;
#5321 = SURFACE_STYLE_FILL_AREA ( #16 ) ;
#5322 = CARTESIAN_POINT ( 'NONE',  ( -2.339999999999970104, 0.2860014607077954185, -1.700000000000000622 ) ) ;
#5323 = CYLINDRICAL_SURFACE ( 'NONE', #1501, 0.07000000000000018707 ) ;
#5324 = COLOUR_RGB ( '',0.7921568627450980005, 0.8196078431372548767, 0.9333333333333333481 ) ;
#5325 = EDGE_CURVE ( 'NONE', #441, #6820, #1340, .T. ) ;
#5326 = ORIENTED_EDGE ( 'NONE', *, *, #2923, .T. ) ;
#5327 = VECTOR ( 'NONE', #3385, 1000.000000000000000 ) ;
#5328 = DIRECTION ( 'NONE',  ( -0.000000000000000000, -0.000000000000000000, -1.000000000000000000 ) ) ;
#5329 = DIRECTION ( 'NONE',  ( -1.000000000000000000, 0.000000000000000000, 0.000000000000000000 ) ) ;
#5330 = ORIENTED_EDGE ( 'NONE', *, *, #3515, .T. ) ;
#5331 = CARTESIAN_POINT ( 'NONE',  ( 1.949999999999999956, 0.9025000000000144018, 2.109999999999999876 ) ) ;
#5332 = ORIENTED_EDGE ( 'NONE', *, *, #5091, .T. ) ;
#5333 = EDGE_CURVE ( 'NONE', #7381, #2038, #7223, .T. ) ;
#5334 = ORIENTED_EDGE ( 'NONE', *, *, #3154, .F. ) ;
#5335 = VECTOR ( 'NONE', #6913, 1000.000000000000000 ) ;
#5336 = AXIS2_PLACEMENT_3D ( 'NONE', #3300, #5764, #1865 ) ;
#5337 =( NAMED_UNIT ( * ) PLANE_ANGLE_UNIT ( ) SI_UNIT ( $, .RADIAN. ) );
#5338 = EDGE_LOOP ( 'NONE', ( #5148, #2934, #1616, #2187 ) ) ;
#5339 = ORIENTED_EDGE ( 'NONE', *, *, #5099, .F. ) ;
#5340 = DIRECTION ( 'NONE',  ( -1.000000000000000000, 0.000000000000000000, 0.000000000000000000 ) ) ;
#5341 = DIRECTION ( 'NONE',  ( 0.7016738431598635861, 0.7016738431598635861, -0.1237240302064813446 ) ) ;
#5342 = AXIS2_PLACEMENT_3D ( 'NONE', #6482, #1207, #3678 ) ;
#5343 = VECTOR ( 'NONE', #6099, 1000.000000000000000 ) ;
#5344 = SURFACE_STYLE_USAGE ( .BOTH. , #1806 ) ;
#5345 = CARTESIAN_POINT ( 'NONE',  ( -1.949999999999999956, -10.64048871058091983, -4.950000000000000178 ) ) ;
#5346 = ADVANCED_FACE ( 'NONE', ( #4849 ), #7209, .F. ) ;
#5347 = CARTESIAN_POINT ( 'NONE',  ( 1.949999999999999956, 1.077499999999984803, 4.950000000000000178 ) ) ;
#5348 = VECTOR ( 'NONE', #361, 1000.000000000000000 ) ;
#5349 = ORIENTED_EDGE ( 'NONE', *, *, #6179, .T. ) ;
#5350 = VERTEX_POINT ( 'NONE', #2392 ) ;
#5351 = CARTESIAN_POINT ( 'NONE',  ( -1.949999999999999956, 1.077499999999984803, 4.240000000000000213 ) ) ;
#5352 = ORIENTED_EDGE ( 'NONE', *, *, #4534, .F. ) ;
#5353 = DIRECTION ( 'NONE',  ( -1.000000000000000000, -0.000000000000000000, -0.000000000000000000 ) ) ;
#5354 = EDGE_CURVE ( 'NONE', #6586, #6789, #7104, .T. ) ;
#5355 = DIRECTION ( 'NONE',  ( -0.000000000000000000, 0.000000000000000000, -1.000000000000000000 ) ) ;
#5356 = VECTOR ( 'NONE', #156, 1000.000000000000000 ) ;
#5357 = EDGE_CURVE ( 'NONE', #5686, #3158, #665, .T. ) ;
#5358 = ADVANCED_FACE ( 'NONE', ( #4707 ), #5420, .F. ) ;
#5359 = ORIENTED_EDGE ( 'NONE', *, *, #6271, .F. ) ;
#5360 = AXIS2_PLACEMENT_3D ( 'NONE', #1663, #7452, #2169 ) ;
#5361 = FACE_OUTER_BOUND ( 'NONE', #6756, .T. ) ;
#5362 = FACE_OUTER_BOUND ( 'NONE', #7149, .T. ) ;
#5363 = CARTESIAN_POINT ( 'NONE',  ( -2.095000000000000195, 0.9025000000000142908, 0.8399999999999996358 ) ) ;
#5364 = PRESENTATION_STYLE_ASSIGNMENT (( #1242 ) ) ;
#5365 = CARTESIAN_POINT ( 'NONE',  ( -2.095000000000000195, 0.8325000000000144507, 2.109999999999999876 ) ) ;
#5366 = DIRECTION ( 'NONE',  ( -2.380688169208303900E-15, -1.000000000000000000, 0.000000000000000000 ) ) ;
#5367 = VECTOR ( 'NONE', #6741, 1000.000000000000000 ) ;
#5368 = CIRCLE ( 'NONE', #5488, 0.3800000000000001155 ) ;
#5369 = ORIENTED_EDGE ( 'NONE', *, *, #2946, .T. ) ;
#5370 = ADVANCED_FACE ( 'NONE', ( #1818 ), #1229, .F. ) ;
#5371 = DIRECTION ( 'NONE',  ( -1.000000000000000000, 1.587125446138869267E-15, 0.000000000000000000 ) ) ;
#5372 = DIRECTION ( 'NONE',  ( -1.587125446138869267E-15, 1.000000000000000000, 0.000000000000000000 ) ) ;
#5373 = ORIENTED_EDGE ( 'NONE', *, *, #6955, .T. ) ;
#5374 = DIRECTION ( 'NONE',  ( 1.000000000000000000, -7.477256361968987358E-16, 0.000000000000000000 ) ) ;
#5375 = ORIENTED_EDGE ( 'NONE', *, *, #3758, .F. ) ;
#5376 = ADVANCED_FACE ( 'NONE', ( #7059 ), #1779, .F. ) ;
#5377 = CARTESIAN_POINT ( 'NONE',  ( 3.000000000000000000, 0.1745737087954402911, -3.380000000000000338 ) ) ;
#5378 = ORIENTED_EDGE ( 'NONE', *, *, #5387, .F. ) ;
#5379 = ORIENTED_EDGE ( 'NONE', *, *, #5476, .F. ) ;
#5380 = EDGE_CURVE ( 'NONE', #3583, #5055, #3016, .T. ) ;
#5381 = DIRECTION ( 'NONE',  ( -0.000000000000000000, -0.000000000000000000, -1.000000000000000000 ) ) ;
#5382 = CARTESIAN_POINT ( 'NONE',  ( 2.339999999999970548, 0.8325000000000144507, -2.970000000000000639 ) ) ;
#5383 = DIRECTION ( 'NONE',  ( 0.000000000000000000, 0.000000000000000000, 1.000000000000000000 ) ) ;
#5384 = ORIENTED_EDGE ( 'NONE', *, *, #6844, .T. ) ;
#5385 = DIRECTION ( 'NONE',  ( -1.000000000000000000, -2.380688169208303900E-15, 0.000000000000000000 ) ) ;
#5386 = DIRECTION ( 'NONE',  ( -0.06975647374412549673, 0.9975640502598243087, 0.000000000000000000 ) ) ;
#5387 = EDGE_CURVE ( 'NONE', #5273, #4845, #117, .T. ) ;
#5388 = ORIENTED_EDGE ( 'NONE', *, *, #1407, .T. ) ;
#5389 = ORIENTED_EDGE ( 'NONE', *, *, #850, .T. ) ;
#5390 = DIRECTION ( 'NONE',  ( 0.000000000000000000, -0.000000000000000000, -1.000000000000000000 ) ) ;
#5391 = DIRECTION ( 'NONE',  ( 1.587125446138869267E-15, -1.000000000000000000, -0.000000000000000000 ) ) ;
#5392 = LINE ( 'NONE', #3060, #7450 ) ;
#5393 = CARTESIAN_POINT ( 'NONE',  ( -2.095000000000000195, 0.8325000000000144507, 3.379999999999999449 ) ) ;
#5394 = DIRECTION ( 'NONE',  ( 0.000000000000000000, 0.000000000000000000, 1.000000000000000000 ) ) ;
#5395 = EDGE_CURVE ( 'NONE', #3925, #2633, #4203, .T. ) ;
#5396 = ORIENTED_EDGE ( 'NONE', *, *, #2078, .T. ) ;
#5397 = DIRECTION ( 'NONE',  ( -1.000000000000000000, 0.000000000000000000, 0.000000000000000000 ) ) ;
#5398 = DIRECTION ( 'NONE',  ( -0.1710878697460323783, -0.9702875252478150303, -0.1710878697460323783 ) ) ;
#5399 = DIRECTION ( 'NONE',  ( -1.000000000000000000, 0.000000000000000000, 0.000000000000000000 ) ) ;
#5400 = FACE_OUTER_BOUND ( 'NONE', #1932, .T. ) ;
#5401 = DIRECTION ( 'NONE',  ( -1.000000000000000000, 0.000000000000000000, 0.000000000000000000 ) ) ;
#5402 = ORIENTED_EDGE ( 'NONE', *, *, #1605, .T. ) ;
#5403 = EDGE_CURVE ( 'NONE', #3881, #493, #5499, .T. ) ;
#5404 = DIRECTION ( 'NONE',  ( -2.380688169208303900E-15, -1.000000000000000000, 0.000000000000000000 ) ) ;
#5405 = DIRECTION ( 'NONE',  ( -0.000000000000000000, -0.000000000000000000, -1.000000000000000000 ) ) ;
#5406 = ORIENTED_EDGE ( 'NONE', *, *, #3417, .T. ) ;
#5407 = LINE ( 'NONE', #4286, #7284 ) ;
#5408 = DIRECTION ( 'NONE',  ( -0.000000000000000000, -0.000000000000000000, -1.000000000000000000 ) ) ;
#5409 = EDGE_LOOP ( 'NONE', ( #6245, #4050, #3974, #5373 ) ) ;
#5410 = ORIENTED_EDGE ( 'NONE', *, *, #1351, .F. ) ;
#5411 = ORIENTED_EDGE ( 'NONE', *, *, #746, .F. ) ;
#5412 = PLANE ( 'NONE',  #766 ) ;
#5413 = DIRECTION ( 'NONE',  ( 0.06975647374412288770, -0.9975640502598244197, -0.000000000000000000 ) ) ;
#5414 = CARTESIAN_POINT ( 'NONE',  ( -1.949999999999999956, 1.077499999999984803, -0.4300000000000007150 ) ) ;
#5415 = EDGE_CURVE ( 'NONE', #4230, #6395, #5751, .T. ) ;
#5416 = FACE_OUTER_BOUND ( 'NONE', #6870, .T. ) ;
#5417 = EDGE_LOOP ( 'NONE', ( #4504, #5326, #4882, #5665, #7260, #2863, #1113, #2121, #5389, #2896, #5296, #1893 ) ) ;
#5418 = VERTEX_POINT ( 'NONE', #3669 ) ;
#5419 = VECTOR ( 'NONE', #1470, 1000.000000000000000 ) ;
#5420 = CYLINDRICAL_SURFACE ( 'NONE', #5872, 0.07000000000000061728 ) ;
#5421 = LINE ( 'NONE', #1268, #6665 ) ;
#5422 = EDGE_CURVE ( 'NONE', #4351, #687, #3087, .T. ) ;
#5423 = DIRECTION ( 'NONE',  ( 1.587125446138869267E-15, -1.000000000000000000, -0.000000000000000000 ) ) ;
#5424 = CARTESIAN_POINT ( 'NONE',  ( 1.949999999999999956, 0.9025000000000144018, -2.970000000000000639 ) ) ;
#5425 = SURFACE_SIDE_STYLE ('',( #6014 ) ) ;
#5426 = EDGE_CURVE ( 'NONE', #424, #1361, #6118, .T. ) ;
#5427 = CIRCLE ( 'NONE', #2105, 0.2449999999999709355 ) ;
#5428 = EDGE_CURVE ( 'NONE', #6395, #3796, #249, .T. ) ;
#5429 = EDGE_LOOP ( 'NONE', ( #7424, #6941, #1032, #4868 ) ) ;
#5430 = CARTESIAN_POINT ( 'NONE',  ( -3.000000000000000000, 0.1745737087954402911, 4.240000000000000213 ) ) ;
#5431 = AXIS2_PLACEMENT_3D ( 'NONE', #2200, #1537, #7486 ) ;
#5432 = DIRECTION ( 'NONE',  ( 1.000000000000000000, -2.380688169208303900E-15, 0.000000000000000000 ) ) ;
#5433 = DIRECTION ( 'NONE',  ( -0.000000000000000000, -0.000000000000000000, -1.000000000000000000 ) ) ;
#5434 = DIRECTION ( 'NONE',  ( -1.000000000000000000, 0.000000000000000000, 0.000000000000000000 ) ) ;
#5435 = EDGE_CURVE ( 'NONE', #797, #2909, #2066, .T. ) ;
#5436 = AXIS2_PLACEMENT_3D ( 'NONE', #2053, #899, #6255 ) ;
#5437 = CLOSED_SHELL ( 'NONE', ( #4941, #3784, #930, #4115 ) ) ;
#5438 = VERTEX_POINT ( 'NONE', #2566 ) ;
#5439 = CYLINDRICAL_SURFACE ( 'NONE', #4355, 0.07000000000000018707 ) ;
#5440 = AXIS2_PLACEMENT_3D ( 'NONE', #2827, #5900, #3405 ) ;
#5441 = DIRECTION ( 'NONE',  ( -1.000000000000000000, -0.000000000000000000, -0.000000000000000000 ) ) ;
#5442 = VERTEX_POINT ( 'NONE', #4379 ) ;
#5443 = PLANE ( 'NONE',  #6178 ) ;
#5444 = ORIENTED_EDGE ( 'NONE', *, *, #2256, .T. ) ;
#5445 = EDGE_CURVE ( 'NONE', #2521, #378, #1101, .T. ) ;
#5446 = EDGE_CURVE ( 'NONE', #2391, #1361, #7272, .T. ) ;
#5447 = EDGE_CURVE ( 'NONE', #5131, #1184, #6650, .T. ) ;
#5448 = COLOUR_RGB ( '',0.7921568627450980005, 0.8196078431372548767, 0.9333333333333333481 ) ;
#5449 = DIRECTION ( 'NONE',  ( -1.587125446138869267E-15, 1.000000000000000000, 0.000000000000000000 ) ) ;
#5450 = EDGE_LOOP ( 'NONE', ( #1437, #3770, #5974, #6508, #5881, #3590, #6471, #1027, #2902, #5016, #3500, #6050 ) ) ;
#5451 = EDGE_LOOP ( 'NONE', ( #5127, #5501, #6350, #1883 ) ) ;
#5452 = ORIENTED_EDGE ( 'NONE', *, *, #190, .T. ) ;
#5453 = CARTESIAN_POINT ( 'NONE',  ( -2.095000000000000195, 0.8325000000000144507, 3.379999999999999449 ) ) ;
#5454 = DIRECTION ( 'NONE',  ( -0.000000000000000000, -0.000000000000000000, -1.000000000000000000 ) ) ;
#5455 = SURFACE_STYLE_FILL_AREA ( #3888 ) ;
#5456 = ORIENTED_EDGE ( 'NONE', *, *, #2158, .T. ) ;
#5457 = AXIS2_PLACEMENT_3D ( 'NONE', #7602, #7484, #4628 ) ;
#5458 = VECTOR ( 'NONE', #5955, 1000.000000000000000 ) ;
#5459 = FACE_OUTER_BOUND ( 'NONE', #4528, .T. ) ;
#5460 = ORIENTED_EDGE ( 'NONE', *, *, #4843, .T. ) ;
#5461 = VECTOR ( 'NONE', #2441, 1000.000000000000000 ) ;
#5462 = ORIENTED_EDGE ( 'NONE', *, *, #1696, .T. ) ;
#5463 = VECTOR ( 'NONE', #2551, 1000.000000000000000 ) ;
#5464 = DIRECTION ( 'NONE',  ( -0.000000000000000000, -0.000000000000000000, -1.000000000000000000 ) ) ;
#5465 = LINE ( 'NONE', #4299, #5317 ) ;
#5466 = EDGE_CURVE ( 'NONE', #6770, #4542, #4913, .T. ) ;
#5467 = DIRECTION ( 'NONE',  ( 0.000000000000000000, -1.000000000000000000, 0.000000000000000000 ) ) ;
#5468 = CARTESIAN_POINT ( 'NONE',  ( 0.000000000000000000, 0.2300000000000000100, -4.831420105473557491 ) ) ;
#5469 = LINE ( 'NONE', #4246, #5077 ) ;
#5470 = AXIS2_PLACEMENT_3D ( 'NONE', #7329, #3743, #4925 ) ;
#5471 = VECTOR ( 'NONE', #2937, 1000.000000000000227 ) ;
#5472 = EDGE_CURVE ( 'NONE', #6176, #2445, #840, .T. ) ;
#5473 = VERTEX_POINT ( 'NONE', #1410 ) ;
#5474 = DIRECTION ( 'NONE',  ( 0.000000000000000000, 0.000000000000000000, 1.000000000000000000 ) ) ;
#5475 = VECTOR ( 'NONE', #4665, 1000.000000000000000 ) ;
#5476 = EDGE_CURVE ( 'NONE', #2707, #6258, #1529, .T. ) ;
#5477 = DIRECTION ( 'NONE',  ( -1.000000000000000000, 0.000000000000000000, 0.000000000000000000 ) ) ;
#5478 = CARTESIAN_POINT ( 'NONE',  ( -1.949999999999999956, 0.9025000000000144018, 4.240000000000000213 ) ) ;
#5479 = CYLINDRICAL_SURFACE ( 'NONE', #6058, 0.2449999999999709355 ) ;
#5480 = VECTOR ( 'NONE', #6162, 1000.000000000000000 ) ;
#5481 = ADVANCED_FACE ( 'NONE', ( #6726 ), #2691, .F. ) ;
#5482 = DIRECTION ( 'NONE',  ( -0.9975640502598241977, 0.06975647374412548285, 0.000000000000000000 ) ) ;
#5483 =( GEOMETRIC_REPRESENTATION_CONTEXT ( 3 ) GLOBAL_UNCERTAINTY_ASSIGNED_CONTEXT ( ( #3291 ) ) GLOBAL_UNIT_ASSIGNED_CONTEXT ( ( #6366, #558, #4673 ) ) REPRESENTATION_CONTEXT ( 'NONE', 'WORKASPACE' ) );
#5484 = CARTESIAN_POINT ( 'NONE',  ( -2.165000000000000480, 0.8325000000000144507, -2.970000000000000639 ) ) ;
#5485 = VERTEX_POINT ( 'NONE', #5572 ) ;
#5486 = DIRECTION ( 'NONE',  ( -0.06975647374412533019, -0.9975640502598243087, 0.000000000000000000 ) ) ;
#5487 = ORIENTED_EDGE ( 'NONE', *, *, #1144, .F. ) ;
#5488 = AXIS2_PLACEMENT_3D ( 'NONE', #6610, #6675, #4326 ) ;
#5489 = ADVANCED_FACE ( 'NONE', ( #215 ), #873, .T. ) ;
#5490 = CARTESIAN_POINT ( 'NONE',  ( 2.405117046837882633, 0.2161719771896072062, 3.379999999999999449 ) ) ;
#5491 = ORIENTED_EDGE ( 'NONE', *, *, #4666, .F. ) ;
#5492 = ORIENTED_EDGE ( 'NONE', *, *, #2932, .F. ) ;
#5493 = DIRECTION ( 'NONE',  ( -0.000000000000000000, -0.000000000000000000, -1.000000000000000000 ) ) ;
#5494 = CARTESIAN_POINT ( 'NONE',  ( -2.409999999999970832, 0.2860014607077954185, -0.4300000000000007150 ) ) ;
#5495 = ORIENTED_EDGE ( 'NONE', *, *, #949, .F. ) ;
#5496 = EDGE_CURVE ( 'NONE', #6909, #1659, #3805, .T. ) ;
#5497 = VECTOR ( 'NONE', #1080, 1000.000000000000000 ) ;
#5498 = LINE ( 'NONE', #3767, #84 ) ;
#5499 = CIRCLE ( 'NONE', #7229, 0.2449999999999709355 ) ;
#5500 = EDGE_LOOP ( 'NONE', ( #6893, #2116, #6381, #1186 ) ) ;
#5501 = ORIENTED_EDGE ( 'NONE', *, *, #2967, .F. ) ;
#5502 = CARTESIAN_POINT ( 'NONE',  ( 1.949999999999999956, 1.077499999999984803, -2.110000000000000320 ) ) ;
#5503 = DIRECTION ( 'NONE',  ( 0.06975647374412288770, 0.9975640502598244197, 0.000000000000000000 ) ) ;
#5504 = CARTESIAN_POINT ( 'NONE',  ( 2.409999999999970832, 0.2860014607077954185, 0.8399999999999996358 ) ) ;
#5505 = DIRECTION ( 'NONE',  ( -0.9975640502598241977, -0.06975647374412531632, -0.000000000000000000 ) ) ;
#5506 = DIRECTION ( 'NONE',  ( -2.380688169208303900E-15, -1.000000000000000000, 0.000000000000000000 ) ) ;
#5507 = ORIENTED_EDGE ( 'NONE', *, *, #664, .T. ) ;
#5508 = PLANE ( 'NONE',  #4947 ) ;
#5509 = ORIENTED_EDGE ( 'NONE', *, *, #7094, .T. ) ;
#5510 = ORIENTED_EDGE ( 'NONE', *, *, #1508, .F. ) ;
#5511 = DIRECTION ( 'NONE',  ( -0.06975647374412290158, -0.9975640502598244197, 0.000000000000000000 ) ) ;
#5512 = DIRECTION ( 'NONE',  ( -1.000000000000000000, 0.000000000000000000, 0.000000000000000000 ) ) ;
#5513 = EDGE_CURVE ( 'NONE', #1373, #2316, #2536, .T. ) ;
#5514 = FACE_OUTER_BOUND ( 'NONE', #4990, .T. ) ;
#5515 = ORIENTED_EDGE ( 'NONE', *, *, #26, .F. ) ;
#5516 = EDGE_CURVE ( 'NONE', #6552, #4845, #7240, .T. ) ;
#5517 = CARTESIAN_POINT ( 'NONE',  ( 2.392909663932662134, 0.04159826839416821964, -2.110000000000000320 ) ) ;
#5518 = DIRECTION ( 'NONE',  ( -1.000000000000000000, 0.000000000000000000, 0.000000000000000000 ) ) ;
#5519 = CARTESIAN_POINT ( 'NONE',  ( 2.095000000000000195, 1.077499999999984803, 0.8399999999999996358 ) ) ;
#5520 = CARTESIAN_POINT ( 'NONE',  ( 2.409999999999970832, 0.2860014607077954185, -1.700000000000000622 ) ) ;
#5521 = CARTESIAN_POINT ( 'NONE',  ( 2.095000000000000195, 0.8325000000000144507, 2.969999999999999751 ) ) ;
#5522 = EDGE_CURVE ( 'NONE', #5291, #6071, #6153, .T. ) ;
#5523 = ADVANCED_FACE ( 'NONE', ( #5533 ), #2654, .F. ) ;
#5524 = CARTESIAN_POINT ( 'NONE',  ( 2.095000000000000195, 0.8325000000000144507, 3.379999999999999449 ) ) ;
#5525 = ORIENTED_EDGE ( 'NONE', *, *, #1564, .T. ) ;
#5526 = ORIENTED_EDGE ( 'NONE', *, *, #1231, .T. ) ;
#5527 = DIRECTION ( 'NONE',  ( -1.000000000000000000, 0.000000000000000000, 0.000000000000000000 ) ) ;
#5528 = FILL_AREA_STYLE_COLOUR ( '', #7151 ) ;
#5529 = ORIENTED_EDGE ( 'NONE', *, *, #1445, .T. ) ;
#5530 = CARTESIAN_POINT ( 'NONE',  ( 2.165000000000000036, 0.2860014607077954740, -1.700000000000000622 ) ) ;
#5531 = ORIENTED_EDGE ( 'NONE', *, *, #2690, .F. ) ;
#5532 = ORIENTED_EDGE ( 'NONE', *, *, #588, .F. ) ;
#5533 = FACE_OUTER_BOUND ( 'NONE', #2312, .T. ) ;
#5534 = CARTESIAN_POINT ( 'NONE',  ( -2.339999999999969660, 0.2860014607077954185, -4.240000000000001101 ) ) ;
#5535 = CARTESIAN_POINT ( 'NONE',  ( -2.392909663932662134, 0.04159826839416821964, 4.240000000000000213 ) ) ;
#5536 = CARTESIAN_POINT ( 'NONE',  ( 2.095000000000000195, 0.8325000000000144507, 3.379999999999999449 ) ) ;
#5537 = CARTESIAN_POINT ( 'NONE',  ( -3.000000000000000000, 0.1745737087954402911, 0.4299999999999998268 ) ) ;
#5538 = ORIENTED_EDGE ( 'NONE', *, *, #4412, .F. ) ;
#5539 = PRESENTATION_STYLE_ASSIGNMENT (( #4386 ) ) ;
#5540 = ORIENTED_EDGE ( 'NONE', *, *, #7217, .F. ) ;
#5541 = EDGE_CURVE ( 'NONE', #4150, #6918, #4991, .T. ) ;
#5542 = VECTOR ( 'NONE', #2305, 1000.000000000000000 ) ;
#5543 = VERTEX_POINT ( 'NONE', #6762 ) ;
#5544 = DIRECTION ( 'NONE',  ( 1.000000000000000000, 0.000000000000000000, 0.000000000000000000 ) ) ;
#5545 = DIRECTION ( 'NONE',  ( 0.000000000000000000, 0.000000000000000000, 1.000000000000000000 ) ) ;
#5546 = VECTOR ( 'NONE', #917, 1000.000000000000000 ) ;
#5547 = FACE_OUTER_BOUND ( 'NONE', #4377, .T. ) ;
#5548 = AXIS2_PLACEMENT_3D ( 'NONE', #3178, #2010, #750 ) ;
#5549 = CARTESIAN_POINT ( 'NONE',  ( 2.987792617094780834, 5.421010862427522170E-16, 0.8399999999999996358 ) ) ;
#5550 = ORIENTED_EDGE ( 'NONE', *, *, #5522, .T. ) ;
#5551 = VECTOR ( 'NONE', #5374, 1000.000000000000000 ) ;
#5552 = CARTESIAN_POINT ( 'NONE',  ( 2.339999999999969660, 0.2860014607077954185, 0.4299999999999998268 ) ) ;
#5553 = CARTESIAN_POINT ( 'NONE',  ( 1.949999999999999956, 1.077499999999984803, -2.970000000000000639 ) ) ;
#5554 = EDGE_CURVE ( 'NONE', #953, #6490, #1490, .T. ) ;
#5555 = CARTESIAN_POINT ( 'NONE',  ( 2.339999999999969660, 0.2860014607077954185, 2.109999999999999876 ) ) ;
#5556 = CARTESIAN_POINT ( 'NONE',  ( -2.095000000000000195, 1.077499999999984803, 3.379999999999999449 ) ) ;
#5557 = FACE_OUTER_BOUND ( 'NONE', #3942, .T. ) ;
#5558 = AXIS2_PLACEMENT_3D ( 'NONE', #6877, #380, #3831 ) ;
#5559 = AXIS2_PLACEMENT_3D ( 'NONE', #79, #514, #2866 ) ;
#5560 = CARTESIAN_POINT ( 'NONE',  ( -0.6610000000000000320, 1.700000000000000178, -3.564999999999999503 ) ) ;
#5561 = VERTEX_POINT ( 'NONE', #5068 ) ;
#5562 = ORIENTED_EDGE ( 'NONE', *, *, #5805, .T. ) ;
#5563 = VECTOR ( 'NONE', #3709, 1000.000000000000227 ) ;
#5564 = CIRCLE ( 'NONE', #6536, 0.2449999999999704914 ) ;
#5565 = DIRECTION ( 'NONE',  ( 0.9975640502598241977, 0.06975647374412531632, 0.000000000000000000 ) ) ;
#5566 = EDGE_CURVE ( 'NONE', #3114, #4833, #5115, .T. ) ;
#5567 = DIRECTION ( 'NONE',  ( 0.06975647374412549673, 0.9975640502598243087, -0.000000000000000000 ) ) ;
#5568 = CARTESIAN_POINT ( 'NONE',  ( 2.987792617094780834, 5.421010862427522170E-16, -0.4300000000000007150 ) ) ;
#5569 = VECTOR ( 'NONE', #2230, 1000.000000000000227 ) ;
#5570 = VERTEX_POINT ( 'NONE', #1691 ) ;
#5571 = ORIENTED_EDGE ( 'NONE', *, *, #3304, .T. ) ;
#5572 = CARTESIAN_POINT ( 'NONE',  ( -2.165000000000000036, 0.8325000000000144507, 4.649999999999999467 ) ) ;
#5573 = FACE_OUTER_BOUND ( 'NONE', #7083, .T. ) ;
#5574 = VECTOR ( 'NONE', #1311, 1000.000000000000000 ) ;
#5575 = AXIS2_PLACEMENT_3D ( 'NONE', #3116, #6111, #4943 ) ;
#5576 = LINE ( 'NONE', #6556, #3513 ) ;
#5577 = LINE ( 'NONE', #326, #3398 ) ;
#5578 = DIRECTION ( 'NONE',  ( 0.000000000000000000, 0.000000000000000000, 1.000000000000000000 ) ) ;
#5579 = CIRCLE ( 'NONE', #4607, 0.07000000000000061728 ) ;
#5580 = AXIS2_PLACEMENT_3D ( 'NONE', #6411, #7003, #5218 ) ;
#5581 = EDGE_LOOP ( 'NONE', ( #6168, #2591, #3914, #5266 ) ) ;
#5582 = CARTESIAN_POINT ( 'NONE',  ( -2.095000000000000195, 0.8325000000000144507, -4.650000000000000355 ) ) ;
#5583 = FACE_OUTER_BOUND ( 'NONE', #2166, .T. ) ;
#5584 = ORIENTED_EDGE ( 'NONE', *, *, #590, .T. ) ;
#5585 = EDGE_CURVE ( 'NONE', #21, #428, #2225, .T. ) ;
#5586 = DIRECTION ( 'NONE',  ( 0.06975647374412288770, 0.9975640502598244197, 0.000000000000000000 ) ) ;
#5587 = AXIS2_PLACEMENT_3D ( 'NONE', #5627, #6092, #7285 ) ;
#5588 = AXIS2_PLACEMENT_3D ( 'NONE', #4458, #2609, #3311 ) ;
#5589 = EDGE_CURVE ( 'NONE', #135, #1690, #542, .T. ) ;
#5590 = CARTESIAN_POINT ( 'NONE',  ( 2.409999999999970832, 0.2860014607077954185, -4.240000000000001101 ) ) ;
#5591 = DIRECTION ( 'NONE',  ( 7.477256361968987358E-16, 1.000000000000000000, -0.000000000000000000 ) ) ;
#5592 = ORIENTED_EDGE ( 'NONE', *, *, #2186, .T. ) ;
#5593 = VECTOR ( 'NONE', #876, 1000.000000000000227 ) ;
#5594 = DIRECTION ( 'NONE',  ( -0.000000000000000000, -0.000000000000000000, -1.000000000000000000 ) ) ;
#5595 = DIRECTION ( 'NONE',  ( -1.000000000000000000, 0.000000000000000000, 0.000000000000000000 ) ) ;
#5596 = DIRECTION ( 'NONE',  ( -0.06975647374412533019, -0.9975640502598243087, 0.000000000000000000 ) ) ;
#5597 = DIRECTION ( 'NONE',  ( -0.000000000000000000, -0.000000000000000000, -1.000000000000000000 ) ) ;
#5598 = LINE ( 'NONE', #4440, #7174 ) ;
#5599 = AXIS2_PLACEMENT_3D ( 'NONE', #5520, #3793, #1513 ) ;
#5600 = EDGE_CURVE ( 'NONE', #241, #4747, #2313, .T. ) ;
#5601 = ORIENTED_EDGE ( 'NONE', *, *, #1696, .F. ) ;
#5602 = DIRECTION ( 'NONE',  ( 0.06975647374412533019, -0.9975640502598243087, 0.000000000000000000 ) ) ;
#5603 = ORIENTED_EDGE ( 'NONE', *, *, #2547, .F. ) ;
#5604 = CIRCLE ( 'NONE', #5360, 0.2449999999999709355 ) ;
#5605 = EDGE_LOOP ( 'NONE', ( #7325, #3342, #4623, #5776 ) ) ;
#5606 = VERTEX_POINT ( 'NONE', #7553 ) ;
#5607 = CARTESIAN_POINT ( 'NONE',  ( 2.095000000000000195, 0.8325000000000144507, -0.8400000000000005240 ) ) ;
#5608 = DIRECTION ( 'NONE',  ( 0.06975647374412288770, -0.9975640502598244197, -0.000000000000000000 ) ) ;
#5609 = ADVANCED_FACE ( 'NONE', ( #7012 ), #4661, .F. ) ;
#5610 = LINE ( 'NONE', #1981, #7437 ) ;
#5611 = MECHANICAL_DESIGN_GEOMETRIC_PRESENTATION_REPRESENTATION (  '', ( #706 ), #3412 ) ;
#5612 = EDGE_CURVE ( 'NONE', #4402, #3929, #5150, .T. ) ;
#5613 = ORIENTED_EDGE ( 'NONE', *, *, #4040, .T. ) ;
#5614 = ORIENTED_EDGE ( 'NONE', *, *, #6703, .F. ) ;
#5615 = DIRECTION ( 'NONE',  ( 0.000000000000000000, 0.000000000000000000, 1.000000000000000000 ) ) ;
#5616 = LINE ( 'NONE', #359, #2861 ) ;
#5617 = VECTOR ( 'NONE', #7364, 1000.000000000000000 ) ;
#5618 = LINE ( 'NONE', #6233, #3256 ) ;
#5619 = FACE_OUTER_BOUND ( 'NONE', #6241, .T. ) ;
#5620 = LINE ( 'NONE', #6122, #7280 ) ;
#5621 = DIRECTION ( 'NONE',  ( 7.477256361968987358E-16, 1.000000000000000000, -0.000000000000000000 ) ) ;
#5622 = EDGE_CURVE ( 'NONE', #1299, #580, #7521, .T. ) ;
#5623 = VERTEX_POINT ( 'NONE', #504 ) ;
#5624 = CARTESIAN_POINT ( 'NONE',  ( 3.000000000000000000, 0.1745737087954402911, -4.240000000000001101 ) ) ;
#5625 = DIRECTION ( 'NONE',  ( -0.9975640502598241977, 0.06975647374412531632, 0.000000000000000000 ) ) ;
#5626 = VERTEX_POINT ( 'NONE', #7512 ) ;
#5627 = CARTESIAN_POINT ( 'NONE',  ( 2.987792617094780834, 5.421010862427522170E-16, -4.240000000000001101 ) ) ;
#5628 = CARTESIAN_POINT ( 'NONE',  ( -1.949999999999999956, 1.077499999999984803, -3.380000000000000338 ) ) ;
#5629 = DIRECTION ( 'NONE',  ( 1.000000000000000000, -7.477256361968987358E-16, 0.000000000000000000 ) ) ;
#5630 = ORIENTED_EDGE ( 'NONE', *, *, #5761, .F. ) ;
#5631 = EDGE_CURVE ( 'NONE', #3469, #4983, #861, .T. ) ;
#5632 = VERTEX_POINT ( 'NONE', #5650 ) ;
#5633 = LINE ( 'NONE', #1057, #7078 ) ;
#5634 = DIRECTION ( 'NONE',  ( 1.000000000000000000, -0.000000000000000000, 0.000000000000000000 ) ) ;
#5635 = PLANE ( 'NONE',  #1246 ) ;
#5636 = ORIENTED_EDGE ( 'NONE', *, *, #506, .F. ) ;
#5637 = CARTESIAN_POINT ( 'NONE',  ( -2.409999999999970832, 0.2860014607077954185, -1.700000000000000622 ) ) ;
#5638 = CARTESIAN_POINT ( 'NONE',  ( 0.000000000000000000, 0.2300000000000000100, 0.000000000000000000 ) ) ;
#5639 = EDGE_CURVE ( 'NONE', #5053, #2141, #5737, .T. ) ;
#5640 = ORIENTED_EDGE ( 'NONE', *, *, #5981, .T. ) ;
#5641 = ORIENTED_EDGE ( 'NONE', *, *, #4293, .T. ) ;
#5642 = CARTESIAN_POINT ( 'NONE',  ( -1.949999999999999956, 1.077499999999984803, 4.649999999999999467 ) ) ;
#5643 = CARTESIAN_POINT ( 'NONE',  ( -2.987792617094780834, 5.421010862427522170E-16, 4.240000000000000213 ) ) ;
#5644 = VERTEX_POINT ( 'NONE', #2731 ) ;
#5645 = FACE_OUTER_BOUND ( 'NONE', #6523, .T. ) ;
#5646 = VERTEX_POINT ( 'NONE', #6853 ) ;
#5647 = LINE ( 'NONE', #501, #2419 ) ;
#5648 = ORIENTED_EDGE ( 'NONE', *, *, #4638, .F. ) ;
#5649 = EDGE_LOOP ( 'NONE', ( #3189, #6251, #1835, #3561 ) ) ;
#5650 = CARTESIAN_POINT ( 'NONE',  ( 2.339999999999970548, 0.8325000000000144507, -2.110000000000000320 ) ) ;
#5651 = DIRECTION ( 'NONE',  ( -1.587125446138869267E-15, -1.000000000000000000, 0.000000000000000000 ) ) ;
#5652 = DIRECTION ( 'NONE',  ( 2.380688169208303900E-15, 1.000000000000000000, 0.000000000000000000 ) ) ;
#5653 = LINE ( 'NONE', #2734, #2159 ) ;
#5654 = EDGE_CURVE ( 'NONE', #1477, #4073, #7435, .T. ) ;
#5655 =( NAMED_UNIT ( * ) SI_UNIT ( $, .STERADIAN. ) SOLID_ANGLE_UNIT ( ) );
#5656 = EDGE_CURVE ( 'NONE', #1704, #3419, #3470, .T. ) ;
#5657 = ORIENTED_EDGE ( 'NONE', *, *, #6377, .T. ) ;
#5658 = DIRECTION ( 'NONE',  ( -0.9975640502598241977, -0.06975647374412531632, -0.000000000000000000 ) ) ;
#5659 = PLANE ( 'NONE',  #6466 ) ;
#5660 = ORIENTED_EDGE ( 'NONE', *, *, #5819, .T. ) ;
#5661 = CARTESIAN_POINT ( 'NONE',  ( 2.987792617094780834, 5.421010862427522170E-16, -2.970000000000000639 ) ) ;
#5662 = ADVANCED_FACE ( 'NONE', ( #990 ), #3347, .F. ) ;
#5663 = FILL_AREA_STYLE_COLOUR ( '', #6839 ) ;
#5664 = DIRECTION ( 'NONE',  ( -0.000000000000000000, -0.000000000000000000, -1.000000000000000000 ) ) ;
#5665 = ORIENTED_EDGE ( 'NONE', *, *, #6868, .T. ) ;
#5666 = CIRCLE ( 'NONE', #3209, 0.2449999999999709355 ) ;
#5667 = ORIENTED_EDGE ( 'NONE', *, *, #2369, .F. ) ;
#5668 = CARTESIAN_POINT ( 'NONE',  ( 2.987792617094780834, 5.421010862427522170E-16, -2.110000000000000320 ) ) ;
#5669 = UNCERTAINTY_MEASURE_WITH_UNIT (LENGTH_MEASURE( 1.000000000000000082E-05 ), #4612, 'distance_accuracy_value', 'NONE');
#5670 = AXIS2_PLACEMENT_3D ( 'NONE', #4974, #5596, #824 ) ;
#5671 = LINE ( 'NONE', #5133, #7308 ) ;
#5672 = LINE ( 'NONE', #6833, #7397 ) ;
#5673 = CARTESIAN_POINT ( 'NONE',  ( 2.339999999999969660, 0.2860014607077954185, -1.700000000000000622 ) ) ;
#5674 = CARTESIAN_POINT ( 'NONE',  ( -2.409999999999970832, 0.2860014607077954185, -1.700000000000000622 ) ) ;
#5675 = ORIENTED_EDGE ( 'NONE', *, *, #6816, .F. ) ;
#5676 = ORIENTED_EDGE ( 'NONE', *, *, #2308, .T. ) ;
#5677 = VECTOR ( 'NONE', #2783, 1000.000000000000000 ) ;
#5678 = ORIENTED_EDGE ( 'NONE', *, *, #5161, .F. ) ;
#5679 = VERTEX_POINT ( 'NONE', #5696 ) ;
#5680 = EDGE_LOOP ( 'NONE', ( #3902, #2017, #4059, #414 ) ) ;
#5681 = ORIENTED_EDGE ( 'NONE', *, *, #3832, .T. ) ;
#5682 = CARTESIAN_POINT ( 'NONE',  ( 2.165000000000000480, 0.8325000000000144507, 4.649999999999999467 ) ) ;
#5683 = ADVANCED_FACE ( 'NONE', ( #2776 ), #2270, .T. ) ;
#5684 = VECTOR ( 'NONE', #2555, 1000.000000000000000 ) ;
#5685 = SURFACE_STYLE_FILL_AREA ( #1717 ) ;
#5686 = VERTEX_POINT ( 'NONE', #6894 ) ;
#5687 = VECTOR ( 'NONE', #5381, 1000.000000000000000 ) ;
#5688 = VERTEX_POINT ( 'NONE', #4624 ) ;
#5689 = EDGE_CURVE ( 'NONE', #1659, #897, #6972, .T. ) ;
#5690 = CARTESIAN_POINT ( 'NONE',  ( -1.949999999999999956, -10.64048871058091983, 4.950000000000000178 ) ) ;
#5691 = ADVANCED_FACE ( 'NONE', ( #5812 ), #2897, .F. ) ;
#5692 = AXIS2_PLACEMENT_3D ( 'NONE', #6651, #216, #1850 ) ;
#5693 = DIRECTION ( 'NONE',  ( -1.000000000000000000, 0.000000000000000000, 0.000000000000000000 ) ) ;
#5694 = ORIENTED_EDGE ( 'NONE', *, *, #5030, .T. ) ;
#5695 = VERTEX_POINT ( 'NONE', #7095 ) ;
#5696 = CARTESIAN_POINT ( 'NONE',  ( -2.339999999999970104, 0.2860014607077954185, -0.4300000000000007150 ) ) ;
#5697 = DIRECTION ( 'NONE',  ( -0.000000000000000000, -0.000000000000000000, -1.000000000000000000 ) ) ;
#5698 =( LENGTH_UNIT ( ) NAMED_UNIT ( * ) SI_UNIT ( .MILLI., .METRE. ) );
#5699 = CARTESIAN_POINT ( 'NONE',  ( 2.339999999999970548, 0.8325000000000144507, 3.379999999999999449 ) ) ;
#5700 =( GEOMETRIC_REPRESENTATION_CONTEXT ( 3 ) GLOBAL_UNCERTAINTY_ASSIGNED_CONTEXT ( ( #674 ) ) GLOBAL_UNIT_ASSIGNED_CONTEXT ( ( #4998, #6977, #473 ) ) REPRESENTATION_CONTEXT ( 'NONE', 'WORKASPACE' ) );
#5701 = DIRECTION ( 'NONE',  ( -0.000000000000000000, -0.000000000000000000, -1.000000000000000000 ) ) ;
#5702 = VERTEX_POINT ( 'NONE', #171 ) ;
#5703 = CIRCLE ( 'NONE', #4841, 0.2449999999999709355 ) ;
#5704 = DIRECTION ( 'NONE',  ( 0.000000000000000000, 0.000000000000000000, 1.000000000000000000 ) ) ;
#5705 = EDGE_CURVE ( 'NONE', #4473, #137, #409, .T. ) ;
#5706 = CARTESIAN_POINT ( 'NONE',  ( -2.095000000000000195, 1.077499999999984803, 0.8399999999999996358 ) ) ;
#5707 = ORIENTED_EDGE ( 'NONE', *, *, #2286, .F. ) ;
#5708 = DIRECTION ( 'NONE',  ( 0.000000000000000000, 0.000000000000000000, -1.000000000000000000 ) ) ;
#5709 = FACE_OUTER_BOUND ( 'NONE', #3845, .T. ) ;
#5710 = DIRECTION ( 'NONE',  ( 0.7071067811865474617, 0.7071067811865474617, 0.000000000000000000 ) ) ;
#5711 = ADVANCED_FACE ( 'NONE', ( #108 ), #3554, .T. ) ;
#5712 = VECTOR ( 'NONE', #2085, 1000.000000000000000 ) ;
#5713 = VECTOR ( 'NONE', #684, 1000.000000000000000 ) ;
#5714 = ORIENTED_EDGE ( 'NONE', *, *, #5768, .F. ) ;
#5715 = EDGE_CURVE ( 'NONE', #4563, #1690, #1841, .T. ) ;
#5716 = AXIS2_PLACEMENT_3D ( 'NONE', #3671, #4672, #1887 ) ;
#5717 = AXIS2_PLACEMENT_3D ( 'NONE', #1826, #1788, #6437 ) ;
#5718 = DIRECTION ( 'NONE',  ( 0.9975640502598241977, 0.06975647374412531632, 0.000000000000000000 ) ) ;
#5719 = CARTESIAN_POINT ( 'NONE',  ( -2.405117046837882633, 0.2161719771896077891, -0.8400000000000005240 ) ) ;
#5720 = DIRECTION ( 'NONE',  ( -0.000000000000000000, -0.000000000000000000, -1.000000000000000000 ) ) ;
#5721 = ORIENTED_EDGE ( 'NONE', *, *, #3665, .T. ) ;
#5722 = DIRECTION ( 'NONE',  ( -1.000000000000000000, 0.000000000000000000, 0.000000000000000000 ) ) ;
#5723 = CARTESIAN_POINT ( 'NONE',  ( -3.000000000000000000, 0.1745737087954402911, -4.240000000000001101 ) ) ;
#5724 = VECTOR ( 'NONE', #5977, 1000.000000000000000 ) ;
#5725 = EDGE_CURVE ( 'NONE', #3582, #4368, #4125, .T. ) ;
#5726 = ORIENTED_EDGE ( 'NONE', *, *, #5689, .F. ) ;
#5727 = ORIENTED_EDGE ( 'NONE', *, *, #62, .T. ) ;
#5728 = DIRECTION ( 'NONE',  ( -1.000000000000000000, 0.000000000000000000, 0.000000000000000000 ) ) ;
#5729 = VECTOR ( 'NONE', #5855, 1000.000000000000000 ) ;
#5730 = SURFACE_STYLE_USAGE ( .BOTH. , #2763 ) ;
#5731 = ORIENTED_EDGE ( 'NONE', *, *, #6505, .F. ) ;
#5732 = CARTESIAN_POINT ( 'NONE',  ( -2.339999999999970548, 0.8325000000000144507, 0.4299999999999998268 ) ) ;
#5733 = VECTOR ( 'NONE', #976, 1000.000000000000227 ) ;
#5734 = CARTESIAN_POINT ( 'NONE',  ( 2.095000000000000195, 1.077499999999984803, 0.8399999999999996358 ) ) ;
#5735 = ORIENTED_EDGE ( 'NONE', *, *, #47, .T. ) ;
#5736 = ORIENTED_EDGE ( 'NONE', *, *, #4254, .T. ) ;
#5737 = LINE ( 'NONE', #5773, #747 ) ;
#5738 = CARTESIAN_POINT ( 'NONE',  ( -1.949999999999999956, 0.9025000000000144018, 3.379999999999999449 ) ) ;
#5739 = DIRECTION ( 'NONE',  ( -1.000000000000000000, 0.000000000000000000, 0.000000000000000000 ) ) ;
#5740 = VERTEX_POINT ( 'NONE', #6578 ) ;
#5741 = CARTESIAN_POINT ( 'NONE',  ( 2.095000000000000195, 0.8325000000000144507, 0.8399999999999996358 ) ) ;
#5742 = PRESENTATION_LAYER_ASSIGNMENT (  '', '', ( #3037 ) ) ;
#5743 = CARTESIAN_POINT ( 'NONE',  ( 2.392909663932662134, 0.04159826839416821964, -0.4300000000000007150 ) ) ;
#5744 = EDGE_LOOP ( 'NONE', ( #6276, #2515, #1429, #2904 ) ) ;
#5745 = CARTESIAN_POINT ( 'NONE',  ( -0.6610000000000000320, 1.700000000000000178, -4.325000000000000178 ) ) ;
#5746 = DIRECTION ( 'NONE',  ( 1.000000000000000000, 0.000000000000000000, -0.000000000000000000 ) ) ;
#5747 = EDGE_LOOP ( 'NONE', ( #3950, #4390, #3720, #5923 ) ) ;
#5748 = CARTESIAN_POINT ( 'NONE',  ( 2.095000000000000195, 0.9025000000000146239, 2.109999999999999876 ) ) ;
#5749 = FACE_OUTER_BOUND ( 'NONE', #4777, .T. ) ;
#5750 = CARTESIAN_POINT ( 'NONE',  ( -1.777812499193355933, -0.07402384289013333452, 4.777812499193355933 ) ) ;
#5751 = CIRCLE ( 'NONE', #3915, 0.2449999999999704914 ) ;
#5752 = ORIENTED_EDGE ( 'NONE', *, *, #2294, .F. ) ;
#5753 = CARTESIAN_POINT ( 'NONE',  ( 2.095000000000000195, 0.8325000000000144507, -4.240000000000001101 ) ) ;
#5754 = ADVANCED_FACE ( 'NONE', ( #1875 ), #1145, .F. ) ;
#5755 = CARTESIAN_POINT ( 'NONE',  ( -1.949999999999999956, 1.077499999999984803, -2.970000000000000639 ) ) ;
#5756 = UNCERTAINTY_MEASURE_WITH_UNIT (LENGTH_MEASURE( 1.000000000000000082E-05 ), #6740, 'distance_accuracy_value', 'NONE');
#5757 = CARTESIAN_POINT ( 'NONE',  ( 2.095000000000000195, 0.9025000000000146239, -4.650000000000000355 ) ) ;
#5758 = CARTESIAN_POINT ( 'NONE',  ( 2.392909663932662134, 0.04159826839416821964, -4.240000000000001101 ) ) ;
#5759 = LINE ( 'NONE', #1060, #3403 ) ;
#5760 = CARTESIAN_POINT ( 'NONE',  ( -2.409999999999970832, 0.2860014607077954185, -3.380000000000000338 ) ) ;
#5761 = EDGE_CURVE ( 'NONE', #135, #6189, #5305, .T. ) ;
#5762 = ORIENTED_EDGE ( 'NONE', *, *, #3235, .T. ) ;
#5763 = ORIENTED_EDGE ( 'NONE', *, *, #572, .T. ) ;
#5764 = DIRECTION ( 'NONE',  ( 0.000000000000000000, -1.000000000000000000, 0.000000000000000000 ) ) ;
#5765 = VERTEX_POINT ( 'NONE', #6421 ) ;
#5766 = LINE ( 'NONE', #3900, #3346 ) ;
#5767 = VERTEX_POINT ( 'NONE', #7200 ) ;
#5768 = EDGE_CURVE ( 'NONE', #5310, #186, #728, .T. ) ;
#5769 = CARTESIAN_POINT ( 'NONE',  ( 1.949999999999999956, 1.077499999999984803, -4.240000000000001101 ) ) ;
#5770 = LINE ( 'NONE', #1838, #4030 ) ;
#5771 = ORIENTED_EDGE ( 'NONE', *, *, #3788, .F. ) ;
#5772 = VERTEX_POINT ( 'NONE', #1187 ) ;
#5773 = CARTESIAN_POINT ( 'NONE',  ( 2.392909663932662134, 0.04159826839416821964, -1.700000000000000622 ) ) ;
#5774 = CARTESIAN_POINT ( 'NONE',  ( 2.339999999999969660, 0.2860014607077954185, 4.649999999999999467 ) ) ;
#5775 = SURFACE_SIDE_STYLE ('',( #7514 ) ) ;
#5776 = ORIENTED_EDGE ( 'NONE', *, *, #261, .T. ) ;
#5777 = CARTESIAN_POINT ( 'NONE',  ( 1.949999999999999956, 1.077499999999984803, 3.379999999999999449 ) ) ;
#5778 = CYLINDRICAL_SURFACE ( 'NONE', #7296, 0.07000000000000018707 ) ;
#5779 = ORIENTED_EDGE ( 'NONE', *, *, #3495, .F. ) ;
#5780 = ORIENTED_EDGE ( 'NONE', *, *, #525, .T. ) ;
#5781 = CYLINDRICAL_SURFACE ( 'NONE', #1539, 0.2449999999999709355 ) ;
#5782 = PLANE ( 'NONE',  #5559 ) ;
#5783 = DIRECTION ( 'NONE',  ( 1.000000000000000000, -2.380688169208303900E-15, 0.000000000000000000 ) ) ;
#5784 = DIRECTION ( 'NONE',  ( -1.000000000000000000, 0.000000000000000000, 0.000000000000000000 ) ) ;
#5785 = DIRECTION ( 'NONE',  ( -0.000000000000000000, -0.000000000000000000, -1.000000000000000000 ) ) ;
#5786 = EDGE_CURVE ( 'NONE', #2064, #5273, #583, .T. ) ;
#5787 = VECTOR ( 'NONE', #3771, 1000.000000000000000 ) ;
#5788 = ORIENTED_EDGE ( 'NONE', *, *, #6469, .F. ) ;
#5789 = FACE_OUTER_BOUND ( 'NONE', #5798, .T. ) ;
#5790 = CARTESIAN_POINT ( 'NONE',  ( -2.095000000000000195, 1.077499999999984803, 2.969999999999999751 ) ) ;
#5791 = DIRECTION ( 'NONE',  ( 1.587125446138869267E-15, -1.000000000000000000, -0.000000000000000000 ) ) ;
#5792 = FACE_OUTER_BOUND ( 'NONE', #5008, .T. ) ;
#5793 = ORIENTED_EDGE ( 'NONE', *, *, #6940, .T. ) ;
#5794 = DIRECTION ( 'NONE',  ( -0.9975640502598241977, -0.06975647374412531632, -0.000000000000000000 ) ) ;
#5795 =( GEOMETRIC_REPRESENTATION_CONTEXT ( 3 ) GLOBAL_UNCERTAINTY_ASSIGNED_CONTEXT ( ( #3534 ) ) GLOBAL_UNIT_ASSIGNED_CONTEXT ( ( #7384, #3153, #2098 ) ) REPRESENTATION_CONTEXT ( 'NONE', 'WORKASPACE' ) );
#5796 = LINE ( 'NONE', #6486, #6183 ) ;
#5797 = AXIS2_PLACEMENT_3D ( 'NONE', #3606, #4068, #2407 ) ;
#5798 = EDGE_LOOP ( 'NONE', ( #478, #4238, #1684, #4082 ) ) ;
#5799 = DIRECTION ( 'NONE',  ( -1.000000000000000000, 0.000000000000000000, 0.000000000000000000 ) ) ;
#5800 = CARTESIAN_POINT ( 'NONE',  ( -2.405117046837882633, 0.2161719771896077891, 3.379999999999999449 ) ) ;
#5801 = VERTEX_POINT ( 'NONE', #5889 ) ;
#5802 = DIRECTION ( 'NONE',  ( 1.000000000000000000, 0.000000000000000000, -0.000000000000000000 ) ) ;
#5803 = ORIENTED_EDGE ( 'NONE', *, *, #6776, .F. ) ;
#5804 = EDGE_LOOP ( 'NONE', ( #1536, #6577, #5926, #2061 ) ) ;
#5805 = EDGE_CURVE ( 'NONE', #3295, #21, #1619, .T. ) ;
#5806 = CYLINDRICAL_SURFACE ( 'NONE', #7110, 0.2449999999999704914 ) ;
#5807 = ORIENTED_EDGE ( 'NONE', *, *, #6625, .T. ) ;
#5808 = ORIENTED_EDGE ( 'NONE', *, *, #7135, .F. ) ;
#5809 = AXIS2_PLACEMENT_3D ( 'NONE', #6735, #2075, #1045 ) ;
#5810 = EDGE_CURVE ( 'NONE', #3242, #4, #6001, .T. ) ;
#5811 = AXIS2_PLACEMENT_3D ( 'NONE', #3510, #3661, #4734 ) ;
#5812 = FACE_OUTER_BOUND ( 'NONE', #6078, .T. ) ;
#5813 = CYLINDRICAL_SURFACE ( 'NONE', #4816, 0.2449999999999709355 ) ;
#5814 = DIRECTION ( 'NONE',  ( 0.000000000000000000, 0.000000000000000000, 1.000000000000000000 ) ) ;
#5815 = LINE ( 'NONE', #7133, #4011 ) ;
#5816 = LINE ( 'NONE', #6313, #1022 ) ;
#5817 = AXIS2_PLACEMENT_3D ( 'NONE', #1396, #6104, #826 ) ;
#5818 = CLOSED_SHELL ( 'NONE', ( #5376, #5971, #1, #5358, #248, #2638, #3601, #360, #7359, #245, #7446, #1831, #5859, #7386 ) ) ;
#5819 = EDGE_CURVE ( 'NONE', #2391, #2280, #3006, .T. ) ;
#5820 = ORIENTED_EDGE ( 'NONE', *, *, #2327, .F. ) ;
#5821 = VERTEX_POINT ( 'NONE', #140 ) ;
#5822 = PLANE ( 'NONE',  #2165 ) ;
#5823 = LINE ( 'NONE', #4671, #4330 ) ;
#5824 = VECTOR ( 'NONE', #6958, 1000.000000000000000 ) ;
#5825 = FACE_OUTER_BOUND ( 'NONE', #2411, .T. ) ;
#5826 = FILL_AREA_STYLE_COLOUR ( '', #6101 ) ;
#5827 = EDGE_CURVE ( 'NONE', #2786, #1479, #7412, .T. ) ;
#5828 = ORIENTED_EDGE ( 'NONE', *, *, #7258, .F. ) ;
#5829 = LINE ( 'NONE', #44, #4157 ) ;
#5830 = DIRECTION ( 'NONE',  ( -0.000000000000000000, -0.000000000000000000, -1.000000000000000000 ) ) ;
#5831 = PRODUCT_DEFINITION_CONTEXT ( 'detailed design', #299, 'design' ) ;
#5832 = CARTESIAN_POINT ( 'NONE',  ( 2.165000000000000480, 0.8325000000000144507, -1.700000000000000622 ) ) ;
#5833 = CIRCLE ( 'NONE', #3246, 0.2449999999999709355 ) ;
#5834 = CARTESIAN_POINT ( 'NONE',  ( 2.339999999999969660, 0.2860014607077954185, -2.970000000000000639 ) ) ;
#5835 = VECTOR ( 'NONE', #6260, 1000.000000000000000 ) ;
#5836 = CARTESIAN_POINT ( 'NONE',  ( -3.000000000000000000, 0.1745737087954402911, -2.110000000000000320 ) ) ;
#5837 = DIRECTION ( 'NONE',  ( 1.000000000000000000, 0.000000000000000000, -0.000000000000000000 ) ) ;
#5838 = AXIS2_PLACEMENT_3D ( 'NONE', #5468, #219, #2976 ) ;
#5839 = AXIS2_PLACEMENT_3D ( 'NONE', #1671, #5009, #2833 ) ;
#5840 = VERTEX_POINT ( 'NONE', #6499 ) ;
#5841 = ORIENTED_EDGE ( 'NONE', *, *, #6519, .F. ) ;
#5842 = CARTESIAN_POINT ( 'NONE',  ( 3.000000000000000000, 0.1745737087954402911, 4.649999999999999467 ) ) ;
#5843 = CARTESIAN_POINT ( 'NONE',  ( -2.392909663932662134, 0.04159826839416821964, -4.240000000000001101 ) ) ;
#5844 = LINE ( 'NONE', #579, #765 ) ;
#5845 = EDGE_LOOP ( 'NONE', ( #2845, #6983, #7542, #4961 ) ) ;
#5846 = AXIS2_PLACEMENT_3D ( 'NONE', #3393, #1650, #471 ) ;
#5847 = DIRECTION ( 'NONE',  ( -0.000000000000000000, -0.000000000000000000, -1.000000000000000000 ) ) ;
#5848 = EDGE_LOOP ( 'NONE', ( #2604, #611, #6825, #1693 ) ) ;
#5849 = VECTOR ( 'NONE', #472, 1000.000000000000000 ) ;
#5850 = ORIENTED_EDGE ( 'NONE', *, *, #2467, .F. ) ;
#5851 = DIRECTION ( 'NONE',  ( -0.000000000000000000, -0.000000000000000000, -1.000000000000000000 ) ) ;
#5852 = DIRECTION ( 'NONE',  ( -1.000000000000000000, 0.000000000000000000, 0.000000000000000000 ) ) ;
#5853 = EDGE_CURVE ( 'NONE', #7112, #378, #1220, .T. ) ;
#5854 = VERTEX_POINT ( 'NONE', #5965 ) ;
#5855 = DIRECTION ( 'NONE',  ( 1.587125446138869267E-15, 1.000000000000000000, 0.000000000000000000 ) ) ;
#5856 = CARTESIAN_POINT ( 'NONE',  ( 2.095000000000000195, 0.8325000000000144507, 4.649999999999999467 ) ) ;
#5857 = AXIS2_PLACEMENT_3D ( 'NONE', #5753, #5206, #483 ) ;
#5858 = AXIS2_PLACEMENT_3D ( 'NONE', #6749, #7376, #4526 ) ;
#5859 = ADVANCED_FACE ( 'NONE', ( #3079 ), #5412, .T. ) ;
#5860 = ORIENTED_EDGE ( 'NONE', *, *, #2308, .F. ) ;
#5861 = ORIENTED_EDGE ( 'NONE', *, *, #5447, .F. ) ;
#5862 = DIRECTION ( 'NONE',  ( -0.000000000000000000, -0.000000000000000000, -1.000000000000000000 ) ) ;
#5863 = CARTESIAN_POINT ( 'NONE',  ( -2.339999999999970548, 0.8325000000000144507, 4.649999999999999467 ) ) ;
#5864 =( GEOMETRIC_REPRESENTATION_CONTEXT ( 3 ) GLOBAL_UNCERTAINTY_ASSIGNED_CONTEXT ( ( #1748 ) ) GLOBAL_UNIT_ASSIGNED_CONTEXT ( ( #4311, #6243, #4356 ) ) REPRESENTATION_CONTEXT ( 'NONE', 'WORKASPACE' ) );
#5865 = DIRECTION ( 'NONE',  ( -1.000000000000000000, 0.000000000000000000, 0.000000000000000000 ) ) ;
#5866 = DIRECTION ( 'NONE',  ( 0.000000000000000000, 0.000000000000000000, 1.000000000000000000 ) ) ;
#5867 = CARTESIAN_POINT ( 'NONE',  ( -2.164999999999999591, 0.2860014607077954740, 1.700000000000000178 ) ) ;
#5868 = EDGE_CURVE ( 'NONE', #3581, #3582, #4800, .T. ) ;
#5869 = VECTOR ( 'NONE', #4731, 1000.000000000000000 ) ;
#5870 = CARTESIAN_POINT ( 'NONE',  ( -2.165000000000000036, 0.8325000000000144507, 1.700000000000000178 ) ) ;
#5871 = DIRECTION ( 'NONE',  ( 0.06975647374412549673, 0.9975640502598243087, -0.000000000000000000 ) ) ;
#5872 = AXIS2_PLACEMENT_3D ( 'NONE', #3699, #4746, #4171 ) ;
#5873 = DIRECTION ( 'NONE',  ( -0.000000000000000000, -0.000000000000000000, -1.000000000000000000 ) ) ;
#5874 = CARTESIAN_POINT ( 'NONE',  ( -2.095000000000000195, 0.8325000000000144507, -3.380000000000000338 ) ) ;
#5875 = DIRECTION ( 'NONE',  ( 0.06975647374412549673, 0.9975640502598243087, -0.000000000000000000 ) ) ;
#5876 = DIRECTION ( 'NONE',  ( -0.000000000000000000, -0.000000000000000000, -1.000000000000000000 ) ) ;
#5877 = EDGE_CURVE ( 'NONE', #101, #6970, #30, .T. ) ;
#5878 = VERTEX_POINT ( 'NONE', #6678 ) ;
#5879 = PLANE ( 'NONE',  #4608 ) ;
#5880 = DIRECTION ( 'NONE',  ( 0.000000000000000000, 0.000000000000000000, 1.000000000000000000 ) ) ;
#5881 = ORIENTED_EDGE ( 'NONE', *, *, #6832, .T. ) ;
#5882 = DIRECTION ( 'NONE',  ( -0.000000000000000000, -0.000000000000000000, -1.000000000000000000 ) ) ;
#5883 = ORIENTED_EDGE ( 'NONE', *, *, #1231, .F. ) ;
#5884 = ADVANCED_FACE ( 'NONE', ( #3152 ), #3224, .F. ) ;
#5885 = CARTESIAN_POINT ( 'NONE',  ( 2.165000000000000036, 0.2860014607077954740, 2.109999999999999876 ) ) ;
#5886 = ORIENTED_EDGE ( 'NONE', *, *, #1092, .F. ) ;
#5887 = EDGE_LOOP ( 'NONE', ( #1215, #7416, #1016, #6341 ) ) ;
#5888 = ORIENTED_EDGE ( 'NONE', *, *, #4210, .T. ) ;
#5889 = CARTESIAN_POINT ( 'NONE',  ( -3.000000000000000000, 0.1745737087954402911, 3.379999999999999449 ) ) ;
#5890 = DIRECTION ( 'NONE',  ( 1.000000000000000000, -7.477256361968987358E-16, 0.000000000000000000 ) ) ;
#5891 = CARTESIAN_POINT ( 'NONE',  ( 2.165000000000000480, 0.8325000000000144507, -2.970000000000000639 ) ) ;
#5892 = DIRECTION ( 'NONE',  ( -0.000000000000000000, -0.000000000000000000, -1.000000000000000000 ) ) ;
#5893 = DIRECTION ( 'NONE',  ( -1.000000000000000000, 0.000000000000000000, 0.000000000000000000 ) ) ;
#5894 = ORIENTED_EDGE ( 'NONE', *, *, #151, .T. ) ;
#5895 = ORIENTED_EDGE ( 'NONE', *, *, #860, .T. ) ;
#5896 = CARTESIAN_POINT ( 'NONE',  ( 2.409999999999970832, 0.2860014607077954185, 2.109999999999999876 ) ) ;
#5897 = DIRECTION ( 'NONE',  ( -0.9975640502598241977, -0.06975647374412531632, -0.000000000000000000 ) ) ;
#5898 = LINE ( 'NONE', #5277, #2397 ) ;
#5899 = DIRECTION ( 'NONE',  ( -1.000000000000000000, 0.000000000000000000, 0.000000000000000000 ) ) ;
#5900 = DIRECTION ( 'NONE',  ( 0.000000000000000000, 0.000000000000000000, 1.000000000000000000 ) ) ;
#5901 = ADVANCED_FACE ( 'NONE', ( #4985 ), #313, .F. ) ;
#5902 = ORIENTED_EDGE ( 'NONE', *, *, #5466, .T. ) ;
#5903 = CARTESIAN_POINT ( 'NONE',  ( -0.6610000000000000320, 1.700000000000000178, -3.944999999999999840 ) ) ;
#5904 = EDGE_CURVE ( 'NONE', #5315, #6033, #6325, .T. ) ;
#5905 = EDGE_CURVE ( 'NONE', #304, #4881, #2059, .T. ) ;
#5906 = CARTESIAN_POINT ( 'NONE',  ( -2.095000000000000195, 1.077499999999984803, -0.8400000000000005240 ) ) ;
#5907 = CARTESIAN_POINT ( 'NONE',  ( -1.777812499193355933, 2.054023842890133178, -4.777812499193355933 ) ) ;
#5908 = DIRECTION ( 'NONE',  ( 0.000000000000000000, 0.000000000000000000, 1.000000000000000000 ) ) ;
#5909 = DIRECTION ( 'NONE',  ( 1.000000000000000000, 7.477256361968987358E-16, -0.000000000000000000 ) ) ;
#5910 = CARTESIAN_POINT ( 'NONE',  ( -2.095000000000000195, 1.077499999999984803, -0.4300000000000007150 ) ) ;
#5911 = EDGE_CURVE ( 'NONE', #2077, #2633, #677, .T. ) ;
#5912 = ORIENTED_EDGE ( 'NONE', *, *, #6738, .F. ) ;
#5913 = LINE ( 'NONE', #4794, #7187 ) ;
#5914 = CARTESIAN_POINT ( 'NONE',  ( 2.339999999999969660, 0.2860014607077954185, -0.4300000000000007150 ) ) ;
#5915 = CARTESIAN_POINT ( 'NONE',  ( -1.949999999999999956, 1.077499999999984803, -4.650000000000000355 ) ) ;
#5916 = VERTEX_POINT ( 'NONE', #7348 ) ;
#5917 = VERTEX_POINT ( 'NONE', #758 ) ;
#5918 = PRESENTATION_LAYER_ASSIGNMENT (  '', '', ( #2091 ) ) ;
#5919 = ADVANCED_FACE ( 'NONE', ( #1364 ), #2560, .F. ) ;
#5920 = PRESENTATION_STYLE_ASSIGNMENT (( #2344 ) ) ;
#5921 = VERTEX_POINT ( 'NONE', #206 ) ;
#5922 = ORIENTED_EDGE ( 'NONE', *, *, #131, .F. ) ;
#5923 = ORIENTED_EDGE ( 'NONE', *, *, #6226, .T. ) ;
#5924 = CARTESIAN_POINT ( 'NONE',  ( 2.987792617094780834, 5.421010862427522170E-16, 2.109999999999999876 ) ) ;
#5925 = CARTESIAN_POINT ( 'NONE',  ( 3.000000000000000000, 0.1745737087954402911, 4.649999999999999467 ) ) ;
#5926 = ORIENTED_EDGE ( 'NONE', *, *, #6093, .F. ) ;
#5927 = VECTOR ( 'NONE', #5391, 1000.000000000000000 ) ;
#5928 = ADVANCED_FACE ( 'NONE', ( #1481 ), #6184, .T. ) ;
#5929 = VECTOR ( 'NONE', #5441, 1000.000000000000000 ) ;
#5930 = DIRECTION ( 'NONE',  ( 0.000000000000000000, 0.000000000000000000, 1.000000000000000000 ) ) ;
#5931 = ADVANCED_FACE ( 'NONE', ( #1442 ), #3725, .F. ) ;
#5932 = CARTESIAN_POINT ( 'NONE',  ( 2.405117046837882633, 0.2161719771896072062, 0.4299999999999998268 ) ) ;
#5933 = AXIS2_PLACEMENT_3D ( 'NONE', #4186, #686, #536 ) ;
#5934 = ORIENTED_EDGE ( 'NONE', *, *, #7031, .F. ) ;
#5935 = ORIENTED_EDGE ( 'NONE', *, *, #7507, .T. ) ;
#5936 = CARTESIAN_POINT ( 'NONE',  ( -2.095000000000000195, 0.9025000000000142908, 0.4299999999999998268 ) ) ;
#5937 = VERTEX_POINT ( 'NONE', #4292 ) ;
#5938 = CARTESIAN_POINT ( 'NONE',  ( 2.165000000000000036, 0.2860014607077954740, -1.700000000000000622 ) ) ;
#5939 = DIRECTION ( 'NONE',  ( 1.000000000000000000, 1.587125446138869267E-15, -0.000000000000000000 ) ) ;
#5940 = CIRCLE ( 'NONE', #183, 0.3800000000000001155 ) ;
#5941 = DIRECTION ( 'NONE',  ( -0.000000000000000000, -0.000000000000000000, -1.000000000000000000 ) ) ;
#5942 = ADVANCED_FACE ( 'NONE', ( #2596 ), #6069, .T. ) ;
#5943 = VECTOR ( 'NONE', #3364, 1000.000000000000000 ) ;
#5944 = DIRECTION ( 'NONE',  ( 0.000000000000000000, -0.1736481776669273058, 0.9848077530122085754 ) ) ;
#5945 = FACE_OUTER_BOUND ( 'NONE', #4660, .T. ) ;
#5946 = DIRECTION ( 'NONE',  ( -0.000000000000000000, -0.000000000000000000, -1.000000000000000000 ) ) ;
#5947 = EDGE_CURVE ( 'NONE', #1560, #271, #4842, .T. ) ;
#5948 = FACE_OUTER_BOUND ( 'NONE', #7563, .T. ) ;
#5949 = CYLINDRICAL_SURFACE ( 'NONE', #6343, 0.2449999999999704914 ) ;
#5950 = CARTESIAN_POINT ( 'NONE',  ( 2.095000000000000195, 1.077499999999984803, 0.8399999999999996358 ) ) ;
#5951 = VECTOR ( 'NONE', #3527, 1000.000000000000000 ) ;
#5952 = ADVANCED_FACE ( 'NONE', ( #6757 ), #1401, .F. ) ;
#5953 = ORIENTED_EDGE ( 'NONE', *, *, #6608, .T. ) ;
#5954 = AXIS2_PLACEMENT_3D ( 'NONE', #1598, #3931, #2265 ) ;
#5955 = DIRECTION ( 'NONE',  ( -0.000000000000000000, -0.000000000000000000, -1.000000000000000000 ) ) ;
#5956 = CARTESIAN_POINT ( 'NONE',  ( 2.095000000000000195, 0.9025000000000146239, -2.110000000000000320 ) ) ;
#5957 = CARTESIAN_POINT ( 'NONE',  ( 2.339999999999970548, 0.8325000000000144507, 0.4299999999999998268 ) ) ;
#5958 = ORIENTED_EDGE ( 'NONE', *, *, #1326, .F. ) ;
#5959 = VECTOR ( 'NONE', #6212, 1000.000000000000000 ) ;
#5960 = AXIS2_PLACEMENT_3D ( 'NONE', #3692, #2019, #5565 ) ;
#5961 = FILL_AREA_STYLE ('',( #6530 ) ) ;
#5962 = ORIENTED_EDGE ( 'NONE', *, *, #5447, .T. ) ;
#5963 = ORIENTED_EDGE ( 'NONE', *, *, #7550, .T. ) ;
#5964 = ORIENTED_EDGE ( 'NONE', *, *, #1943, .T. ) ;
#5965 = CARTESIAN_POINT ( 'NONE',  ( 2.392909663932662134, 0.04159826839416821964, -0.8400000000000005240 ) ) ;
#5966 = CARTESIAN_POINT ( 'NONE',  ( 1.689999321670649923, 2.552037120097528256, -4.689999321670650367 ) ) ;
#5967 = CIRCLE ( 'NONE', #1286, 0.07000000000000018707 ) ;
#5968 = AXIS2_PLACEMENT_3D ( 'NONE', #4034, #4520, #5718 ) ;
#5969 = DIRECTION ( 'NONE',  ( -0.000000000000000000, -0.000000000000000000, -1.000000000000000000 ) ) ;
#5970 = CARTESIAN_POINT ( 'NONE',  ( 2.165000000000000036, 0.2860014607077954740, 1.700000000000000178 ) ) ;
#5971 = ADVANCED_FACE ( 'NONE', ( #1332 ), #6034, .T. ) ;
#5972 = AXIS2_PLACEMENT_3D ( 'NONE', #3701, #6652, #4916 ) ;
#5973 = EDGE_LOOP ( 'NONE', ( #6296, #2183, #4408, #5094 ) ) ;
#5974 = ORIENTED_EDGE ( 'NONE', *, *, #3788, .T. ) ;
#5975 = DIRECTION ( 'NONE',  ( -1.000000000000000000, 0.000000000000000000, 0.000000000000000000 ) ) ;
#5976 = CARTESIAN_POINT ( 'NONE',  ( 2.165000000000000480, 0.8325000000000144507, -4.240000000000001101 ) ) ;
#5977 = DIRECTION ( 'NONE',  ( -2.380688169208303900E-15, -1.000000000000000000, 0.000000000000000000 ) ) ;
#5978 = DIRECTION ( 'NONE',  ( -0.000000000000000000, -0.000000000000000000, -1.000000000000000000 ) ) ;
#5979 = VECTOR ( 'NONE', #1675, 1000.000000000000000 ) ;
#5980 = FACE_OUTER_BOUND ( 'NONE', #6649, .T. ) ;
#5981 = EDGE_CURVE ( 'NONE', #3860, #6926, #2759, .T. ) ;
#5982 = ORIENTED_EDGE ( 'NONE', *, *, #1110, .T. ) ;
#5983 =( GEOMETRIC_REPRESENTATION_CONTEXT ( 3 ) GLOBAL_UNCERTAINTY_ASSIGNED_CONTEXT ( ( #3917 ) ) GLOBAL_UNIT_ASSIGNED_CONTEXT ( ( #7064, #1201, #3428 ) ) REPRESENTATION_CONTEXT ( 'NONE', 'WORKASPACE' ) );
#5984 = DIRECTION ( 'NONE',  ( 0.9975640502598241977, 0.06975647374412548285, -0.000000000000000000 ) ) ;
#5985 = PLANE ( 'NONE',  #1787 ) ;
#5986 = DIRECTION ( 'NONE',  ( -1.000000000000000000, 0.000000000000000000, 0.000000000000000000 ) ) ;
#5987 = DIRECTION ( 'NONE',  ( -0.06975647374412290158, 0.9975640502598244197, 0.000000000000000000 ) ) ;
#5988 = AXIS2_PLACEMENT_3D ( 'NONE', #4980, #2485, #6031 ) ;
#5989 = VECTOR ( 'NONE', #7487, 1000.000000000000000 ) ;
#5990 = ORIENTED_EDGE ( 'NONE', *, *, #7592, .F. ) ;
#5991 = DIRECTION ( 'NONE',  ( -0.000000000000000000, -0.000000000000000000, -1.000000000000000000 ) ) ;
#5992 = ADVANCED_FACE ( 'NONE', ( #3798 ), #6146, .T. ) ;
#5993 = CARTESIAN_POINT ( 'NONE',  ( 2.095000000000000195, 1.077499999999984803, -2.970000000000000639 ) ) ;
#5994 = DIRECTION ( 'NONE',  ( -0.000000000000000000, -0.000000000000000000, -1.000000000000000000 ) ) ;
#5995 = ORIENTED_EDGE ( 'NONE', *, *, #3993, .F. ) ;
#5996 = EDGE_CURVE ( 'NONE', #5306, #205, #4611, .T. ) ;
#5997 = EDGE_LOOP ( 'NONE', ( #3074, #4400, #3230, #6116 ) ) ;
#5998 = DIRECTION ( 'NONE',  ( -1.000000000000000000, 0.000000000000000000, 0.000000000000000000 ) ) ;
#5999 = ORIENTED_EDGE ( 'NONE', *, *, #3756, .T. ) ;
#6000 = ORIENTED_EDGE ( 'NONE', *, *, #3827, .T. ) ;
#6001 = LINE ( 'NONE', #5297, #1496 ) ;
#6002 = LINE ( 'NONE', #2491, #879 ) ;
#6003 = EDGE_CURVE ( 'NONE', #6631, #6720, #4730, .T. ) ;
#6004 = LINE ( 'NONE', #6036, #3095 ) ;
#6005 = ORIENTED_EDGE ( 'NONE', *, *, #6357, .F. ) ;
#6006 = LINE ( 'NONE', #3083, #3739 ) ;
#6007 = VERTEX_POINT ( 'NONE', #2719 ) ;
#6008 = VERTEX_POINT ( 'NONE', #5642 ) ;
#6009 = CARTESIAN_POINT ( 'NONE',  ( -3.000000000000000000, 0.1745737087954402911, 2.109999999999999876 ) ) ;
#6010 = CARTESIAN_POINT ( 'NONE',  ( -1.949999999999999956, 1.077499999999984803, 0.8399999999999996358 ) ) ;
#6011 = EDGE_CURVE ( 'NONE', #6880, #5131, #1778, .T. ) ;
#6012 = CARTESIAN_POINT ( 'NONE',  ( 2.165000000000000036, 0.2860014607077954740, -2.110000000000000320 ) ) ;
#6013 = CARTESIAN_POINT ( 'NONE',  ( -2.409999999999970832, 0.2860014607077954185, -2.110000000000000320 ) ) ;
#6014 = SURFACE_STYLE_FILL_AREA ( #3674 ) ;
#6015 = ORIENTED_EDGE ( 'NONE', *, *, #6900, .F. ) ;
#6016 = CARTESIAN_POINT ( 'NONE',  ( 2.987792617094780834, 5.421010862427522170E-16, 0.8399999999999996358 ) ) ;
#6017 = EDGE_CURVE ( 'NONE', #6143, #881, #6882, .T. ) ;
#6018 = CARTESIAN_POINT ( 'NONE',  ( -2.095000000000000195, 0.8325000000000144507, -0.4300000000000007150 ) ) ;
#6019 = ADVANCED_FACE ( 'NONE', ( #2842 ), #2807, .T. ) ;
#6020 = DIRECTION ( 'NONE',  ( -0.000000000000000000, -0.000000000000000000, -1.000000000000000000 ) ) ;
#6021 = FACE_OUTER_BOUND ( 'NONE', #235, .T. ) ;
#6022 = ADVANCED_FACE ( 'NONE', ( #7544 ), #7425, .F. ) ;
#6023 = ORIENTED_EDGE ( 'NONE', *, *, #4554, .T. ) ;
#6024 = LINE ( 'NONE', #4865, #5463 ) ;
#6025 = PLANE ( 'NONE',  #5548 ) ;
#6026 = ORIENTED_EDGE ( 'NONE', *, *, #268, .F. ) ;
#6027 = DIRECTION ( 'NONE',  ( 0.9975640502598241977, -0.06975647374412548285, 0.000000000000000000 ) ) ;
#6028 = EDGE_CURVE ( 'NONE', #2808, #6340, #7503, .T. ) ;
#6029 = VECTOR ( 'NONE', #1646, 1000.000000000000000 ) ;
#6030 = VERTEX_POINT ( 'NONE', #1558 ) ;
#6031 = DIRECTION ( 'NONE',  ( -0.06975647374412290158, 0.9975640502598244197, 0.000000000000000000 ) ) ;
#6032 = ORIENTED_EDGE ( 'NONE', *, *, #4143, .T. ) ;
#6033 = VERTEX_POINT ( 'NONE', #4530 ) ;
#6034 = CYLINDRICAL_SURFACE ( 'NONE', #5575, 0.2449999999999704914 ) ;
#6035 = CARTESIAN_POINT ( 'NONE',  ( 2.392909663932662134, 0.04159826839416821964, 0.8399999999999996358 ) ) ;
#6036 = CARTESIAN_POINT ( 'NONE',  ( -3.000000000000000000, 0.1745737087954402911, -0.4300000000000007150 ) ) ;
#6037 = EDGE_CURVE ( 'NONE', #1795, #4621, #7309, .T. ) ;
#6038 = VECTOR ( 'NONE', #2888, 1000.000000000000000 ) ;
#6039 = DIRECTION ( 'NONE',  ( -0.06975647374412290158, -0.9975640502598244197, 0.000000000000000000 ) ) ;
#6040 = ADVANCED_FACE ( 'NONE', ( #3926 ), #2216, .F. ) ;
#6041 = ORIENTED_EDGE ( 'NONE', *, *, #7457, .T. ) ;
#6042 = ORIENTED_EDGE ( 'NONE', *, *, #6247, .F. ) ;
#6043 = AXIS2_PLACEMENT_3D ( 'NONE', #6784, #6288, #7578 ) ;
#6044 = DIRECTION ( 'NONE',  ( 0.000000000000000000, 0.000000000000000000, 1.000000000000000000 ) ) ;
#6045 = DIRECTION ( 'NONE',  ( -0.000000000000000000, -0.000000000000000000, -1.000000000000000000 ) ) ;
#6046 = CARTESIAN_POINT ( 'NONE',  ( -2.392909663932662134, 0.04159826839416762290, -0.4300000000000007150 ) ) ;
#6047 = PLANE ( 'NONE',  #676 ) ;
#6048 = VECTOR ( 'NONE', #109, 1000.000000000000114 ) ;
#6049 = EDGE_CURVE ( 'NONE', #6528, #7007, #3337, .T. ) ;
#6050 = ORIENTED_EDGE ( 'NONE', *, *, #4008, .T. ) ;
#6051 = CARTESIAN_POINT ( 'NONE',  ( -1.949999999999999956, 1.077499999999984803, 4.950000000000000178 ) ) ;
#6052 = CIRCLE ( 'NONE', #4104, 0.07000000000000018707 ) ;
#6053 = CARTESIAN_POINT ( 'NONE',  ( 2.095000000000000195, 1.077499999999984803, -0.4300000000000007150 ) ) ;
#6054 = LINE ( 'NONE', #4789, #577 ) ;
#6055 = CARTESIAN_POINT ( 'NONE',  ( -3.000000000000000000, 0.1745737087954402911, 2.109999999999999876 ) ) ;
#6056 = ORIENTED_EDGE ( 'NONE', *, *, #3451, .F. ) ;
#6057 = EDGE_CURVE ( 'NONE', #6033, #29, #4445, .T. ) ;
#6058 = AXIS2_PLACEMENT_3D ( 'NONE', #2549, #7147, #3646 ) ;
#6059 = ADVANCED_FACE ( 'NONE', ( #5142 ), #4565, .F. ) ;
#6060 = CARTESIAN_POINT ( 'NONE',  ( -2.165000000000000036, 0.8325000000000144507, -2.970000000000000639 ) ) ;
#6061 = AXIS2_PLACEMENT_3D ( 'NONE', #7029, #3497, #5837 ) ;
#6062 = DIRECTION ( 'NONE',  ( 1.000000000000000000, 7.477256361968987358E-16, -0.000000000000000000 ) ) ;
#6063 = DIRECTION ( 'NONE',  ( 0.9975640502598241977, -0.06975647374412531632, 0.000000000000000000 ) ) ;
#6064 = VECTOR ( 'NONE', #3276, 1000.000000000000000 ) ;
#6065 = EDGE_CURVE ( 'NONE', #2925, #4585, #423, .T. ) ;
#6066 = CARTESIAN_POINT ( 'NONE',  ( -2.165000000000000480, 0.8325000000000144507, -0.8400000000000005240 ) ) ;
#6067 = ORIENTED_EDGE ( 'NONE', *, *, #2378, .T. ) ;
#6068 = VERTEX_POINT ( 'NONE', #6342 ) ;
#6069 = PLANE ( 'NONE',  #6807 ) ;
#6070 = LINE ( 'NONE', #5643, #1736 ) ;
#6071 = VERTEX_POINT ( 'NONE', #1064 ) ;
#6072 = AXIS2_PLACEMENT_3D ( 'NONE', #211, #3589, #7099 ) ;
#6073 = VECTOR ( 'NONE', #6171, 1000.000000000000000 ) ;
#6074 = CARTESIAN_POINT ( 'NONE',  ( 2.095000000000000195, 0.9025000000000146239, -1.700000000000000622 ) ) ;
#6075 = EDGE_CURVE ( 'NONE', #519, #1306, #6297, .T. ) ;
#6076 = VERTEX_POINT ( 'NONE', #6221 ) ;
#6077 = AXIS2_PLACEMENT_3D ( 'NONE', #126, #2985, #3572 ) ;
#6078 = EDGE_LOOP ( 'NONE', ( #1327, #6997, #4183, #6032 ) ) ;
#6079 = DIRECTION ( 'NONE',  ( 1.000000000000000000, 7.477256361968987358E-16, -0.000000000000000000 ) ) ;
#6080 = DIRECTION ( 'NONE',  ( -1.000000000000000000, 0.000000000000000000, 0.000000000000000000 ) ) ;
#6081 = CARTESIAN_POINT ( 'NONE',  ( 2.095000000000000195, 1.077499999999984803, -2.970000000000000639 ) ) ;
#6082 = DIRECTION ( 'NONE',  ( 0.000000000000000000, -0.000000000000000000, -1.000000000000000000 ) ) ;
#6083 = CARTESIAN_POINT ( 'NONE',  ( -2.405117046837882633, 0.2161719771896077891, -4.240000000000001101 ) ) ;
#6084 = ADVANCED_FACE ( 'NONE', ( #946 ), #1594, .F. ) ;
#6085 =( NAMED_UNIT ( * ) PLANE_ANGLE_UNIT ( ) SI_UNIT ( $, .RADIAN. ) );
#6086 = VECTOR ( 'NONE', #1503, 1000.000000000000000 ) ;
#6087 = VECTOR ( 'NONE', #5739, 1000.000000000000000 ) ;
#6088 = ORIENTED_EDGE ( 'NONE', *, *, #6525, .T. ) ;
#6089 = ORIENTED_EDGE ( 'NONE', *, *, #4287, .F. ) ;
#6090 = CARTESIAN_POINT ( 'NONE',  ( 2.392909663932662134, 0.04159826839416821964, -1.700000000000000622 ) ) ;
#6091 = AXIS2_PLACEMENT_3D ( 'NONE', #2938, #4740, #2903 ) ;
#6092 = DIRECTION ( 'NONE',  ( -0.9975640502598244197, 0.06975647374412290158, 0.000000000000000000 ) ) ;
#6093 = EDGE_CURVE ( 'NONE', #5092, #5108, #2303, .T. ) ;
#6094 = ADVANCED_FACE ( 'NONE', ( #1212 ), #4222, .F. ) ;
#6095 = CARTESIAN_POINT ( 'NONE',  ( 2.165000000000000480, 0.8325000000000144507, 0.8399999999999996358 ) ) ;
#6096 = DIRECTION ( 'NONE',  ( 0.9975640502598244197, 0.06975647374412290158, -0.000000000000000000 ) ) ;
#6097 = VECTOR ( 'NONE', #7298, 1000.000000000000000 ) ;
#6098 = EDGE_LOOP ( 'NONE', ( #4586, #1466, #6452, #5114 ) ) ;
#6099 = DIRECTION ( 'NONE',  ( -0.000000000000000000, -0.000000000000000000, 1.000000000000000000 ) ) ;
#6100 = DIRECTION ( 'NONE',  ( 1.000000000000000000, 0.000000000000000000, 0.000000000000000000 ) ) ;
#6101 = COLOUR_RGB ( '',0.7921568627450980005, 0.8196078431372548767, 0.9333333333333333481 ) ;
#6102 = DIRECTION ( 'NONE',  ( -1.587125446138869267E-15, -1.000000000000000000, 0.000000000000000000 ) ) ;
#6103 = DIRECTION ( 'NONE',  ( 1.000000000000000000, -7.477256361968987358E-16, 0.000000000000000000 ) ) ;
#6104 = DIRECTION ( 'NONE',  ( 0.000000000000000000, -1.000000000000000000, 0.000000000000000000 ) ) ;
#6105 = VECTOR ( 'NONE', #2361, 1000.000000000000227 ) ;
#6106 = ORIENTED_EDGE ( 'NONE', *, *, #2690, .T. ) ;
#6107 = CARTESIAN_POINT ( 'NONE',  ( 2.095000000000000195, 0.9025000000000146239, 1.700000000000000178 ) ) ;
#6108 = EDGE_LOOP ( 'NONE', ( #476, #1566, #1921, #5031 ) ) ;
#6109 = ORIENTED_EDGE ( 'NONE', *, *, #2482, .F. ) ;
#6110 = ORIENTED_EDGE ( 'NONE', *, *, #6939, .T. ) ;
#6111 = DIRECTION ( 'NONE',  ( -0.000000000000000000, -0.000000000000000000, -1.000000000000000000 ) ) ;
#6112 = FACE_OUTER_BOUND ( 'NONE', #6640, .T. ) ;
#6113 = VECTOR ( 'NONE', #4640, 1000.000000000000000 ) ;
#6114 = EDGE_CURVE ( 'NONE', #7421, #1228, #5257, .T. ) ;
#6115 = DIRECTION ( 'NONE',  ( 0.9975640502598241977, -0.06975647374412548285, 0.000000000000000000 ) ) ;
#6116 = ORIENTED_EDGE ( 'NONE', *, *, #6561, .T. ) ;
#6117 = ORIENTED_EDGE ( 'NONE', *, *, #4736, .T. ) ;
#6118 = LINE ( 'NONE', #5502, #4162 ) ;
#6119 = FACE_OUTER_BOUND ( 'NONE', #4231, .T. ) ;
#6120 = CARTESIAN_POINT ( 'NONE',  ( -2.095000000000000195, 1.077499999999984803, 3.379999999999999449 ) ) ;
#6121 = LINE ( 'NONE', #772, #1910 ) ;
#6122 = CARTESIAN_POINT ( 'NONE',  ( -2.987792617094780834, 5.421010862427522170E-16, -0.8400000000000005240 ) ) ;
#6123 = ORIENTED_EDGE ( 'NONE', *, *, #3219, .T. ) ;
#6124 = DIRECTION ( 'NONE',  ( -0.000000000000000000, -0.000000000000000000, -1.000000000000000000 ) ) ;
#6125 = VERTEX_POINT ( 'NONE', #2447 ) ;
#6126 = ORIENTED_EDGE ( 'NONE', *, *, #2810, .F. ) ;
#6127 = EDGE_CURVE ( 'NONE', #5801, #6030, #645, .T. ) ;
#6128 = CARTESIAN_POINT ( 'NONE',  ( -2.095000000000000195, 1.077499999999984803, -4.650000000000000355 ) ) ;
#6129 = CARTESIAN_POINT ( 'NONE',  ( 2.987792617094780834, 5.421010862427522170E-16, -3.380000000000000338 ) ) ;
#6130 = DIRECTION ( 'NONE',  ( -0.000000000000000000, -0.000000000000000000, -1.000000000000000000 ) ) ;
#6131 = FACE_OUTER_BOUND ( 'NONE', #352, .T. ) ;
#6132 = ADVANCED_FACE ( 'NONE', ( #3036 ), #5879, .T. ) ;
#6133 = EDGE_CURVE ( 'NONE', #6374, #6490, #3247, .T. ) ;
#6134 = DIRECTION ( 'NONE',  ( -7.477256361968987358E-16, 1.000000000000000000, 0.000000000000000000 ) ) ;
#6135 = CARTESIAN_POINT ( 'NONE',  ( 1.949999999999999956, 1.077499999999984803, 2.109999999999999876 ) ) ;
#6136 = DIRECTION ( 'NONE',  ( 0.9975640502598241977, 0.06975647374412548285, -0.000000000000000000 ) ) ;
#6137 = ORIENTED_EDGE ( 'NONE', *, *, #2794, .F. ) ;
#6138 = CARTESIAN_POINT ( 'NONE',  ( -3.000000000000000000, 0.1745737087954402911, -2.110000000000000320 ) ) ;
#6139 = DIRECTION ( 'NONE',  ( 0.06975647374412288770, 0.9975640502598244197, 0.000000000000000000 ) ) ;
#6140 = ORIENTED_EDGE ( 'NONE', *, *, #1274, .F. ) ;
#6141 = ADVANCED_FACE ( 'NONE', ( #4116 ), #7586, .T. ) ;
#6142 = CARTESIAN_POINT ( 'NONE',  ( -2.392909663932662134, 0.04159826839416762290, -0.8400000000000005240 ) ) ;
#6143 = VERTEX_POINT ( 'NONE', #4652 ) ;
#6144 = ORIENTED_EDGE ( 'NONE', *, *, #1866, .F. ) ;
#6145 = ORIENTED_EDGE ( 'NONE', *, *, #5422, .F. ) ;
#6146 = CYLINDRICAL_SURFACE ( 'NONE', #3507, 0.2449999999999709355 ) ;
#6147 = ORIENTED_EDGE ( 'NONE', *, *, #4970, .T. ) ;
#6148 = LINE ( 'NONE', #3155, #1030 ) ;
#6149 = EDGE_CURVE ( 'NONE', #5765, #2319, #3375, .T. ) ;
#6150 = ORIENTED_EDGE ( 'NONE', *, *, #590, .F. ) ;
#6151 = ORIENTED_EDGE ( 'NONE', *, *, #2948, .F. ) ;
#6152 = ADVANCED_FACE ( 'NONE', ( #1716 ), #4076, .F. ) ;
#6153 = LINE ( 'NONE', #4298, #1730 ) ;
#6154 = FACE_OUTER_BOUND ( 'NONE', #3339, .T. ) ;
#6155 = CARTESIAN_POINT ( 'NONE',  ( -2.339999999999969660, 0.2860014607077954185, -4.650000000000000355 ) ) ;
#6156 = AXIS2_PLACEMENT_3D ( 'NONE', #4165, #7163, #1336 ) ;
#6157 = CARTESIAN_POINT ( 'NONE',  ( 3.000000000000000000, 0.1745737087954402911, 0.4299999999999998268 ) ) ;
#6158 = CARTESIAN_POINT ( 'NONE',  ( 1.949999999999999956, 0.9025000000000144018, -2.970000000000000639 ) ) ;
#6159 = FILL_AREA_STYLE ('',( #7360 ) ) ;
#6160 = ORIENTED_EDGE ( 'NONE', *, *, #979, .T. ) ;
#6161 = DIRECTION ( 'NONE',  ( -0.7016738431598635861, -0.7016738431598635861, -0.1237240302064813446 ) ) ;
#6162 = DIRECTION ( 'NONE',  ( -2.380688169208303900E-15, 1.000000000000000000, -0.000000000000000000 ) ) ;
#6163 = ORIENTED_EDGE ( 'NONE', *, *, #4032, .F. ) ;
#6164 = FACE_OUTER_BOUND ( 'NONE', #1545, .T. ) ;
#6165 = SURFACE_STYLE_USAGE ( .BOTH. , #7330 ) ;
#6166 = DIRECTION ( 'NONE',  ( -0.000000000000000000, -0.000000000000000000, -1.000000000000000000 ) ) ;
#6167 = ADVANCED_FACE ( 'NONE', ( #7121 ), #1134, .F. ) ;
#6168 = ORIENTED_EDGE ( 'NONE', *, *, #4235, .T. ) ;
#6169 = AXIS2_PLACEMENT_3D ( 'NONE', #4344, #3424, #921 ) ;
#6170 = EDGE_CURVE ( 'NONE', #368, #5256, #3544, .T. ) ;
#6171 = DIRECTION ( 'NONE',  ( -2.380688169208303900E-15, -1.000000000000000000, 0.000000000000000000 ) ) ;
#6172 = DIRECTION ( 'NONE',  ( -0.000000000000000000, -0.000000000000000000, -1.000000000000000000 ) ) ;
#6173 = DIRECTION ( 'NONE',  ( 0.06975647374412288770, 0.9975640502598244197, 0.000000000000000000 ) ) ;
#6174 = VERTEX_POINT ( 'NONE', #2956 ) ;
#6175 = DIRECTION ( 'NONE',  ( -0.000000000000000000, -0.000000000000000000, -1.000000000000000000 ) ) ;
#6176 = VERTEX_POINT ( 'NONE', #3577 ) ;
#6177 = CARTESIAN_POINT ( 'NONE',  ( 2.405117046837882633, 0.2161719771896072062, -0.4300000000000007150 ) ) ;
#6178 = AXIS2_PLACEMENT_3D ( 'NONE', #7227, #1358, #3755 ) ;
#6179 = EDGE_CURVE ( 'NONE', #4296, #7591, #5913, .T. ) ;
#6180 = CLOSED_SHELL ( 'NONE', ( #6141, #2840, #7263, #5042, #5754, #3310, #3354, #6294, #3482, #2671, #312, #5919, #1424, #2092 ) ) ;
#6181 = DIRECTION ( 'NONE',  ( 0.9975640502598241977, 0.06975647374412531632, 0.000000000000000000 ) ) ;
#6182 = ORIENTED_EDGE ( 'NONE', *, *, #340, .T. ) ;
#6183 = VECTOR ( 'NONE', #6408, 1000.000000000000000 ) ;
#6184 = CYLINDRICAL_SURFACE ( 'NONE', #786, 0.2449999999999704914 ) ;
#6185 = CARTESIAN_POINT ( 'NONE',  ( -2.987792617094780834, 5.421010862427522170E-16, -0.4300000000000007150 ) ) ;
#6186 = ADVANCED_FACE ( 'NONE', ( #7036 ), #56, .F. ) ;
#6187 = CARTESIAN_POINT ( 'NONE',  ( -1.949999999999999956, 0.9025000000000144018, 4.649999999999999467 ) ) ;
#6188 =( GEOMETRIC_REPRESENTATION_CONTEXT ( 3 ) GLOBAL_UNCERTAINTY_ASSIGNED_CONTEXT ( ( #6994 ) ) GLOBAL_UNIT_ASSIGNED_CONTEXT ( ( #3165, #6550, #121 ) ) REPRESENTATION_CONTEXT ( 'NONE', 'WORKASPACE' ) );
#6189 = VERTEX_POINT ( 'NONE', #4151 ) ;
#6190 = ORIENTED_EDGE ( 'NONE', *, *, #4168, .F. ) ;
#6191 = CARTESIAN_POINT ( 'NONE',  ( -2.339999999999970548, 0.8325000000000144507, 0.8399999999999996358 ) ) ;
#6192 = DIRECTION ( 'NONE',  ( 0.06975647374412288770, 0.9975640502598244197, 0.000000000000000000 ) ) ;
#6193 = AXIS2_PLACEMENT_3D ( 'NONE', #1192, #2939, #1076 ) ;
#6194 = AXIS2_PLACEMENT_3D ( 'NONE', #608, #1289, #4761 ) ;
#6195 = DIRECTION ( 'NONE',  ( -0.9975640502598241977, 0.06975647374412531632, 0.000000000000000000 ) ) ;
#6196 = CARTESIAN_POINT ( 'NONE',  ( -2.392909663932662134, 0.04159826839416762290, 0.8399999999999996358 ) ) ;
#6197 = EDGE_CURVE ( 'NONE', #6648, #428, #5212, .T. ) ;
#6198 = CARTESIAN_POINT ( 'NONE',  ( 2.392909663932662134, 0.04159826839416821964, 2.109999999999999876 ) ) ;
#6199 = AXIS2_PLACEMENT_3D ( 'NONE', #301, #2631, #4972 ) ;
#6200 = VECTOR ( 'NONE', #3604, 1000.000000000000114 ) ;
#6201 = ORIENTED_EDGE ( 'NONE', *, *, #3023, .F. ) ;
#6202 = CARTESIAN_POINT ( 'NONE',  ( 3.000000000000000000, 0.1745737087954402911, 0.8399999999999996358 ) ) ;
#6203 = FACE_OUTER_BOUND ( 'NONE', #357, .T. ) ;
#6204 = VERTEX_POINT ( 'NONE', #4184 ) ;
#6205 = LINE ( 'NONE', #3243, #1402 ) ;
#6206 = CARTESIAN_POINT ( 'NONE',  ( -2.409999999999970832, 0.2860014607077954185, -0.8400000000000005240 ) ) ;
#6207 = LINE ( 'NONE', #6702, #1264 ) ;
#6208 = ADVANCED_FACE ( 'NONE', ( #6524 ), #1249, .F. ) ;
#6209 = VERTEX_POINT ( 'NONE', #3105 ) ;
#6210 = AXIS2_PLACEMENT_3D ( 'NONE', #3350, #5191, #2694 ) ;
#6211 = FACE_OUTER_BOUND ( 'NONE', #4454, .T. ) ;
#6212 = DIRECTION ( 'NONE',  ( 0.000000000000000000, -0.000000000000000000, 1.000000000000000000 ) ) ;
#6213 = DIRECTION ( 'NONE',  ( -0.000000000000000000, -0.000000000000000000, -1.000000000000000000 ) ) ;
#6214 = VERTEX_POINT ( 'NONE', #1939 ) ;
#6215 = FACE_OUTER_BOUND ( 'NONE', #2666, .T. ) ;
#6216 = PLANE ( 'NONE',  #2488 ) ;
#6217 = ORIENTED_EDGE ( 'NONE', *, *, #1926, .F. ) ;
#6218 = CIRCLE ( 'NONE', #813, 0.2449999999999704914 ) ;
#6219 = ORIENTED_EDGE ( 'NONE', *, *, #4097, .F. ) ;
#6220 = ORIENTED_EDGE ( 'NONE', *, *, #1670, .T. ) ;
#6221 = CARTESIAN_POINT ( 'NONE',  ( -2.165000000000000036, 0.8325000000000144507, 2.969999999999999751 ) ) ;
#6222 = DIRECTION ( 'NONE',  ( 1.000000000000000000, 0.000000000000000000, 0.000000000000000000 ) ) ;
#6223 = ORIENTED_EDGE ( 'NONE', *, *, #1769, .T. ) ;
#6224 = LINE ( 'NONE', #4495, #1891 ) ;
#6225 = VECTOR ( 'NONE', #830, 1000.000000000000000 ) ;
#6226 = EDGE_CURVE ( 'NONE', #1236, #6204, #3712, .T. ) ;
#6227 = SURFACE_STYLE_USAGE ( .BOTH. , #3892 ) ;
#6228 = VERTEX_POINT ( 'NONE', #262 ) ;
#6229 = ORIENTED_EDGE ( 'NONE', *, *, #4814, .T. ) ;
#6230 = DIRECTION ( 'NONE',  ( -0.000000000000000000, -0.000000000000000000, -1.000000000000000000 ) ) ;
#6231 = DIRECTION ( 'NONE',  ( -0.000000000000000000, -0.000000000000000000, -1.000000000000000000 ) ) ;
#6232 = AXIS2_PLACEMENT_3D ( 'NONE', #5896, #1924, #4136 ) ;
#6233 = CARTESIAN_POINT ( 'NONE',  ( -2.405117046837882633, 0.2161719771896077891, -1.700000000000000622 ) ) ;
#6234 = DIRECTION ( 'NONE',  ( -1.587125446138869267E-15, -1.000000000000000000, 0.000000000000000000 ) ) ;
#6235 = PLANE ( 'NONE',  #5304 ) ;
#6236 = LINE ( 'NONE', #878, #3727 ) ;
#6237 = EDGE_CURVE ( 'NONE', #1143, #7422, #7438, .T. ) ;
#6238 = VERTEX_POINT ( 'NONE', #6060 ) ;
#6239 = DIRECTION ( 'NONE',  ( -0.000000000000000000, -0.000000000000000000, -1.000000000000000000 ) ) ;
#6240 = CARTESIAN_POINT ( 'NONE',  ( 2.339999999999969660, 0.2860014607077954185, -1.700000000000000622 ) ) ;
#6241 = EDGE_LOOP ( 'NONE', ( #2353, #2014, #7058, #5902 ) ) ;
#6242 = LINE ( 'NONE', #2742, #443 ) ;
#6243 =( NAMED_UNIT ( * ) PLANE_ANGLE_UNIT ( ) SI_UNIT ( $, .RADIAN. ) );
#6244 = DIRECTION ( 'NONE',  ( 0.7071067811865475727, -0.7071067811865475727, 0.000000000000000000 ) ) ;
#6245 = ORIENTED_EDGE ( 'NONE', *, *, #3314, .T. ) ;
#6246 = ORIENTED_EDGE ( 'NONE', *, *, #5585, .T. ) ;
#6247 = EDGE_CURVE ( 'NONE', #6214, #1143, #2630, .T. ) ;
#6248 = ADVANCED_FACE ( 'NONE', ( #6745 ), #5439, .F. ) ;
#6249 = CYLINDRICAL_SURFACE ( 'NONE', #1784, 0.2449999999999709355 ) ;
#6250 = CARTESIAN_POINT ( 'NONE',  ( -2.392909663932662134, 0.04159826839416821964, -0.8400000000000005240 ) ) ;
#6251 = ORIENTED_EDGE ( 'NONE', *, *, #1633, .F. ) ;
#6252 = DIRECTION ( 'NONE',  ( -0.1710878697460326003, -0.9702875252478149193, -0.1710878697460326003 ) ) ;
#6253 = ORIENTED_EDGE ( 'NONE', *, *, #6837, .T. ) ;
#6254 = DIRECTION ( 'NONE',  ( -0.000000000000000000, -0.000000000000000000, -1.000000000000000000 ) ) ;
#6255 = DIRECTION ( 'NONE',  ( -1.000000000000000000, 7.477256361968987358E-16, 0.000000000000000000 ) ) ;
#6256 = EDGE_LOOP ( 'NONE', ( #2495, #5934, #1142, #3630 ) ) ;
#6257 = ORIENTED_EDGE ( 'NONE', *, *, #961, .F. ) ;
#6258 = VERTEX_POINT ( 'NONE', #7188 ) ;
#6259 = ORIENTED_EDGE ( 'NONE', *, *, #3647, .T. ) ;
#6260 = DIRECTION ( 'NONE',  ( 0.000000000000000000, -1.000000000000000000, 0.000000000000000000 ) ) ;
#6261 = LINE ( 'NONE', #7471, #5542 ) ;
#6262 = ORIENTED_EDGE ( 'NONE', *, *, #2599, .T. ) ;
#6263 = ORIENTED_EDGE ( 'NONE', *, *, #2803, .T. ) ;
#6264 = ORIENTED_EDGE ( 'NONE', *, *, #3823, .T. ) ;
#6265 = DIRECTION ( 'NONE',  ( -0.000000000000000000, -0.000000000000000000, -1.000000000000000000 ) ) ;
#6266 = EDGE_CURVE ( 'NONE', #2141, #6450, #3143, .T. ) ;
#6267 = EDGE_LOOP ( 'NONE', ( #3782, #65, #6326, #1908 ) ) ;
#6268 = ORIENTED_EDGE ( 'NONE', *, *, #2009, .F. ) ;
#6269 = DIRECTION ( 'NONE',  ( -0.06975647374412549673, 0.9975640502598243087, 0.000000000000000000 ) ) ;
#6270 = CYLINDRICAL_SURFACE ( 'NONE', #6910, 0.2449999999999709355 ) ;
#6271 = EDGE_CURVE ( 'NONE', #1194, #2518, #3071, .T. ) ;
#6272 = PRESENTATION_STYLE_ASSIGNMENT (( #7481 ) ) ;
#6273 = VERTEX_POINT ( 'NONE', #6706 ) ;
#6274 = PLANE ( 'NONE',  #4622 ) ;
#6275 = EDGE_CURVE ( 'NONE', #5315, #4793, #6024, .T. ) ;
#6276 = ORIENTED_EDGE ( 'NONE', *, *, #5403, .T. ) ;
#6277 = DIRECTION ( 'NONE',  ( 0.000000000000000000, 0.000000000000000000, 1.000000000000000000 ) ) ;
#6278 = CARTESIAN_POINT ( 'NONE',  ( -2.987792617094780834, 5.421010862427522170E-16, -0.4300000000000007150 ) ) ;
#6279 = ORIENTED_EDGE ( 'NONE', *, *, #4783, .F. ) ;
#6280 = DIRECTION ( 'NONE',  ( -0.000000000000000000, -0.000000000000000000, -1.000000000000000000 ) ) ;
#6281 = DIRECTION ( 'NONE',  ( 1.000000000000000000, 0.000000000000000000, -0.000000000000000000 ) ) ;
#6282 = CARTESIAN_POINT ( 'NONE',  ( -1.866685501615249265, 1.550000000000000488, 4.866685501615249265 ) ) ;
#6283 =( GEOMETRIC_REPRESENTATION_CONTEXT ( 3 ) GLOBAL_UNCERTAINTY_ASSIGNED_CONTEXT ( ( #2125 ) ) GLOBAL_UNIT_ASSIGNED_CONTEXT ( ( #5106, #2218, #6344 ) ) REPRESENTATION_CONTEXT ( 'NONE', 'WORKASPACE' ) );
#6284 = ORIENTED_EDGE ( 'NONE', *, *, #2704, .F. ) ;
#6285 = CARTESIAN_POINT ( 'NONE',  ( 2.405117046837882633, 0.2161719771896072062, -4.240000000000001101 ) ) ;
#6286 = AXIS2_PLACEMENT_3D ( 'NONE', #1790, #4109, #4146 ) ;
#6287 = LINE ( 'NONE', #6404, #3512 ) ;
#6288 = DIRECTION ( 'NONE',  ( 0.000000000000000000, 0.000000000000000000, 1.000000000000000000 ) ) ;
#6289 = LINE ( 'NONE', #2836, #334 ) ;
#6290 = DIRECTION ( 'NONE',  ( 0.9975640502598241977, 0.06975647374412548285, -0.000000000000000000 ) ) ;
#6291 = EDGE_CURVE ( 'NONE', #4444, #7169, #1906, .T. ) ;
#6292 = EDGE_LOOP ( 'NONE', ( #2451, #1114, #1701, #733 ) ) ;
#6293 = VECTOR ( 'NONE', #1991, 1000.000000000000000 ) ;
#6294 = ADVANCED_FACE ( 'NONE', ( #161 ), #748, .F. ) ;
#6295 = ORIENTED_EDGE ( 'NONE', *, *, #1335, .F. ) ;
#6296 = ORIENTED_EDGE ( 'NONE', *, *, #4518, .T. ) ;
#6297 = LINE ( 'NONE', #5103, #3631 ) ;
#6298 = VECTOR ( 'NONE', #6290, 1000.000000000000227 ) ;
#6299 = FILL_AREA_STYLE_COLOUR ( '', #4922 ) ;
#6300 = ORIENTED_EDGE ( 'NONE', *, *, #3957, .F. ) ;
#6301 = ORIENTED_EDGE ( 'NONE', *, *, #7555, .T. ) ;
#6302 = LINE ( 'NONE', #4569, #2758 ) ;
#6303 = VECTOR ( 'NONE', #3608, 1000.000000000000114 ) ;
#6304 = CIRCLE ( 'NONE', #1245, 0.2449999999999709355 ) ;
#6305 = ORIENTED_EDGE ( 'NONE', *, *, #6868, .F. ) ;
#6306 = ORIENTED_EDGE ( 'NONE', *, *, #5466, .F. ) ;
#6307 = CARTESIAN_POINT ( 'NONE',  ( 2.339999999999970548, 0.8325000000000144507, 0.8399999999999996358 ) ) ;
#6308 = FACE_OUTER_BOUND ( 'NONE', #4005, .T. ) ;
#6309 = LINE ( 'NONE', #2227, #915 ) ;
#6310 = EDGE_LOOP ( 'NONE', ( #279, #6901, #5178, #5735 ) ) ;
#6311 = CARTESIAN_POINT ( 'NONE',  ( -1.949999999999999956, 1.077499999999984803, 0.4299999999999998268 ) ) ;
#6312 = AXIS2_PLACEMENT_3D ( 'NONE', #4667, #1652, #1112 ) ;
#6313 = CARTESIAN_POINT ( 'NONE',  ( -2.165000000000000036, 0.8325000000000144507, 3.379999999999999449 ) ) ;
#6314 = EDGE_CURVE ( 'NONE', #574, #897, #232, .T. ) ;
#6315 = ORIENTED_EDGE ( 'NONE', *, *, #33, .T. ) ;
#6316 = AXIS2_PLACEMENT_3D ( 'NONE', #3627, #3054, #4773 ) ;
#6317 = LINE ( 'NONE', #3240, #6420 ) ;
#6318 = CARTESIAN_POINT ( 'NONE',  ( -2.987792617094780834, 5.421010862427522170E-16, 2.969999999999999751 ) ) ;
#6319 = ORIENTED_EDGE ( 'NONE', *, *, #6587, .F. ) ;
#6320 = ADVANCED_FACE ( 'NONE', ( #1355 ), #2476, .F. ) ;
#6321 = DIRECTION ( 'NONE',  ( -0.000000000000000000, -0.000000000000000000, -1.000000000000000000 ) ) ;
#6322 = CARTESIAN_POINT ( 'NONE',  ( -1.949999999999999956, 1.077499999999984803, -2.970000000000000639 ) ) ;
#6323 = CARTESIAN_POINT ( 'NONE',  ( 2.095000000000000195, 0.8325000000000144507, -2.970000000000000639 ) ) ;
#6324 = AXIS2_PLACEMENT_3D ( 'NONE', #3251, #1967, #6100 ) ;
#6325 = CIRCLE ( 'NONE', #7564, 0.2449999999999704914 ) ;
#6326 = ORIENTED_EDGE ( 'NONE', *, *, #2550, .F. ) ;
#6327 = CARTESIAN_POINT ( 'NONE',  ( 2.409999999999970832, 0.2860014607077954185, -2.970000000000000639 ) ) ;
#6328 = EDGE_CURVE ( 'NONE', #3324, #1623, #6604, .T. ) ;
#6329 = AXIS2_PLACEMENT_3D ( 'NONE', #7248, #369, #3785 ) ;
#6330 = EDGE_CURVE ( 'NONE', #3576, #5646, #7443, .T. ) ;
#6331 = VECTOR ( 'NONE', #4716, 1000.000000000000000 ) ;
#6332 = DIRECTION ( 'NONE',  ( 0.000000000000000000, -0.000000000000000000, -1.000000000000000000 ) ) ;
#6333 = DIRECTION ( 'NONE',  ( -0.000000000000000000, -0.000000000000000000, -1.000000000000000000 ) ) ;
#6334 = DIRECTION ( 'NONE',  ( 0.9975640502598241977, -0.06975647374412531632, 0.000000000000000000 ) ) ;
#6335 = ORIENTED_EDGE ( 'NONE', *, *, #7135, .T. ) ;
#6336 = DIRECTION ( 'NONE',  ( -0.000000000000000000, -0.000000000000000000, 1.000000000000000000 ) ) ;
#6337 = DIRECTION ( 'NONE',  ( -1.000000000000000000, 0.000000000000000000, 0.000000000000000000 ) ) ;
#6338 = AXIS2_PLACEMENT_3D ( 'NONE', #5233, #5930, #546 ) ;
#6339 = PRESENTATION_LAYER_ASSIGNMENT (  '', '', ( #1904 ) ) ;
#6340 = VERTEX_POINT ( 'NONE', #7252 ) ;
#6341 = ORIENTED_EDGE ( 'NONE', *, *, #2423, .T. ) ;
#6342 = CARTESIAN_POINT ( 'NONE',  ( 2.405117046837882633, 0.2161719771896072062, -2.110000000000000320 ) ) ;
#6343 = AXIS2_PLACEMENT_3D ( 'NONE', #743, #6020, #3645 ) ;
#6344 =( NAMED_UNIT ( * ) SI_UNIT ( $, .STERADIAN. ) SOLID_ANGLE_UNIT ( ) );
#6345 = ORIENTED_EDGE ( 'NONE', *, *, #184, .T. ) ;
#6346 = CARTESIAN_POINT ( 'NONE',  ( 3.000000000000000000, 0.1745737087954402911, 0.8399999999999996358 ) ) ;
#6347 = AXIS2_PLACEMENT_3D ( 'NONE', #5201, #6987, #6399 ) ;
#6348 = DIRECTION ( 'NONE',  ( 0.000000000000000000, -0.000000000000000000, -1.000000000000000000 ) ) ;
#6349 = ORIENTED_EDGE ( 'NONE', *, *, #1319, .F. ) ;
#6350 = ORIENTED_EDGE ( 'NONE', *, *, #3084, .F. ) ;
#6351 = CARTESIAN_POINT ( 'NONE',  ( -2.392909663932662134, 0.04159826839416821964, -0.4300000000000007150 ) ) ;
#6352 = CARTESIAN_POINT ( 'NONE',  ( -1.949999999999999956, 1.077499999999984803, 0.4299999999999998268 ) ) ;
#6353 = CARTESIAN_POINT ( 'NONE',  ( -1.949999999999999956, 0.9025000000000144018, -2.970000000000000639 ) ) ;
#6354 = EDGE_LOOP ( 'NONE', ( #7238, #178, #346, #6246 ) ) ;
#6355 = EDGE_CURVE ( 'NONE', #5623, #3104, #3211, .T. ) ;
#6356 = CARTESIAN_POINT ( 'NONE',  ( 2.165000000000000480, 0.8325000000000144507, -2.110000000000000320 ) ) ;
#6357 = EDGE_CURVE ( 'NONE', #2813, #1817, #4932, .T. ) ;
#6358 = VECTOR ( 'NONE', #2102, 1000.000000000000000 ) ;
#6359 = FACE_OUTER_BOUND ( 'NONE', #4705, .T. ) ;
#6360 = ORIENTED_EDGE ( 'NONE', *, *, #7290, .F. ) ;
#6361 = VECTOR ( 'NONE', #1478, 1000.000000000000000 ) ;
#6362 = ORIENTED_EDGE ( 'NONE', *, *, #7067, .T. ) ;
#6363 = CARTESIAN_POINT ( 'NONE',  ( 3.000000000000000000, 0.1745737087954402911, 2.109999999999999876 ) ) ;
#6364 = CARTESIAN_POINT ( 'NONE',  ( -2.165000000000000480, 0.8325000000000144507, -4.240000000000001101 ) ) ;
#6365 = LINE ( 'NONE', #5748, #6684 ) ;
#6366 =( LENGTH_UNIT ( ) NAMED_UNIT ( * ) SI_UNIT ( .MILLI., .METRE. ) );
#6367 = LINE ( 'NONE', #6988, #5951 ) ;
#6368 = ORIENTED_EDGE ( 'NONE', *, *, #4168, .T. ) ;
#6369 = CARTESIAN_POINT ( 'NONE',  ( 2.165000000000000480, 0.8325000000000144507, 3.379999999999999449 ) ) ;
#6370 = LINE ( 'NONE', #634, #4848 ) ;
#6371 = CARTESIAN_POINT ( 'NONE',  ( -2.164999999999999591, 0.2860014607077954740, 2.109999999999999876 ) ) ;
#6372 = ADVANCED_FACE ( 'NONE', ( #7334 ), #2048, .T. ) ;
#6373 = DIRECTION ( 'NONE',  ( 0.9975640502598241977, -0.06975647374412548285, 0.000000000000000000 ) ) ;
#6374 = VERTEX_POINT ( 'NONE', #3250 ) ;
#6375 = CARTESIAN_POINT ( 'NONE',  ( -2.165000000000000036, 0.8325000000000144507, -0.4300000000000007150 ) ) ;
#6376 = CARTESIAN_POINT ( 'NONE',  ( 2.339999999999969660, 0.2860014607077954185, 2.109999999999999876 ) ) ;
#6377 = EDGE_CURVE ( 'NONE', #4191, #4296, #5132, .T. ) ;
#6378 = ORIENTED_EDGE ( 'NONE', *, *, #3920, .F. ) ;
#6379 = DIRECTION ( 'NONE',  ( -2.380688169208303900E-15, -1.000000000000000000, 0.000000000000000000 ) ) ;
#6380 = DIRECTION ( 'NONE',  ( -1.000000000000000000, -0.000000000000000000, -0.000000000000000000 ) ) ;
#6381 = ORIENTED_EDGE ( 'NONE', *, *, #5705, .F. ) ;
#6382 = ADVANCED_FACE ( 'NONE', ( #1627 ), #1013, .F. ) ;
#6383 = CARTESIAN_POINT ( 'NONE',  ( -2.165000000000000036, 0.8325000000000144507, 0.8399999999999996358 ) ) ;
#6384 = VERTEX_POINT ( 'NONE', #934 ) ;
#6385 = ORIENTED_EDGE ( 'NONE', *, *, #723, .F. ) ;
#6386 = DIRECTION ( 'NONE',  ( -0.000000000000000000, -0.000000000000000000, -1.000000000000000000 ) ) ;
#6387 = DIRECTION ( 'NONE',  ( -0.000000000000000000, 0.000000000000000000, -1.000000000000000000 ) ) ;
#6388 = DIRECTION ( 'NONE',  ( -0.000000000000000000, -0.000000000000000000, -1.000000000000000000 ) ) ;
#6389 = ORIENTED_EDGE ( 'NONE', *, *, #6028, .T. ) ;
#6390 = DIRECTION ( 'NONE',  ( -7.477256361968987358E-16, 1.000000000000000000, 0.000000000000000000 ) ) ;
#6391 = DIRECTION ( 'NONE',  ( -0.000000000000000000, -0.000000000000000000, -1.000000000000000000 ) ) ;
#6392 = EDGE_CURVE ( 'NONE', #4651, #6974, #1509, .T. ) ;
#6393 = ADVANCED_FACE ( 'NONE', ( #3874 ), #2795, .F. ) ;
#6394 = ORIENTED_EDGE ( 'NONE', *, *, #951, .T. ) ;
#6395 = VERTEX_POINT ( 'NONE', #2708 ) ;
#6396 = CARTESIAN_POINT ( 'NONE',  ( 1.949999999999999956, 0.9025000000000144018, 2.109999999999999876 ) ) ;
#6397 = ORIENTED_EDGE ( 'NONE', *, *, #2704, .T. ) ;
#6398 = CARTESIAN_POINT ( 'NONE',  ( 2.405117046837882633, 0.2161719771896072062, -1.700000000000000622 ) ) ;
#6399 = DIRECTION ( 'NONE',  ( -0.9975640502598241977, -0.06975647374412548285, 0.000000000000000000 ) ) ;
#6400 = LINE ( 'NONE', #5750, #6664 ) ;
#6401 = EDGE_LOOP ( 'NONE', ( #333, #3963, #4464, #6543 ) ) ;
#6402 = LINE ( 'NONE', #600, #3529 ) ;
#6403 = CARTESIAN_POINT ( 'NONE',  ( 2.095000000000000195, 0.8325000000000144507, 4.649999999999999467 ) ) ;
#6404 = CARTESIAN_POINT ( 'NONE',  ( 2.165000000000000480, 0.8325000000000144507, 0.4299999999999998268 ) ) ;
#6405 = CARTESIAN_POINT ( 'NONE',  ( 1.949999999999999956, 1.077499999999984803, -1.700000000000000622 ) ) ;
#6406 = DIRECTION ( 'NONE',  ( -0.9975640502598241977, 0.06975647374412548285, 0.000000000000000000 ) ) ;
#6407 = CIRCLE ( 'NONE', #2354, 0.2449999999999709355 ) ;
#6408 = DIRECTION ( 'NONE',  ( -0.000000000000000000, -0.000000000000000000, -1.000000000000000000 ) ) ;
#6409 = ADVANCED_FACE ( 'NONE', ( #2084 ), #3290, .F. ) ;
#6410 = ORIENTED_EDGE ( 'NONE', *, *, #4249, .F. ) ;
#6411 = CARTESIAN_POINT ( 'NONE',  ( -2.095000000000000195, 0.8325000000000144507, -1.700000000000000622 ) ) ;
#6412 = ADVANCED_FACE ( 'NONE', ( #6211 ), #2749, .T. ) ;
#6413 = ORIENTED_EDGE ( 'NONE', *, *, #4102, .F. ) ;
#6414 = CARTESIAN_POINT ( 'NONE',  ( -2.095000000000000195, 1.077499999999984803, 0.4299999999999998268 ) ) ;
#6415 = ORIENTED_EDGE ( 'NONE', *, *, #2784, .T. ) ;
#6416 = AXIS2_PLACEMENT_3D ( 'NONE', #3972, #7355, #3232 ) ;
#6417 = SURFACE_STYLE_FILL_AREA ( #5961 ) ;
#6418 = ORIENTED_EDGE ( 'NONE', *, *, #6114, .F. ) ;
#6419 = EDGE_LOOP ( 'NONE', ( #5238, #4250, #6429, #6713, #160, #1766, #6576, #3186, #6897, #4325, #2926, #3111 ) ) ;
#6420 = VECTOR ( 'NONE', #5658, 1000.000000000000227 ) ;
#6421 = CARTESIAN_POINT ( 'NONE',  ( -2.339999999999970104, 0.2860014607077954185, 2.969999999999999751 ) ) ;
#6422 = DIRECTION ( 'NONE',  ( 0.000000000000000000, 0.000000000000000000, 1.000000000000000000 ) ) ;
#6423 = ADVANCED_FACE ( 'NONE', ( #7534 ), #2248, .F. ) ;
#6424 = FILL_AREA_STYLE ('',( #1038 ) ) ;
#6425 = ORIENTED_EDGE ( 'NONE', *, *, #1489, .T. ) ;
#6426 = LINE ( 'NONE', #2968, #5475 ) ;
#6427 = DIRECTION ( 'NONE',  ( -0.000000000000000000, -0.000000000000000000, -1.000000000000000000 ) ) ;
#6428 = VECTOR ( 'NONE', #5013, 1000.000000000000000 ) ;
#6429 = ORIENTED_EDGE ( 'NONE', *, *, #1948, .F. ) ;
#6430 = ORIENTED_EDGE ( 'NONE', *, *, #6695, .T. ) ;
#6431 = FACE_OUTER_BOUND ( 'NONE', #152, .T. ) ;
#6432 = DIRECTION ( 'NONE',  ( 1.000000000000000000, 0.000000000000000000, 0.000000000000000000 ) ) ;
#6433 = STYLED_ITEM ( 'NONE', ( #7065 ), #1812 ) ;
#6434 = CARTESIAN_POINT ( 'NONE',  ( 2.165000000000000036, 0.2860014607077954740, 3.379999999999999449 ) ) ;
#6435 = PLANE ( 'NONE',  #3406 ) ;
#6436 = DIRECTION ( 'NONE',  ( 1.000000000000000000, 0.000000000000000000, -0.000000000000000000 ) ) ;
#6437 = DIRECTION ( 'NONE',  ( -1.000000000000000000, 0.000000000000000000, 0.000000000000000000 ) ) ;
#6438 = CARTESIAN_POINT ( 'NONE',  ( 1.949999999999999956, 0.9025000000000144018, -0.4300000000000007150 ) ) ;
#6439 = VECTOR ( 'NONE', #5272, 1000.000000000000114 ) ;
#6440 = CARTESIAN_POINT ( 'NONE',  ( 3.000000000000000000, 0.1745737087954402911, -4.650000000000000355 ) ) ;
#6441 = AXIS2_PLACEMENT_3D ( 'NONE', #2994, #5328, #1833 ) ;
#6442 = EDGE_CURVE ( 'NONE', #6873, #6273, #5633, .T. ) ;
#6443 = DIRECTION ( 'NONE',  ( -1.000000000000000000, 0.000000000000000000, 0.000000000000000000 ) ) ;
#6444 = DIRECTION ( 'NONE',  ( -0.000000000000000000, -0.000000000000000000, -1.000000000000000000 ) ) ;
#6445 = AXIS2_PLACEMENT_3D ( 'NONE', #6018, #5873, #4787 ) ;
#6446 = VECTOR ( 'NONE', #2656, 1000.000000000000000 ) ;
#6447 = ORIENTED_EDGE ( 'NONE', *, *, #1903, .F. ) ;
#6448 = DIRECTION ( 'NONE',  ( 0.000000000000000000, 0.000000000000000000, 1.000000000000000000 ) ) ;
#6449 = CARTESIAN_POINT ( 'NONE',  ( 2.095000000000000195, 1.077499999999984803, 4.240000000000000213 ) ) ;
#6450 = VERTEX_POINT ( 'NONE', #5668 ) ;
#6451 = DIRECTION ( 'NONE',  ( -2.380688169208303900E-15, -1.000000000000000000, 0.000000000000000000 ) ) ;
#6452 = ORIENTED_EDGE ( 'NONE', *, *, #4736, .F. ) ;
#6453 = AXIS2_PLACEMENT_3D ( 'NONE', #1617, #1049, #5708 ) ;
#6454 = COLOUR_RGB ( '',0.7921568627450980005, 0.8196078431372548767, 0.9333333333333333481 ) ;
#6455 = DIRECTION ( 'NONE',  ( -1.000000000000000000, 0.000000000000000000, 0.000000000000000000 ) ) ;
#6456 = EDGE_LOOP ( 'NONE', ( #2346, #1587, #2740, #1636 ) ) ;
#6457 = VECTOR ( 'NONE', #6463, 1000.000000000000000 ) ;
#6458 = ORIENTED_EDGE ( 'NONE', *, *, #7332, .F. ) ;
#6459 = CARTESIAN_POINT ( 'NONE',  ( 2.339999999999970548, 0.8325000000000144507, 3.379999999999999449 ) ) ;
#6460 = CARTESIAN_POINT ( 'NONE',  ( -0.6610000000000000320, 1.750000000000000000, -4.325000000000000178 ) ) ;
#6461 = LINE ( 'NONE', #32, #276 ) ;
#6462 = ORIENTED_EDGE ( 'NONE', *, *, #2147, .F. ) ;
#6463 = DIRECTION ( 'NONE',  ( -1.000000000000000000, -0.000000000000000000, -0.000000000000000000 ) ) ;
#6464 = ADVANCED_FACE ( 'NONE', ( #374 ), #3990, .F. ) ;
#6465 = CARTESIAN_POINT ( 'NONE',  ( 2.392909663932662134, 0.04159826839416821964, -0.4300000000000007150 ) ) ;
#6466 = AXIS2_PLACEMENT_3D ( 'NONE', #1538, #555, #5746 ) ;
#6467 = AXIS2_PLACEMENT_3D ( 'NONE', #6598, #1317, #782 ) ;
#6468 = ADVANCED_FACE ( 'NONE', ( #1584 ), #3916, .T. ) ;
#6469 = EDGE_CURVE ( 'NONE', #60, #4404, #6953, .T. ) ;
#6470 = EDGE_LOOP ( 'NONE', ( #3945, #4694, #4290, #6397 ) ) ;
#6471 = ORIENTED_EDGE ( 'NONE', *, *, #6865, .T. ) ;
#6472 = DIRECTION ( 'NONE',  ( 0.000000000000000000, -1.000000000000000000, 0.000000000000000000 ) ) ;
#6473 = CARTESIAN_POINT ( 'NONE',  ( -2.095000000000000195, 0.9025000000000142908, -1.700000000000000622 ) ) ;
#6474 = AXIS2_PLACEMENT_3D ( 'NONE', #7490, #1083, #2287 ) ;
#6475 = CARTESIAN_POINT ( 'NONE',  ( -2.339999999999970104, 0.2860014607077954185, 0.4299999999999998268 ) ) ;
#6476 = CARTESIAN_POINT ( 'NONE',  ( -2.165000000000000036, 0.8325000000000144507, 4.240000000000000213 ) ) ;
#6477 = SURFACE_STYLE_USAGE ( .BOTH. , #598 ) ;
#6478 = DIRECTION ( 'NONE',  ( -0.000000000000000000, -0.000000000000000000, -1.000000000000000000 ) ) ;
#6479 = EDGE_LOOP ( 'NONE', ( #2554, #3389, #6163, #1440 ) ) ;
#6480 = LINE ( 'NONE', #5430, #2804 ) ;
#6481 = DIRECTION ( 'NONE',  ( -0.000000000000000000, -0.000000000000000000, -1.000000000000000000 ) ) ;
#6482 = CARTESIAN_POINT ( 'NONE',  ( -2.409999999999970832, 0.2860014607077954185, -0.4300000000000007150 ) ) ;
#6483 = AXIS2_PLACEMENT_3D ( 'NONE', #4352, #5002, #6819 ) ;
#6484 = CARTESIAN_POINT ( 'NONE',  ( 1.949999999999999956, 0.9025000000000144018, -3.380000000000000338 ) ) ;
#6485 = PLANE ( 'NONE',  #6836 ) ;
#6486 = CARTESIAN_POINT ( 'NONE',  ( -2.339999999999970104, 0.2860014607077954185, 2.109999999999999876 ) ) ;
#6487 = EDGE_CURVE ( 'NONE', #2281, #1625, #3138, .T. ) ;
#6488 = ADVANCED_FACE ( 'NONE', ( #5167 ), #6249, .T. ) ;
#6489 = PRODUCT_DEFINITION ( 'UNKNOWN', '', #7405, #5831 ) ;
#6490 = VERTEX_POINT ( 'NONE', #3325 ) ;
#6491 = DIRECTION ( 'NONE',  ( 0.9975640502598241977, -0.06975647374412531632, 0.000000000000000000 ) ) ;
#6492 = CARTESIAN_POINT ( 'NONE',  ( -2.339999999999969660, 0.2860014607077954185, 0.8399999999999996358 ) ) ;
#6493 = DIRECTION ( 'NONE',  ( -1.000000000000000000, -0.000000000000000000, -0.000000000000000000 ) ) ;
#6494 = VERTEX_POINT ( 'NONE', #411 ) ;
#6495 = ORIENTED_EDGE ( 'NONE', *, *, #7063, .T. ) ;
#6496 =( LENGTH_UNIT ( ) NAMED_UNIT ( * ) SI_UNIT ( .MILLI., .METRE. ) );
#6497 = VERTEX_POINT ( 'NONE', #3951 ) ;
#6498 = ORIENTED_EDGE ( 'NONE', *, *, #3780, .F. ) ;
#6499 = CARTESIAN_POINT ( 'NONE',  ( -2.095000000000000195, 1.077499999999984803, 2.109999999999999876 ) ) ;
#6500 = CARTESIAN_POINT ( 'NONE',  ( -2.164999999999999591, 0.2860014607077954740, 2.969999999999999751 ) ) ;
#6501 = VERTEX_POINT ( 'NONE', #6285 ) ;
#6502 = DIRECTION ( 'NONE',  ( -0.000000000000000000, -0.000000000000000000, -1.000000000000000000 ) ) ;
#6503 = ORIENTED_EDGE ( 'NONE', *, *, #5184, .F. ) ;
#6504 = DIRECTION ( 'NONE',  ( -0.000000000000000000, -0.000000000000000000, -1.000000000000000000 ) ) ;
#6505 = EDGE_CURVE ( 'NONE', #4668, #889, #566, .T. ) ;
#6506 = FACE_OUTER_BOUND ( 'NONE', #4265, .T. ) ;
#6507 = EDGE_CURVE ( 'NONE', #2717, #1560, #1087, .T. ) ;
#6508 = ORIENTED_EDGE ( 'NONE', *, *, #7506, .T. ) ;
#6509 = ORIENTED_EDGE ( 'NONE', *, *, #5631, .T. ) ;
#6510 = CARTESIAN_POINT ( 'NONE',  ( 2.095000000000000195, 0.8325000000000144507, -3.380000000000000338 ) ) ;
#6511 = VERTEX_POINT ( 'NONE', #5319 ) ;
#6512 = DIRECTION ( 'NONE',  ( -0.000000000000000000, -0.000000000000000000, -1.000000000000000000 ) ) ;
#6513 = LINE ( 'NONE', #6623, #1897 ) ;
#6514 = ADVANCED_FACE ( 'NONE', ( #5945 ), #3028, .F. ) ;
#6515 = ORIENTED_EDGE ( 'NONE', *, *, #1459, .T. ) ;
#6516 = LINE ( 'NONE', #2402, #6602 ) ;
#6517 = PLANE ( 'NONE',  #3384 ) ;
#6518 = CARTESIAN_POINT ( 'NONE',  ( 2.339999999999969660, 0.2860014607077954185, 1.700000000000000178 ) ) ;
#6519 = EDGE_CURVE ( 'NONE', #7304, #4230, #4643, .T. ) ;
#6520 = SURFACE_SIDE_STYLE ('',( #5321 ) ) ;
#6521 = DIRECTION ( 'NONE',  ( -0.000000000000000000, -0.000000000000000000, -1.000000000000000000 ) ) ;
#6522 = CARTESIAN_POINT ( 'NONE',  ( -1.949999999999999956, 1.077499999999984803, -1.700000000000000622 ) ) ;
#6523 = EDGE_LOOP ( 'NONE', ( #4378, #7362, #1840, #3329 ) ) ;
#6524 = FACE_OUTER_BOUND ( 'NONE', #238, .T. ) ;
#6525 = EDGE_CURVE ( 'NONE', #4596, #3000, #1706, .T. ) ;
#6526 = DIRECTION ( 'NONE',  ( 1.000000000000000000, 0.000000000000000000, -0.000000000000000000 ) ) ;
#6527 = CARTESIAN_POINT ( 'NONE',  ( -0.6610000000000000320, 1.700000000000000178, -3.944999999999999840 ) ) ;
#6528 = VERTEX_POINT ( 'NONE', #4065 ) ;
#6529 = VECTOR ( 'NONE', #3652, 1000.000000000000000 ) ;
#6530 = FILL_AREA_STYLE_COLOUR ( '', #2428 ) ;
#6531 = ORIENTED_EDGE ( 'NONE', *, *, #2412, .F. ) ;
#6532 = ORIENTED_EDGE ( 'NONE', *, *, #2775, .F. ) ;
#6533 = EDGE_LOOP ( 'NONE', ( #4686, #2728, #803, #6840 ) ) ;
#6534 = DIRECTION ( 'NONE',  ( -1.000000000000000000, 0.000000000000000000, 0.000000000000000000 ) ) ;
#6535 = CARTESIAN_POINT ( 'NONE',  ( -2.392909663932662134, 0.04159826839416821964, 4.649999999999999467 ) ) ;
#6536 = AXIS2_PLACEMENT_3D ( 'NONE', #5025, #2029, #3937 ) ;
#6537 = CARTESIAN_POINT ( 'NONE',  ( -2.339999999999970104, 0.2860014607077954185, -1.700000000000000622 ) ) ;
#6538 = CIRCLE ( 'NONE', #6286, 0.07000000000000061728 ) ;
#6539 = CARTESIAN_POINT ( 'NONE',  ( 2.405117046837882633, 0.2161719771896072062, 3.379999999999999449 ) ) ;
#6540 = EDGE_CURVE ( 'NONE', #2798, #3912, #910, .T. ) ;
#6541 = DIRECTION ( 'NONE',  ( -0.9975640502598244197, 0.06975647374412290158, 0.000000000000000000 ) ) ;
#6542 = AXIS2_PLACEMENT_3D ( 'NONE', #4614, #2306, #59 ) ;
#6543 = ORIENTED_EDGE ( 'NONE', *, *, #4783, .T. ) ;
#6544 = ORIENTED_EDGE ( 'NONE', *, *, #1791, .T. ) ;
#6545 = CARTESIAN_POINT ( 'NONE',  ( 2.095000000000000195, 1.077499999999984803, -0.4300000000000007150 ) ) ;
#6546 = PLANE ( 'NONE',  #2245 ) ;
#6547 = CARTESIAN_POINT ( 'NONE',  ( 2.409999999999970832, 0.2860014607077954185, -1.700000000000000622 ) ) ;
#6548 = LINE ( 'NONE', #7108, #5574 ) ;
#6549 = AXIS2_PLACEMENT_3D ( 'NONE', #3956, #2213, #4977 ) ;
#6550 =( NAMED_UNIT ( * ) PLANE_ANGLE_UNIT ( ) SI_UNIT ( $, .RADIAN. ) );
#6551 = ADVANCED_FACE ( 'NONE', ( #4179 ), #3571, .F. ) ;
#6552 = VERTEX_POINT ( 'NONE', #5249 ) ;
#6553 = AXIS2_PLACEMENT_3D ( 'NONE', #1427, #295, #5038 ) ;
#6554 = ADVANCED_FACE ( 'NONE', ( #5362 ), #6517, .T. ) ;
#6555 = DIRECTION ( 'NONE',  ( 1.000000000000000000, 0.000000000000000000, 0.000000000000000000 ) ) ;
#6556 = CARTESIAN_POINT ( 'NONE',  ( -1.949999999999999956, 0.9025000000000144018, -1.700000000000000622 ) ) ;
#6557 = DIRECTION ( 'NONE',  ( 2.380688169208303900E-15, 1.000000000000000000, 0.000000000000000000 ) ) ;
#6558 = LINE ( 'NONE', #6484, #3599 ) ;
#6559 = FACE_OUTER_BOUND ( 'NONE', #2542, .T. ) ;
#6560 = CARTESIAN_POINT ( 'NONE',  ( 1.949999999999999956, 1.077499999999984803, 3.379999999999999449 ) ) ;
#6561 = EDGE_CURVE ( 'NONE', #5237, #205, #14, .T. ) ;
#6562 = STYLED_ITEM ( 'NONE', ( #3736 ), #1824 ) ;
#6563 = EDGE_CURVE ( 'NONE', #4538, #2685, #1747, .T. ) ;
#6564 = ADVANCED_FACE ( 'NONE', ( #522 ), #1240, .T. ) ;
#6565 = ORIENTED_EDGE ( 'NONE', *, *, #927, .F. ) ;
#6566 = AXIS2_PLACEMENT_3D ( 'NONE', #7205, #3011, #731 ) ;
#6567 = VECTOR ( 'NONE', #3262, 1000.000000000000000 ) ;
#6568 = DIRECTION ( 'NONE',  ( 0.000000000000000000, 1.000000000000000000, 0.000000000000000000 ) ) ;
#6569 = DIRECTION ( 'NONE',  ( -1.000000000000000000, 0.000000000000000000, 0.000000000000000000 ) ) ;
#6570 = ORIENTED_EDGE ( 'NONE', *, *, #6939, .F. ) ;
#6571 = CARTESIAN_POINT ( 'NONE',  ( -2.339999999999970548, 0.8325000000000144507, 3.379999999999999449 ) ) ;
#6572 = EDGE_LOOP ( 'NONE', ( #845, #7510, #146, #1500 ) ) ;
#6573 = VECTOR ( 'NONE', #4067, 1000.000000000000000 ) ;
#6574 = ORIENTED_EDGE ( 'NONE', *, *, #1660, .F. ) ;
#6575 = CARTESIAN_POINT ( 'NONE',  ( 1.831420105473556825, 1.750000000000000000, 4.831420105473557491 ) ) ;
#6576 = ORIENTED_EDGE ( 'NONE', *, *, #829, .F. ) ;
#6577 = ORIENTED_EDGE ( 'NONE', *, *, #1813, .F. ) ;
#6578 = CARTESIAN_POINT ( 'NONE',  ( 2.987792617094780834, 5.421010862427522170E-16, -1.700000000000000622 ) ) ;
#6579 = CARTESIAN_POINT ( 'NONE',  ( 1.949999999999999956, 0.9025000000000144018, 0.8399999999999996358 ) ) ;
#6580 = CIRCLE ( 'NONE', #3141, 0.07000000000000061728 ) ;
#6581 = VECTOR ( 'NONE', #300, 1000.000000000000000 ) ;
#6582 = DIRECTION ( 'NONE',  ( -0.000000000000000000, -0.000000000000000000, -1.000000000000000000 ) ) ;
#6583 = FACE_OUTER_BOUND ( 'NONE', #7477, .T. ) ;
#6584 = CIRCLE ( 'NONE', #329, 0.2449999999999709355 ) ;
#6585 = ORIENTED_EDGE ( 'NONE', *, *, #3818, .F. ) ;
#6586 = VERTEX_POINT ( 'NONE', #1170 ) ;
#6587 = EDGE_CURVE ( 'NONE', #3158, #7304, #5282, .T. ) ;
#6588 = CARTESIAN_POINT ( 'NONE',  ( -2.409999999999970832, 0.2860014607077954185, 2.969999999999999751 ) ) ;
#6589 = DIRECTION ( 'NONE',  ( 0.000000000000000000, -1.000000000000000000, 0.000000000000000000 ) ) ;
#6590 = LINE ( 'NONE', #5938, #3882 ) ;
#6591 = FACE_OUTER_BOUND ( 'NONE', #1644, .T. ) ;
#6592 = CIRCLE ( 'NONE', #7328, 0.07000000000000018707 ) ;
#6593 = CARTESIAN_POINT ( 'NONE',  ( -2.405117046837882633, 0.2161719771896077891, -0.4300000000000007150 ) ) ;
#6594 = ORIENTED_EDGE ( 'NONE', *, *, #7001, .F. ) ;
#6595 = CIRCLE ( 'NONE', #3651, 0.07000000000000061728 ) ;
#6596 = LINE ( 'NONE', #1825, #218 ) ;
#6597 = PLANE ( 'NONE',  #4247 ) ;
#6598 = CARTESIAN_POINT ( 'NONE',  ( 2.095000000000000195, 0.8325000000000144507, -2.110000000000000320 ) ) ;
#6599 = DIRECTION ( 'NONE',  ( 1.000000000000000000, 0.000000000000000000, -0.000000000000000000 ) ) ;
#6600 = CIRCLE ( 'NONE', #1678, 0.2449999999999709355 ) ;
#6601 = EDGE_CURVE ( 'NONE', #3269, #4840, #601, .T. ) ;
#6602 = VECTOR ( 'NONE', #7113, 1000.000000000000227 ) ;
#6603 = ORIENTED_EDGE ( 'NONE', *, *, #2697, .T. ) ;
#6604 = LINE ( 'NONE', #1431, #5343 ) ;
#6605 = CARTESIAN_POINT ( 'NONE',  ( 2.165000000000000480, 0.8325000000000144507, -0.4300000000000007150 ) ) ;
#6606 = DIRECTION ( 'NONE',  ( -0.000000000000000000, -0.000000000000000000, -1.000000000000000000 ) ) ;
#6607 = EDGE_LOOP ( 'NONE', ( #6945, #2681, #4659, #6362, #6041, #3399, #398, #5721, #5657, #556, #5018, #6264 ) ) ;
#6608 = EDGE_CURVE ( 'NONE', #7177, #2999, #3449, .T. ) ;
#6609 = ORIENTED_EDGE ( 'NONE', *, *, #5446, .F. ) ;
#6610 = CARTESIAN_POINT ( 'NONE',  ( -0.6610000000000000320, 1.700000000000000178, -3.944999999999999840 ) ) ;
#6611 = EDGE_LOOP ( 'NONE', ( #4021, #2627, #6570, #5406 ) ) ;
#6612 = ORIENTED_EDGE ( 'NONE', *, *, #3067, .T. ) ;
#6613 = DIRECTION ( 'NONE',  ( -0.000000000000000000, -0.000000000000000000, -1.000000000000000000 ) ) ;
#6614 = CARTESIAN_POINT ( 'NONE',  ( 1.949999999999999956, 0.9025000000000144018, -4.650000000000000355 ) ) ;
#6615 = PLANE ( 'NONE',  #6156 ) ;
#6616 = EDGE_CURVE ( 'NONE', #5937, #2064, #45, .T. ) ;
#6617 = LINE ( 'NONE', #1879, #431 ) ;
#6618 = ORIENTED_EDGE ( 'NONE', *, *, #5715, .T. ) ;
#6619 = ORIENTED_EDGE ( 'NONE', *, *, #4642, .F. ) ;
#6620 = CARTESIAN_POINT ( 'NONE',  ( 2.987792617094780834, 5.421010862427522170E-16, 2.109999999999999876 ) ) ;
#6621 = DIRECTION ( 'NONE',  ( -0.000000000000000000, -0.000000000000000000, -1.000000000000000000 ) ) ;
#6622 = DIRECTION ( 'NONE',  ( 1.000000000000000000, 0.000000000000000000, 0.000000000000000000 ) ) ;
#6623 = CARTESIAN_POINT ( 'NONE',  ( -2.095000000000000195, 1.077499999999984803, -2.110000000000000320 ) ) ;
#6624 =( NAMED_UNIT ( * ) SI_UNIT ( $, .STERADIAN. ) SOLID_ANGLE_UNIT ( ) );
#6625 = EDGE_CURVE ( 'NONE', #137, #1682, #6370, .T. ) ;
#6626 = ORIENTED_EDGE ( 'NONE', *, *, #5585, .F. ) ;
#6627 = DIRECTION ( 'NONE',  ( -0.9975640502598241977, 0.06975647374412531632, 0.000000000000000000 ) ) ;
#6628 = FACE_OUTER_BOUND ( 'NONE', #1667, .T. ) ;
#6629 = DIRECTION ( 'NONE',  ( 1.000000000000000000, 0.000000000000000000, 0.000000000000000000 ) ) ;
#6630 = DIRECTION ( 'NONE',  ( -7.477256361968987358E-16, 1.000000000000000000, 0.000000000000000000 ) ) ;
#6631 = VERTEX_POINT ( 'NONE', #5790 ) ;
#6632 = DIRECTION ( 'NONE',  ( 1.587125446138869267E-15, 1.000000000000000000, 0.000000000000000000 ) ) ;
#6633 = CARTESIAN_POINT ( 'NONE',  ( -1.949999999999999956, 0.9025000000000144018, -4.650000000000000355 ) ) ;
#6634 = VECTOR ( 'NONE', #1568, 1000.000000000000000 ) ;
#6635 = CARTESIAN_POINT ( 'NONE',  ( -2.339999999999970548, 0.8325000000000144507, -4.650000000000000355 ) ) ;
#6636 = ORIENTED_EDGE ( 'NONE', *, *, #5279, .T. ) ;
#6637 = EDGE_CURVE ( 'NONE', #145, #4668, #561, .T. ) ;
#6638 = LINE ( 'NONE', #2055, #2300 ) ;
#6639 = EDGE_LOOP ( 'NONE', ( #7378, #2571, #5375, #1339 ) ) ;
#6640 = EDGE_LOOP ( 'NONE', ( #2269, #7102, #6268, #7365 ) ) ;
#6641 = VERTEX_POINT ( 'NONE', #7275 ) ;
#6642 = EDGE_CURVE ( 'NONE', #1480, #6143, #283, .T. ) ;
#6643 = CARTESIAN_POINT ( 'NONE',  ( 1.949999999999999956, 1.077499999999984803, 2.969999999999999751 ) ) ;
#6644 = PLANE ( 'NONE',  #4562 ) ;
#6645 = PRESENTATION_LAYER_ASSIGNMENT (  '', '', ( #7394 ) ) ;
#6646 = CARTESIAN_POINT ( 'NONE',  ( -3.000000000000000000, 0.1745737087954402911, 4.649999999999999467 ) ) ;
#6647 = EDGE_CURVE ( 'NONE', #6918, #2087, #1163, .T. ) ;
#6648 = VERTEX_POINT ( 'NONE', #6808 ) ;
#6649 = EDGE_LOOP ( 'NONE', ( #1945, #6462, #5788, #5384 ) ) ;
#6650 = LINE ( 'NONE', #323, #2343 ) ;
#6651 = CARTESIAN_POINT ( 'NONE',  ( -2.339999999999969660, 0.2860014607077954185, -4.240000000000001101 ) ) ;
#6652 = DIRECTION ( 'NONE',  ( 0.000000000000000000, 0.000000000000000000, 1.000000000000000000 ) ) ;
#6653 = CYLINDRICAL_SURFACE ( 'NONE', #4574, 0.2449999999999704914 ) ;
#6654 = DIRECTION ( 'NONE',  ( 1.587125446138869267E-15, -1.000000000000000000, -0.000000000000000000 ) ) ;
#6655 = AXIS2_PLACEMENT_3D ( 'NONE', #6198, #3735, #3200 ) ;
#6656 = ORIENTED_EDGE ( 'NONE', *, *, #7287, .T. ) ;
#6657 = ORIENTED_EDGE ( 'NONE', *, *, #6889, .F. ) ;
#6658 = DIRECTION ( 'NONE',  ( -0.000000000000000000, -0.000000000000000000, -1.000000000000000000 ) ) ;
#6659 = CIRCLE ( 'NONE', #3716, 0.07000000000000018707 ) ;
#6660 = DIRECTION ( 'NONE',  ( 0.06975647374412288770, 0.9975640502598244197, 0.000000000000000000 ) ) ;
#6661 = DIRECTION ( 'NONE',  ( 1.000000000000000000, -2.380688169208303900E-15, 0.000000000000000000 ) ) ;
#6662 = FACE_OUTER_BOUND ( 'NONE', #4056, .T. ) ;
#6663 = ORIENTED_EDGE ( 'NONE', *, *, #1809, .T. ) ;
#6664 = VECTOR ( 'NONE', #1741, 1000.000000000000114 ) ;
#6665 = VECTOR ( 'NONE', #7171, 1000.000000000000000 ) ;
#6666 = ADVANCED_FACE ( 'NONE', ( #1452 ), #2108, .F. ) ;
#6667 = DIRECTION ( 'NONE',  ( -0.06975647374412533019, -0.9975640502598243087, 0.000000000000000000 ) ) ;
#6668 = DIRECTION ( 'NONE',  ( -1.000000000000000000, -2.380688169208303900E-15, 0.000000000000000000 ) ) ;
#6669 = PRESENTATION_LAYER_ASSIGNMENT (  '', '', ( #2885 ) ) ;
#6670 = CARTESIAN_POINT ( 'NONE',  ( 3.000000000000000000, 0.1745737087954402911, -0.4300000000000007150 ) ) ;
#6671 = CARTESIAN_POINT ( 'NONE',  ( 2.339999999999969660, 0.2860014607077954185, -4.240000000000001101 ) ) ;
#6672 = PLANE ( 'NONE',  #5817 ) ;
#6673 = AXIS2_PLACEMENT_3D ( 'NONE', #2648, #7350, #4413 ) ;
#6674 = ORIENTED_EDGE ( 'NONE', *, *, #550, .T. ) ;
#6675 = DIRECTION ( 'NONE',  ( 0.000000000000000000, 1.000000000000000000, 0.000000000000000000 ) ) ;
#6676 = ORIENTED_EDGE ( 'NONE', *, *, #723, .T. ) ;
#6677 = ORIENTED_EDGE ( 'NONE', *, *, #3515, .F. ) ;
#6678 = CARTESIAN_POINT ( 'NONE',  ( -2.405117046837882633, 0.2161719771896077891, -3.380000000000000338 ) ) ;
#6679 = VECTOR ( 'NONE', #1749, 1000.000000000000000 ) ;
#6680 = AXIS2_PLACEMENT_3D ( 'NONE', #1519, #6962, #4489 ) ;
#6681 = CARTESIAN_POINT ( 'NONE',  ( -2.165000000000000480, 0.8325000000000144507, 0.8399999999999996358 ) ) ;
#6682 = ORIENTED_EDGE ( 'NONE', *, *, #131, .T. ) ;
#6683 = ORIENTED_EDGE ( 'NONE', *, *, #7307, .T. ) ;
#6684 = VECTOR ( 'NONE', #6321, 1000.000000000000000 ) ;
#6685 = ORIENTED_EDGE ( 'NONE', *, *, #4546, .T. ) ;
#6686 = AXIS2_PLACEMENT_3D ( 'NONE', #2292, #5871, #1206 ) ;
#6687 = DIRECTION ( 'NONE',  ( -0.000000000000000000, -0.000000000000000000, -1.000000000000000000 ) ) ;
#6688 = CARTESIAN_POINT ( 'NONE',  ( 2.339999999999969660, 0.2860014607077954185, -2.970000000000000639 ) ) ;
#6689 = LINE ( 'NONE', #2568, #2774 ) ;
#6690 = CARTESIAN_POINT ( 'NONE',  ( 2.987792617094780834, 5.421010862427522170E-16, -1.700000000000000622 ) ) ;
#6691 = DIRECTION ( 'NONE',  ( -0.000000000000000000, -0.000000000000000000, -1.000000000000000000 ) ) ;
#6692 = DIRECTION ( 'NONE',  ( -0.000000000000000000, -0.000000000000000000, -1.000000000000000000 ) ) ;
#6693 = ADVANCED_FACE ( 'NONE', ( #3807 ), #1989, .F. ) ;
#6694 = AXIS2_PLACEMENT_3D ( 'NONE', #3163, #5467, #6082 ) ;
#6695 = EDGE_CURVE ( 'NONE', #7556, #5686, #5576, .T. ) ;
#6696 = VECTOR ( 'NONE', #1606, 1000.000000000000227 ) ;
#6697 = EDGE_LOOP ( 'NONE', ( #6663, #4170, #1430, #6415 ) ) ;
#6698 = ORIENTED_EDGE ( 'NONE', *, *, #6377, .F. ) ;
#6699 = LINE ( 'NONE', #3204, #5480 ) ;
#6700 = VECTOR ( 'NONE', #6876, 1000.000000000000000 ) ;
#6701 = FACE_OUTER_BOUND ( 'NONE', #3878, .T. ) ;
#6702 = CARTESIAN_POINT ( 'NONE',  ( 1.949999999999999956, 1.077499999999984803, -2.970000000000000639 ) ) ;
#6703 = EDGE_CURVE ( 'NONE', #7185, #2880, #5026, .T. ) ;
#6704 = VERTEX_POINT ( 'NONE', #3898 ) ;
#6705 = VECTOR ( 'NONE', #5794, 1000.000000000000227 ) ;
#6706 = CARTESIAN_POINT ( 'NONE',  ( -2.095000000000000195, 1.077499999999984803, -4.240000000000001101 ) ) ;
#6707 = DIRECTION ( 'NONE',  ( -0.06975647374412290158, 0.9975640502598244197, 0.000000000000000000 ) ) ;
#6708 = VECTOR ( 'NONE', #1160, 1000.000000000000000 ) ;
#6709 = LINE ( 'NONE', #6670, #7032 ) ;
#6710 = ORIENTED_EDGE ( 'NONE', *, *, #562, .T. ) ;
#6711 = DIRECTION ( 'NONE',  ( 7.477256361968987358E-16, 1.000000000000000000, -0.000000000000000000 ) ) ;
#6712 = DIRECTION ( 'NONE',  ( 1.000000000000000000, 0.000000000000000000, 0.000000000000000000 ) ) ;
#6713 = ORIENTED_EDGE ( 'NONE', *, *, #2563, .F. ) ;
#6714 = EDGE_CURVE ( 'NONE', #7476, #2320, #4342, .T. ) ;
#6715 = PRESENTATION_LAYER_ASSIGNMENT (  '', '', ( #706 ) ) ;
#6716 = ORIENTED_EDGE ( 'NONE', *, *, #251, .T. ) ;
#6717 = LINE ( 'NONE', #6066, #7601 ) ;
#6718 = ORIENTED_EDGE ( 'NONE', *, *, #2399, .F. ) ;
#6719 = VERTEX_POINT ( 'NONE', #2031 ) ;
#6720 = VERTEX_POINT ( 'NONE', #4995 ) ;
#6721 = DIRECTION ( 'NONE',  ( -0.000000000000000000, -0.000000000000000000, -1.000000000000000000 ) ) ;
#6722 = CARTESIAN_POINT ( 'NONE',  ( 1.949999999999999956, 0.9025000000000144018, 2.109999999999999876 ) ) ;
#6723 = LINE ( 'NONE', #1446, #1273 ) ;
#6724 = ORIENTED_EDGE ( 'NONE', *, *, #7066, .T. ) ;
#6725 = ORIENTED_EDGE ( 'NONE', *, *, #5263, .F. ) ;
#6726 = FACE_OUTER_BOUND ( 'NONE', #5887, .T. ) ;
#6727 = FACE_OUTER_BOUND ( 'NONE', #2955, .T. ) ;
#6728 = EDGE_CURVE ( 'NONE', #1802, #3801, #5618, .T. ) ;
#6729 = LINE ( 'NONE', #6155, #691 ) ;
#6730 = DIRECTION ( 'NONE',  ( 0.000000000000000000, -0.000000000000000000, -1.000000000000000000 ) ) ;
#6731 = LINE ( 'NONE', #877, #2983 ) ;
#6732 = CARTESIAN_POINT ( 'NONE',  ( 1.949999999999999956, 0.9025000000000144018, -0.4300000000000007150 ) ) ;
#6733 = EDGE_CURVE ( 'NONE', #459, #7347, #7393, .T. ) ;
#6734 = ORIENTED_EDGE ( 'NONE', *, *, #7530, .T. ) ;
#6735 = CARTESIAN_POINT ( 'NONE',  ( 2.392909663932662134, 0.04159826839416821964, 0.8399999999999996358 ) ) ;
#6736 = DIRECTION ( 'NONE',  ( 0.000000000000000000, 0.000000000000000000, 1.000000000000000000 ) ) ;
#6737 = ORIENTED_EDGE ( 'NONE', *, *, #5715, .F. ) ;
#6738 = EDGE_CURVE ( 'NONE', #2909, #6340, #6689, .T. ) ;
#6739 = CARTESIAN_POINT ( 'NONE',  ( 2.405117046837882633, 0.2161719771896072062, 4.649999999999999467 ) ) ;
#6740 =( LENGTH_UNIT ( ) NAMED_UNIT ( * ) SI_UNIT ( .MILLI., .METRE. ) );
#6741 = DIRECTION ( 'NONE',  ( -2.380688169208303900E-15, 1.000000000000000000, -0.000000000000000000 ) ) ;
#6742 = DIRECTION ( 'NONE',  ( -0.000000000000000000, -0.000000000000000000, -1.000000000000000000 ) ) ;
#6743 = ORIENTED_EDGE ( 'NONE', *, *, #2899, .F. ) ;
#6744 = EDGE_CURVE ( 'NONE', #6770, #3860, #3853, .T. ) ;
#6745 = FACE_OUTER_BOUND ( 'NONE', #3729, .T. ) ;
#6746 = UNCERTAINTY_MEASURE_WITH_UNIT (LENGTH_MEASURE( 1.000000000000000082E-05 ), #4788, 'distance_accuracy_value', 'NONE');
#6747 = PLANE ( 'NONE',  #3744 ) ;
#6748 = LINE ( 'NONE', #4867, #6769 ) ;
#6749 = CARTESIAN_POINT ( 'NONE',  ( -2.095000000000000195, 0.8325000000000144507, 2.109999999999999876 ) ) ;
#6750 = CARTESIAN_POINT ( 'NONE',  ( -3.000000000000000000, 0.1745737087954402911, -0.4300000000000007150 ) ) ;
#6751 = ORIENTED_EDGE ( 'NONE', *, *, #7506, .F. ) ;
#6752 = EDGE_CURVE ( 'NONE', #1133, #3741, #6729, .T. ) ;
#6753 = CARTESIAN_POINT ( 'NONE',  ( -2.987792617094780834, 5.421010862427522170E-16, -2.970000000000000639 ) ) ;
#6754 = ORIENTED_EDGE ( 'NONE', *, *, #2418, .T. ) ;
#6755 = ORIENTED_EDGE ( 'NONE', *, *, #6049, .F. ) ;
#6756 = EDGE_LOOP ( 'NONE', ( #2259, #6306, #624, #1607 ) ) ;
#6757 = FACE_OUTER_BOUND ( 'NONE', #1724, .T. ) ;
#6758 = DIRECTION ( 'NONE',  ( -0.000000000000000000, -0.000000000000000000, -1.000000000000000000 ) ) ;
#6759 = LINE ( 'NONE', #986, #1516 ) ;
#6760 = EDGE_LOOP ( 'NONE', ( #926, #581, #4564, #4448 ) ) ;
#6761 = ORIENTED_EDGE ( 'NONE', *, *, #3332, .F. ) ;
#6762 = CARTESIAN_POINT ( 'NONE',  ( 2.339999999999970548, 0.8325000000000144507, -1.700000000000000622 ) ) ;
#6763 = DIRECTION ( 'NONE',  ( -1.000000000000000000, 0.000000000000000000, 0.000000000000000000 ) ) ;
#6764 = CARTESIAN_POINT ( 'NONE',  ( 1.949999999999999956, 1.077499999999984803, 4.649999999999999467 ) ) ;
#6765 = CIRCLE ( 'NONE', #1115, 0.07000000000000061728 ) ;
#6766 = FACE_OUTER_BOUND ( 'NONE', #3349, .T. ) ;
#6767 = DIRECTION ( 'NONE',  ( -0.000000000000000000, -0.000000000000000000, -1.000000000000000000 ) ) ;
#6768 = LINE ( 'NONE', #5075, #1886 ) ;
#6769 = VECTOR ( 'NONE', #264, 1000.000000000000000 ) ;
#6770 = VERTEX_POINT ( 'NONE', #2069 ) ;
#6771 = DIRECTION ( 'NONE',  ( 2.380688169208303900E-15, 1.000000000000000000, 0.000000000000000000 ) ) ;
#6772 = LINE ( 'NONE', #964, #2309 ) ;
#6773 = ORIENTED_EDGE ( 'NONE', *, *, #5905, .F. ) ;
#6774 = CYLINDRICAL_SURFACE ( 'NONE', #6329, 0.07000000000000018707 ) ;
#6775 = VECTOR ( 'NONE', #2271, 1000.000000000000000 ) ;
#6776 = EDGE_CURVE ( 'NONE', #5256, #6007, #875, .T. ) ;
#6777 = DIRECTION ( 'NONE',  ( -1.000000000000000000, 0.000000000000000000, 0.000000000000000000 ) ) ;
#6778 = VERTEX_POINT ( 'NONE', #4420 ) ;
#6779 = VECTOR ( 'NONE', #7162, 1000.000000000000000 ) ;
#6780 = VECTOR ( 'NONE', #695, 1000.000000000000227 ) ;
#6781 = DIRECTION ( 'NONE',  ( 0.06975647374412288770, 0.9975640502598244197, 0.000000000000000000 ) ) ;
#6782 = CARTESIAN_POINT ( 'NONE',  ( -1.949999999999999956, 0.9025000000000144018, 4.950000000000000178 ) ) ;
#6783 = EDGE_CURVE ( 'NONE', #7421, #2534, #3162, .T. ) ;
#6784 = CARTESIAN_POINT ( 'NONE',  ( -2.095000000000000195, 0.8325000000000144507, -3.380000000000000338 ) ) ;
#6785 = LINE ( 'NONE', #3179, #6097 ) ;
#6786 = EDGE_LOOP ( 'NONE', ( #2432, #4890, #4573, #5603, #6150, #3132, #6677, #6503, #5820, #3024, #2257, #3520 ) ) ;
#6787 = DIRECTION ( 'NONE',  ( -1.000000000000000000, 0.000000000000000000, 0.000000000000000000 ) ) ;
#6788 = VECTOR ( 'NONE', #6380, 1000.000000000000000 ) ;
#6789 = VERTEX_POINT ( 'NONE', #7439 ) ;
#6790 = EDGE_CURVE ( 'NONE', #3000, #7470, #1492, .T. ) ;
#6791 = EDGE_CURVE ( 'NONE', #5644, #2077, #919, .T. ) ;
#6792 = FACE_OUTER_BOUND ( 'NONE', #6639, .T. ) ;
#6793 = ORIENTED_EDGE ( 'NONE', *, *, #1923, .T. ) ;
#6794 = AXIS2_PLACEMENT_3D ( 'NONE', #2081, #5591, #852 ) ;
#6795 = ORIENTED_EDGE ( 'NONE', *, *, #2946, .F. ) ;
#6796 = DIRECTION ( 'NONE',  ( -1.587125446138869267E-15, 1.000000000000000000, 0.000000000000000000 ) ) ;
#6797 = VERTEX_POINT ( 'NONE', #3643 ) ;
#6798 = CARTESIAN_POINT ( 'NONE',  ( -2.409999999999970832, 0.2860014607077954185, -4.650000000000000355 ) ) ;
#6799 = EDGE_CURVE ( 'NONE', #3440, #2707, #2693, .T. ) ;
#6800 = AXIS2_PLACEMENT_3D ( 'NONE', #710, #2465, #5394 ) ;
#6801 = SURFACE_STYLE_FILL_AREA ( #5147 ) ;
#6802 = ORIENTED_EDGE ( 'NONE', *, *, #5911, .F. ) ;
#6803 = ORIENTED_EDGE ( 'NONE', *, *, #7411, .T. ) ;
#6804 = CARTESIAN_POINT ( 'NONE',  ( 1.949999999999999956, 0.9025000000000144018, -1.700000000000000622 ) ) ;
#6805 = LINE ( 'NONE', #4540, #4942 ) ;
#6806 = AXIS2_PLACEMENT_3D ( 'NONE', #2318, #6427, #36 ) ;
#6807 = AXIS2_PLACEMENT_3D ( 'NONE', #1947, #4409, #4267 ) ;
#6808 = CARTESIAN_POINT ( 'NONE',  ( -2.339999999999970104, 0.2860014607077954185, 1.700000000000000178 ) ) ;
#6809 = DIRECTION ( 'NONE',  ( -1.000000000000000000, 1.587125446138869267E-15, 0.000000000000000000 ) ) ;
#6810 = CARTESIAN_POINT ( 'NONE',  ( -2.165000000000000480, 0.8325000000000144507, -3.380000000000000338 ) ) ;
#6811 = LINE ( 'NONE', #7321, #3618 ) ;
#6812 = EDGE_CURVE ( 'NONE', #2800, #3660, #4663, .T. ) ;
#6813 = AXIS2_PLACEMENT_3D ( 'NONE', #3826, #6172, #5595 ) ;
#6814 = VECTOR ( 'NONE', #2672, 1000.000000000000000 ) ;
#6815 = EDGE_CURVE ( 'NONE', #3378, #3949, #565, .T. ) ;
#6816 = EDGE_CURVE ( 'NONE', #3582, #3287, #2517, .T. ) ;
#6817 = ORIENTED_EDGE ( 'NONE', *, *, #3823, .F. ) ;
#6818 = DIRECTION ( 'NONE',  ( 0.9975640502598241977, -0.06975647374412531632, 0.000000000000000000 ) ) ;
#6819 = DIRECTION ( 'NONE',  ( -1.000000000000000000, 7.477256361968987358E-16, 0.000000000000000000 ) ) ;
#6820 = VERTEX_POINT ( 'NONE', #7014 ) ;
#6821 = DIRECTION ( 'NONE',  ( 1.000000000000000000, 0.000000000000000000, -0.000000000000000000 ) ) ;
#6822 = COLOUR_RGB ( '',0.7921568627450980005, 0.8196078431372548767, 0.9333333333333333481 ) ;
#6823 = CARTESIAN_POINT ( 'NONE',  ( 2.095000000000000195, 0.8325000000000144507, -1.700000000000000622 ) ) ;
#6824 = FACE_OUTER_BOUND ( 'NONE', #3835, .T. ) ;
#6825 = ORIENTED_EDGE ( 'NONE', *, *, #6442, .F. ) ;
#6826 = VERTEX_POINT ( 'NONE', #4087 ) ;
#6827 = CIRCLE ( 'NONE', #4490, 0.07000000000000018707 ) ;
#6828 = ORIENTED_EDGE ( 'NONE', *, *, #1582, .T. ) ;
#6829 = DIRECTION ( 'NONE',  ( -1.000000000000000000, 0.000000000000000000, 0.000000000000000000 ) ) ;
#6830 = DIRECTION ( 'NONE',  ( -2.380688169208303900E-15, -1.000000000000000000, 0.000000000000000000 ) ) ;
#6831 = VERTEX_POINT ( 'NONE', #2154 ) ;
#6832 = EDGE_CURVE ( 'NONE', #6978, #2773, #433, .T. ) ;
#6833 = CARTESIAN_POINT ( 'NONE',  ( -2.392909663932662134, 0.04159826839416821964, -2.970000000000000639 ) ) ;
#6834 = LINE ( 'NONE', #1552, #1178 ) ;
#6835 = CARTESIAN_POINT ( 'NONE',  ( 2.392909663932662134, 0.04159826839416821964, 4.649999999999999467 ) ) ;
#6836 = AXIS2_PLACEMENT_3D ( 'NONE', #1861, #3607, #191 ) ;
#6837 = EDGE_CURVE ( 'NONE', #2038, #6797, #1727, .T. ) ;
#6838 = ORIENTED_EDGE ( 'NONE', *, *, #4214, .T. ) ;
#6839 = COLOUR_RGB ( '',0.7921568627450980005, 0.8196078431372548767, 0.9333333333333333481 ) ;
#6840 = ORIENTED_EDGE ( 'NONE', *, *, #1144, .T. ) ;
#6841 = ORIENTED_EDGE ( 'NONE', *, *, #1261, .T. ) ;
#6842 = CARTESIAN_POINT ( 'NONE',  ( 2.392909663932662134, 0.04159826839416821964, 2.969999999999999751 ) ) ;
#6843 = ORIENTED_EDGE ( 'NONE', *, *, #918, .T. ) ;
#6844 = EDGE_CURVE ( 'NONE', #60, #1184, #2817, .T. ) ;
#6845 = DIRECTION ( 'NONE',  ( 0.000000000000000000, 0.000000000000000000, 1.000000000000000000 ) ) ;
#6846 = ORIENTED_EDGE ( 'NONE', *, *, #1029, .F. ) ;
#6847 = ORIENTED_EDGE ( 'NONE', *, *, #2369, .T. ) ;
#6848 = CARTESIAN_POINT ( 'NONE',  ( -2.339999999999970104, 0.2860014607077954185, 3.379999999999999449 ) ) ;
#6849 = VECTOR ( 'NONE', #3836, 1000.000000000000000 ) ;
#6850 = LINE ( 'NONE', #3305, #4026 ) ;
#6851 = ORIENTED_EDGE ( 'NONE', *, *, #3417, .F. ) ;
#6852 = VERTEX_POINT ( 'NONE', #7599 ) ;
#6853 = CARTESIAN_POINT ( 'NONE',  ( -2.095000000000000195, 0.9025000000000142908, 0.8399999999999996358 ) ) ;
#6854 = DIRECTION ( 'NONE',  ( -1.000000000000000000, 0.000000000000000000, 0.000000000000000000 ) ) ;
#6855 = EDGE_CURVE ( 'NONE', #5160, #6125, #6309, .T. ) ;
#6856 = VECTOR ( 'NONE', #4752, 1000.000000000000000 ) ;
#6857 = SURFACE_STYLE_FILL_AREA ( #4503 ) ;
#6858 = ORIENTED_EDGE ( 'NONE', *, *, #6855, .F. ) ;
#6859 = LINE ( 'NONE', #1571, #5849 ) ;
#6860 = FACE_OUTER_BOUND ( 'NONE', #3462, .T. ) ;
#6861 = ORIENTED_EDGE ( 'NONE', *, *, #1573, .T. ) ;
#6862 = PLANE ( 'NONE',  #7403 ) ;
#6863 = CARTESIAN_POINT ( 'NONE',  ( -1.949999999999999956, 0.9025000000000144018, -4.240000000000001101 ) ) ;
#6864 = ORIENTED_EDGE ( 'NONE', *, *, #6963, .T. ) ;
#6865 = EDGE_CURVE ( 'NONE', #1714, #427, #5153, .T. ) ;
#6866 = MANIFOLD_SOLID_BREP ( 'Boss-Extrude3[2]', #4825 ) ;
#6867 = CARTESIAN_POINT ( 'NONE',  ( -2.339999999999969660, 0.2860014607077954185, 2.109999999999999876 ) ) ;
#6868 = EDGE_CURVE ( 'NONE', #2478, #1480, #4013, .T. ) ;
#6869 = CARTESIAN_POINT ( 'NONE',  ( -2.409999999999970832, 0.2860014607077954185, 1.700000000000000178 ) ) ;
#6870 = EDGE_LOOP ( 'NONE', ( #5526, #193, #77, #6716 ) ) ;
#6871 = DIRECTION ( 'NONE',  ( -0.9975640502598241977, -0.06975647374412548285, 0.000000000000000000 ) ) ;
#6872 = CARTESIAN_POINT ( 'NONE',  ( -1.949999999999999956, 1.077499999999984803, -0.4300000000000007150 ) ) ;
#6873 = VERTEX_POINT ( 'NONE', #5231 ) ;
#6874 = CARTESIAN_POINT ( 'NONE',  ( -1.949999999999999956, 0.9025000000000144018, -2.970000000000000639 ) ) ;
#6875 = EDGE_CURVE ( 'NONE', #3660, #3402, #3473, .T. ) ;
#6876 = DIRECTION ( 'NONE',  ( -0.000000000000000000, -0.000000000000000000, -1.000000000000000000 ) ) ;
#6877 = CARTESIAN_POINT ( 'NONE',  ( 2.409999999999970832, 0.2860014607077954185, 4.240000000000000213 ) ) ;
#6878 = MANIFOLD_SOLID_BREP ( 'LPattern1[12]', #1983 ) ;
#6879 = ORIENTED_EDGE ( 'NONE', *, *, #4883, .T. ) ;
#6880 = VERTEX_POINT ( 'NONE', #2966 ) ;
#6881 = VERTEX_POINT ( 'NONE', #5891 ) ;
#6882 = LINE ( 'NONE', #3421, #4472 ) ;
#6883 = CARTESIAN_POINT ( 'NONE',  ( 2.405117046837882633, 0.2161719771896072062, 0.8399999999999996358 ) ) ;
#6884 = VERTEX_POINT ( 'NONE', #5414 ) ;
#6885 = ORIENTED_EDGE ( 'NONE', *, *, #4393, .F. ) ;
#6886 = EDGE_CURVE ( 'NONE', #241, #6770, #585, .T. ) ;
#6887 = LINE ( 'NONE', #6967, #1154 ) ;
#6888 = ORIENTED_EDGE ( 'NONE', *, *, #4712, .T. ) ;
#6889 = EDGE_CURVE ( 'NONE', #4423, #1574, #1770, .T. ) ;
#6890 = VECTOR ( 'NONE', #7316, 1000.000000000000227 ) ;
#6891 = SURFACE_STYLE_FILL_AREA ( #5185 ) ;
#6892 = ORIENTED_EDGE ( 'NONE', *, *, #4880, .F. ) ;
#6893 = ORIENTED_EDGE ( 'NONE', *, *, #2547, .T. ) ;
#6894 = CARTESIAN_POINT ( 'NONE',  ( -1.949999999999999956, 0.9025000000000144018, -1.700000000000000622 ) ) ;
#6895 = LINE ( 'NONE', #2732, #5546 ) ;
#6896 =( NAMED_UNIT ( * ) PLANE_ANGLE_UNIT ( ) SI_UNIT ( $, .RADIAN. ) );
#6897 = ORIENTED_EDGE ( 'NONE', *, *, #3067, .F. ) ;
#6898 = PLANE ( 'NONE',  #3642 ) ;
#6899 = LINE ( 'NONE', #4581, #7562 ) ;
#6900 = EDGE_CURVE ( 'NONE', #4159, #3796, #5300, .T. ) ;
#6901 = ORIENTED_EDGE ( 'NONE', *, *, #5134, .F. ) ;
#6902 = CARTESIAN_POINT ( 'NONE',  ( -2.095000000000000195, 1.077499999999984803, -2.970000000000000639 ) ) ;
#6903 = CARTESIAN_POINT ( 'NONE',  ( -2.405117046837882633, 0.2161719771896077891, -4.240000000000001101 ) ) ;
#6904 = EDGE_LOOP ( 'NONE', ( #2090, #6145, #7595, #6754 ) ) ;
#6905 = MANIFOLD_SOLID_BREP ( 'LPattern1[11]', #3848 ) ;
#6906 = PLANE ( 'NONE',  #6453 ) ;
#6907 = DIRECTION ( 'NONE',  ( 0.000000000000000000, 0.000000000000000000, 1.000000000000000000 ) ) ;
#6908 = CARTESIAN_POINT ( 'NONE',  ( -1.949999999999999956, 0.9025000000000144018, 4.649999999999999467 ) ) ;
#6909 = VERTEX_POINT ( 'NONE', #3008 ) ;
#6910 = AXIS2_PLACEMENT_3D ( 'NONE', #2655, #5697, #6763 ) ;
#6911 = DIRECTION ( 'NONE',  ( -1.000000000000000000, -0.000000000000000000, -0.000000000000000000 ) ) ;
#6912 = UNCERTAINTY_MEASURE_WITH_UNIT (LENGTH_MEASURE( 1.000000000000000082E-05 ), #630, 'distance_accuracy_value', 'NONE');
#6913 = DIRECTION ( 'NONE',  ( -0.000000000000000000, -0.000000000000000000, -1.000000000000000000 ) ) ;
#6914 = FACE_OUTER_BOUND ( 'NONE', #7267, .T. ) ;
#6915 = ORIENTED_EDGE ( 'NONE', *, *, #3691, .F. ) ;
#6916 = CARTESIAN_POINT ( 'NONE',  ( -2.987792617094780834, 5.421010862427522170E-16, -4.240000000000001101 ) ) ;
#6917 = PLANE ( 'NONE',  #5436 ) ;
#6918 = VERTEX_POINT ( 'NONE', #2426 ) ;
#6919 = VECTOR ( 'NONE', #4838, 1000.000000000000000 ) ;
#6920 = ADVANCED_FACE ( 'NONE', ( #4770 ), #6615, .F. ) ;
#6921 = EDGE_LOOP ( 'NONE', ( #2421, #5678, #7079, #607 ) ) ;
#6922 = CARTESIAN_POINT ( 'NONE',  ( -1.831420105473556825, 0.2300000000000000100, 0.000000000000000000 ) ) ;
#6923 = VECTOR ( 'NONE', #51, 1000.000000000000000 ) ;
#6924 = ORIENTED_EDGE ( 'NONE', *, *, #1029, .T. ) ;
#6925 = VECTOR ( 'NONE', #1081, 1000.000000000000000 ) ;
#6926 = VERTEX_POINT ( 'NONE', #1223 ) ;
#6927 = DIRECTION ( 'NONE',  ( 0.000000000000000000, 0.000000000000000000, 1.000000000000000000 ) ) ;
#6928 = VECTOR ( 'NONE', #3321, 1000.000000000000000 ) ;
#6929 = AXIS2_PLACEMENT_3D ( 'NONE', #6688, #956, #5651 ) ;
#6930 = CARTESIAN_POINT ( 'NONE',  ( 2.095000000000000195, 0.8325000000000144507, 4.649999999999999467 ) ) ;
#6931 = ORIENTED_EDGE ( 'NONE', *, *, #33, .F. ) ;
#6932 = VERTEX_POINT ( 'NONE', #7051 ) ;
#6933 = CARTESIAN_POINT ( 'NONE',  ( -2.095000000000000195, 0.8325000000000144507, -4.240000000000001101 ) ) ;
#6934 = CARTESIAN_POINT ( 'NONE',  ( -2.392909663932662134, 0.04159826839416821964, 0.4299999999999998268 ) ) ;
#6935 = CARTESIAN_POINT ( 'NONE',  ( 2.165000000000000480, 0.8325000000000144507, -1.700000000000000622 ) ) ;
#6936 = ORIENTED_EDGE ( 'NONE', *, *, #5428, .T. ) ;
#6937 = LINE ( 'NONE', #5777, #7322 ) ;
#6938 = PRESENTATION_LAYER_ASSIGNMENT (  '', '', ( #3125 ) ) ;
#6939 = EDGE_CURVE ( 'NONE', #4055, #797, #6407, .T. ) ;
#6940 = EDGE_CURVE ( 'NONE', #3488, #6719, #7132, .T. ) ;
#6941 = ORIENTED_EDGE ( 'NONE', *, *, #3827, .F. ) ;
#6942 = CIRCLE ( 'NONE', #6566, 0.2449999999999704914 ) ;
#6943 = VERTEX_POINT ( 'NONE', #697 ) ;
#6944 = CARTESIAN_POINT ( 'NONE',  ( -2.405117046837882633, 0.2161719771896077891, 4.649999999999999467 ) ) ;
#6945 = ORIENTED_EDGE ( 'NONE', *, *, #5904, .T. ) ;
#6946 = DIRECTION ( 'NONE',  ( 0.000000000000000000, -0.000000000000000000, -1.000000000000000000 ) ) ;
#6947 = CARTESIAN_POINT ( 'NONE',  ( 2.095000000000000195, 0.8325000000000144507, -2.970000000000000639 ) ) ;
#6948 =( NAMED_UNIT ( * ) SI_UNIT ( $, .STERADIAN. ) SOLID_ANGLE_UNIT ( ) );
#6949 = AXIS2_PLACEMENT_3D ( 'NONE', #2582, #4896, #2126 ) ;
#6950 = AXIS2_PLACEMENT_3D ( 'NONE', #353, #6613, #798 ) ;
#6951 = EDGE_LOOP ( 'NONE', ( #6803, #3884, #2335, #5274 ) ) ;
#6952 = CARTESIAN_POINT ( 'NONE',  ( 1.949999999999999956, 1.077499999999984803, 0.8399999999999996358 ) ) ;
#6953 = LINE ( 'NONE', #5755, #6814 ) ;
#6954 = DIRECTION ( 'NONE',  ( 1.000000000000000000, 7.477256361968987358E-16, -0.000000000000000000 ) ) ;
#6955 = EDGE_CURVE ( 'NONE', #1299, #541, #6461, .T. ) ;
#6956 = PLANE ( 'NONE',  #6043 ) ;
#6957 = FACE_OUTER_BOUND ( 'NONE', #4154, .T. ) ;
#6958 = DIRECTION ( 'NONE',  ( -0.000000000000000000, -0.000000000000000000, -1.000000000000000000 ) ) ;
#6959 = AXIS2_PLACEMENT_3D ( 'NONE', #3899, #4543, #4505 ) ;
#6960 = ORIENTED_EDGE ( 'NONE', *, *, #2326, .T. ) ;
#6961 = EDGE_LOOP ( 'NONE', ( #1204, #1985, #648, #768 ) ) ;
#6962 = DIRECTION ( 'NONE',  ( 0.9975640502598244197, 0.06975647374412290158, -0.000000000000000000 ) ) ;
#6963 = EDGE_CURVE ( 'NONE', #5108, #1639, #2850, .T. ) ;
#6964 = ORIENTED_EDGE ( 'NONE', *, *, #5091, .F. ) ;
#6965 = DIRECTION ( 'NONE',  ( -1.000000000000000000, 0.000000000000000000, 0.000000000000000000 ) ) ;
#6966 = EDGE_CURVE ( 'NONE', #1438, #1094, #6004, .T. ) ;
#6967 = CARTESIAN_POINT ( 'NONE',  ( -2.095000000000000195, 1.077499999999984803, 2.109999999999999876 ) ) ;
#6968 = COLOUR_RGB ( '',1.000000000000000000, 1.000000000000000000, 1.000000000000000000 ) ;
#6969 =( NAMED_UNIT ( * ) SI_UNIT ( $, .STERADIAN. ) SOLID_ANGLE_UNIT ( ) );
#6970 = VERTEX_POINT ( 'NONE', #4128 ) ;
#6971 = ORIENTED_EDGE ( 'NONE', *, *, #5435, .F. ) ;
#6972 = LINE ( 'NONE', #6307, #7048 ) ;
#6973 = CARTESIAN_POINT ( 'NONE',  ( 1.831420105473556825, 0.2300000000000000100, 4.831420105473557491 ) ) ;
#6974 = VERTEX_POINT ( 'NONE', #3556 ) ;
#6975 = DIRECTION ( 'NONE',  ( -0.000000000000000000, 1.000000000000000000, -0.000000000000000000 ) ) ;
#6976 = VECTOR ( 'NONE', #309, 1000.000000000000000 ) ;
#6977 =( NAMED_UNIT ( * ) PLANE_ANGLE_UNIT ( ) SI_UNIT ( $, .RADIAN. ) );
#6978 = VERTEX_POINT ( 'NONE', #1443 ) ;
#6979 = AXIS2_PLACEMENT_3D ( 'NONE', #7170, #4242, #1197 ) ;
#6980 = EDGE_LOOP ( 'NONE', ( #2839, #3070, #267, #3704 ) ) ;
#6981 = EDGE_CURVE ( 'NONE', #5679, #1856, #6765, .T. ) ;
#6982 = FACE_OUTER_BOUND ( 'NONE', #2639, .T. ) ;
#6983 = ORIENTED_EDGE ( 'NONE', *, *, #3038, .T. ) ;
#6984 = MANIFOLD_SOLID_BREP ( 'LPattern1[6]', #1379 ) ;
#6985 = DIRECTION ( 'NONE',  ( -0.9975640502598244197, 0.06975647374412290158, 0.000000000000000000 ) ) ;
#6986 = APPLICATION_CONTEXT ( 'automotive_design' ) ;
#6987 = DIRECTION ( 'NONE',  ( -0.06975647374412549673, 0.9975640502598243087, 0.000000000000000000 ) ) ;
#6988 = CARTESIAN_POINT ( 'NONE',  ( 2.095000000000000195, 0.9025000000000146239, 0.8399999999999996358 ) ) ;
#6989 = ADVANCED_FACE ( 'NONE', ( #6112 ), #1482, .F. ) ;
#6990 = EDGE_CURVE ( 'NONE', #1438, #5247, #3188, .T. ) ;
#6991 = ORIENTED_EDGE ( 'NONE', *, *, #4434, .F. ) ;
#6992 = CARTESIAN_POINT ( 'NONE',  ( -2.987792617094780834, 5.421010862427522170E-16, 1.700000000000000178 ) ) ;
#6993 = CARTESIAN_POINT ( 'NONE',  ( -2.409999999999970832, 0.2860014607077954185, 0.8399999999999996358 ) ) ;
#6994 = UNCERTAINTY_MEASURE_WITH_UNIT (LENGTH_MEASURE( 1.000000000000000082E-05 ), #3165, 'distance_accuracy_value', 'NONE');
#6995 = LINE ( 'NONE', #15, #5087 ) ;
#6996 = CARTESIAN_POINT ( 'NONE',  ( -2.095000000000000195, 0.9025000000000142908, -1.700000000000000622 ) ) ;
#6997 = ORIENTED_EDGE ( 'NONE', *, *, #5725, .F. ) ;
#6998 = LINE ( 'NONE', #7118, #5356 ) ;
#6999 = LINE ( 'NONE', #6522, #6923 ) ;
#7000 = MANIFOLD_SOLID_BREP ( 'LPattern1[5]', #2489 ) ;
#7001 = EDGE_CURVE ( 'NONE', #2280, #7154, #1520, .T. ) ;
#7002 = ORIENTED_EDGE ( 'NONE', *, *, #4029, .T. ) ;
#7003 = DIRECTION ( 'NONE',  ( -0.000000000000000000, -0.000000000000000000, -1.000000000000000000 ) ) ;
#7004 = DIRECTION ( 'NONE',  ( -1.000000000000000000, 0.000000000000000000, 0.000000000000000000 ) ) ;
#7005 = ORIENTED_EDGE ( 'NONE', *, *, #5286, .T. ) ;
#7006 = CARTESIAN_POINT ( 'NONE',  ( -1.949999999999999956, 1.077499999999984803, 4.950000000000000178 ) ) ;
#7007 = VERTEX_POINT ( 'NONE', #4294 ) ;
#7008 = ADVANCED_FACE ( 'NONE', ( #4907 ), #6644, .F. ) ;
#7009 = DIRECTION ( 'NONE',  ( 0.000000000000000000, -1.000000000000000000, 0.000000000000000000 ) ) ;
#7010 = ORIENTED_EDGE ( 'NONE', *, *, #1605, .F. ) ;
#7011 = ORIENTED_EDGE ( 'NONE', *, *, #6505, .T. ) ;
#7012 = FACE_OUTER_BOUND ( 'NONE', #1367, .T. ) ;
#7013 = CARTESIAN_POINT ( 'NONE',  ( 1.949999999999999956, 0.9025000000000144018, -0.4300000000000007150 ) ) ;
#7014 = CARTESIAN_POINT ( 'NONE',  ( -2.164999999999999591, 0.2860014607077954740, -2.110000000000000320 ) ) ;
#7015 = CARTESIAN_POINT ( 'NONE',  ( -2.405117046837882633, 0.2161719771896077891, -2.110000000000000320 ) ) ;
#7016 = PLANE ( 'NONE',  #2002 ) ;
#7017 = ORIENTED_EDGE ( 'NONE', *, *, #664, .F. ) ;
#7018 = EDGE_LOOP ( 'NONE', ( #644, #1441, #272, #2814 ) ) ;
#7019 = PLANE ( 'NONE',  #231 ) ;
#7020 = ORIENTED_EDGE ( 'NONE', *, *, #1235, .T. ) ;
#7021 = DIRECTION ( 'NONE',  ( -0.000000000000000000, -0.000000000000000000, -1.000000000000000000 ) ) ;
#7022 = DIRECTION ( 'NONE',  ( -0.000000000000000000, -0.000000000000000000, -1.000000000000000000 ) ) ;
#7023 = CARTESIAN_POINT ( 'NONE',  ( 2.095000000000000195, 0.9025000000000146239, 0.4299999999999998268 ) ) ;
#7024 = CARTESIAN_POINT ( 'NONE',  ( 2.409999999999970832, 0.2860014607077954185, 3.379999999999999449 ) ) ;
#7025 = CARTESIAN_POINT ( 'NONE',  ( -2.095000000000000195, 1.077499999999984803, -1.700000000000000622 ) ) ;
#7026 = LINE ( 'NONE', #6872, #6679 ) ;
#7027 = PLANE ( 'NONE',  #7535 ) ;
#7028 = CARTESIAN_POINT ( 'NONE',  ( -1.866685501615249265, 1.550000000000000044, -4.950000000000000178 ) ) ;
#7029 = CARTESIAN_POINT ( 'NONE',  ( 2.095000000000000195, 0.8325000000000144507, -1.700000000000000622 ) ) ;
#7030 = MANIFOLD_SOLID_BREP ( 'LPattern1[4]', #2603 ) ;
#7031 = EDGE_CURVE ( 'NONE', #5255, #2149, #1638, .T. ) ;
#7032 = VECTOR ( 'NONE', #2674, 1000.000000000000000 ) ;
#7033 = EDGE_CURVE ( 'NONE', #4, #7476, #6070, .T. ) ;
#7034 = ORIENTED_EDGE ( 'NONE', *, *, #5387, .T. ) ;
#7035 = ORIENTED_EDGE ( 'NONE', *, *, #1007, .T. ) ;
#7036 = FACE_OUTER_BOUND ( 'NONE', #6533, .T. ) ;
#7037 = PLANE ( 'NONE',  #4436 ) ;
#7038 = ORIENTED_EDGE ( 'NONE', *, *, #2794, .T. ) ;
#7039 = CARTESIAN_POINT ( 'NONE',  ( 2.409999999999970832, 0.2860014607077954185, -2.110000000000000320 ) ) ;
#7040 = ORIENTED_EDGE ( 'NONE', *, *, #7492, .F. ) ;
#7041 = ADVANCED_FACE ( 'NONE', ( #4491 ), #2844, .T. ) ;
#7042 = VECTOR ( 'NONE', #1534, 1000.000000000000000 ) ;
#7043 = SURFACE_SIDE_STYLE ('',( #6417 ) ) ;
#7044 = ORIENTED_EDGE ( 'NONE', *, *, #2377, .T. ) ;
#7045 = ORIENTED_EDGE ( 'NONE', *, *, #1759, .T. ) ;
#7046 = VECTOR ( 'NONE', #3580, 1000.000000000000000 ) ;
#7047 = EDGE_LOOP ( 'NONE', ( #5962, #2677, #37, #5964 ) ) ;
#7048 = VECTOR ( 'NONE', #3391, 1000.000000000000000 ) ;
#7049 = DIRECTION ( 'NONE',  ( 1.000000000000000000, 0.000000000000000000, 0.000000000000000000 ) ) ;
#7050 = LINE ( 'NONE', #6934, #2598 ) ;
#7051 = CARTESIAN_POINT ( 'NONE',  ( -2.405117046837882633, 0.2161719771896077891, 3.379999999999999449 ) ) ;
#7052 = DIRECTION ( 'NONE',  ( 0.9975640502598241977, -0.06975647374412548285, 0.000000000000000000 ) ) ;
#7053 = EDGE_CURVE ( 'NONE', #6932, #2319, #1559, .T. ) ;
#7054 = DIRECTION ( 'NONE',  ( -0.000000000000000000, -0.000000000000000000, -1.000000000000000000 ) ) ;
#7055 = CIRCLE ( 'NONE', #539, 0.07000000000000018707 ) ;
#7056 = CLOSED_SHELL ( 'NONE', ( #2438, #2195, #93, #4164, #3418, #2233, #7157, #6564, #6040, #3128, #3598, #4071, #1294, #2054 ) ) ;
#7057 = VERTEX_POINT ( 'NONE', #533 ) ;
#7058 = ORIENTED_EDGE ( 'NONE', *, *, #6744, .F. ) ;
#7059 = FACE_OUTER_BOUND ( 'NONE', #2302, .T. ) ;
#7060 = DIRECTION ( 'NONE',  ( 1.000000000000000000, 0.000000000000000000, -0.000000000000000000 ) ) ;
#7061 = AXIS2_PLACEMENT_3D ( 'NONE', #6323, #2945, #1621 ) ;
#7062 = CARTESIAN_POINT ( 'NONE',  ( -3.000000000000000000, 0.1745737087954402911, -4.240000000000001101 ) ) ;
#7063 = EDGE_CURVE ( 'NONE', #7169, #5222, #983, .T. ) ;
#7064 =( LENGTH_UNIT ( ) NAMED_UNIT ( * ) SI_UNIT ( .MILLI., .METRE. ) );
#7065 = PRESENTATION_STYLE_ASSIGNMENT (( #5164 ) ) ;
#7066 = EDGE_CURVE ( 'NONE', #5916, #424, #5144, .T. ) ;
#7067 = EDGE_CURVE ( 'NONE', #5307, #4984, #6261, .T. ) ;
#7068 = STYLED_ITEM ( 'NONE', ( #5029 ), #1894 ) ;
#7069 = ORIENTED_EDGE ( 'NONE', *, *, #5639, .F. ) ;
#7070 = DIRECTION ( 'NONE',  ( 0.000000000000000000, 0.000000000000000000, 1.000000000000000000 ) ) ;
#7071 = DIRECTION ( 'NONE',  ( 0.06975647374412288770, 0.9975640502598244197, 0.000000000000000000 ) ) ;
#7072 = DIRECTION ( 'NONE',  ( 0.000000000000000000, 0.000000000000000000, 1.000000000000000000 ) ) ;
#7073 = AXIS2_PLACEMENT_3D ( 'NONE', #1609, #7054, #1774 ) ;
#7074 = LINE ( 'NONE', #6405, #2472 ) ;
#7075 = DIRECTION ( 'NONE',  ( -1.000000000000000000, 0.000000000000000000, 0.000000000000000000 ) ) ;
#7076 = LINE ( 'NONE', #1793, #661 ) ;
#7077 = VECTOR ( 'NONE', #4600, 1000.000000000000000 ) ;
#7078 = VECTOR ( 'NONE', #6911, 1000.000000000000000 ) ;
#7079 = ORIENTED_EDGE ( 'NONE', *, *, #5243, .F. ) ;
#7080 = EDGE_CURVE ( 'NONE', #4266, #60, #7588, .T. ) ;
#7081 = DIRECTION ( 'NONE',  ( 1.000000000000000000, 0.000000000000000000, -0.000000000000000000 ) ) ;
#7082 = DIRECTION ( 'NONE',  ( 0.06975647374412288770, 0.9975640502598244197, 0.000000000000000000 ) ) ;
#7083 = EDGE_LOOP ( 'NONE', ( #2202, #3035, #1959, #4493 ) ) ;
#7084 = CARTESIAN_POINT ( 'NONE',  ( -3.000000000000000000, 0.1745737087954402911, -3.380000000000000338 ) ) ;
#7085 = ORIENTED_EDGE ( 'NONE', *, *, #999, .T. ) ;
#7086 = VECTOR ( 'NONE', #3984, 1000.000000000000000 ) ;
#7087 = ORIENTED_EDGE ( 'NONE', *, *, #5354, .F. ) ;
#7088 = EDGE_CURVE ( 'NONE', #1728, #3490, #5666, .T. ) ;
#7089 = MANIFOLD_SOLID_BREP ( 'LPattern1[8]', #5818 ) ;
#7090 =( NAMED_UNIT ( * ) SI_UNIT ( $, .STERADIAN. ) SOLID_ANGLE_UNIT ( ) );
#7091 = ORIENTED_EDGE ( 'NONE', *, *, #2532, .T. ) ;
#7092 = CIRCLE ( 'NONE', #4360, 0.2449999999999704914 ) ;
#7093 = ORIENTED_EDGE ( 'NONE', *, *, #1335, .T. ) ;
#7094 = EDGE_CURVE ( 'NONE', #5772, #3803, #3338, .T. ) ;
#7095 = CARTESIAN_POINT ( 'NONE',  ( 2.165000000000000480, 0.8325000000000144507, 2.969999999999999751 ) ) ;
#7096 = CARTESIAN_POINT ( 'NONE',  ( -2.409999999999970832, 0.2860014607077954185, 3.379999999999999449 ) ) ;
#7097 = CARTESIAN_POINT ( 'NONE',  ( 2.409999999999970832, 0.2860014607077954185, 3.379999999999999449 ) ) ;
#7098 = LINE ( 'NONE', #112, #3525 ) ;
#7099 = DIRECTION ( 'NONE',  ( 1.000000000000000000, 0.000000000000000000, -0.000000000000000000 ) ) ;
#7100 = VECTOR ( 'NONE', #1711, 1000.000000000000000 ) ;
#7101 = EDGE_CURVE ( 'NONE', #4793, #3344, #638, .T. ) ;
#7102 = ORIENTED_EDGE ( 'NONE', *, *, #2395, .F. ) ;
#7103 = EDGE_LOOP ( 'NONE', ( #3149, #6279, #6137, #2884 ) ) ;
#7104 = LINE ( 'NONE', #626, #454 ) ;
#7105 = LINE ( 'NONE', #1819, #291 ) ;
#7106 = MECHANICAL_DESIGN_GEOMETRIC_PRESENTATION_REPRESENTATION (  '', ( #3037 ), #5983 ) ;
#7107 = CARTESIAN_POINT ( 'NONE',  ( 2.165000000000000036, 0.2860014607077954740, 2.109999999999999876 ) ) ;
#7108 = CARTESIAN_POINT ( 'NONE',  ( -2.339999999999970104, 0.2860014607077954185, 4.649999999999999467 ) ) ;
#7109 = DIRECTION ( 'NONE',  ( -7.477256361968987358E-16, 1.000000000000000000, 0.000000000000000000 ) ) ;
#7110 = AXIS2_PLACEMENT_3D ( 'NONE', #6930, #1069, #5693 ) ;
#7111 = ADVANCED_FACE ( 'NONE', ( #2957 ), #4224, .F. ) ;
#7112 = VERTEX_POINT ( 'NONE', #3613 ) ;
#7113 = DIRECTION ( 'NONE',  ( 0.9975640502598241977, -0.06975647374412548285, 0.000000000000000000 ) ) ;
#7114 = DIRECTION ( 'NONE',  ( -0.000000000000000000, -0.000000000000000000, -1.000000000000000000 ) ) ;
#7115 = DIRECTION ( 'NONE',  ( 0.06975647374412549673, 0.9975640502598243087, -0.000000000000000000 ) ) ;
#7116 = VECTOR ( 'NONE', #1422, 1000.000000000000227 ) ;
#7117 = DIRECTION ( 'NONE',  ( 1.000000000000000000, -7.477256361968987358E-16, 0.000000000000000000 ) ) ;
#7118 = CARTESIAN_POINT ( 'NONE',  ( 1.949999999999999956, 1.077499999999984803, 0.4299999999999998268 ) ) ;
#7119 = LINE ( 'NONE', #4605, #1634 ) ;
#7120 = VERTEX_POINT ( 'NONE', #99 ) ;
#7121 = FACE_OUTER_BOUND ( 'NONE', #420, .T. ) ;
#7122 = LINE ( 'NONE', #4725, #1359 ) ;
#7123 = ORIENTED_EDGE ( 'NONE', *, *, #699, .F. ) ;
#7124 = LINE ( 'NONE', #1836, #5193 ) ;
#7125 = ORIENTED_EDGE ( 'NONE', *, *, #7560, .T. ) ;
#7126 = CARTESIAN_POINT ( 'NONE',  ( -2.409999999999970832, 0.2860014607077954185, 4.240000000000000213 ) ) ;
#7127 = ORIENTED_EDGE ( 'NONE', *, *, #3304, .F. ) ;
#7128 = EDGE_LOOP ( 'NONE', ( #3268, #6609, #5990, #4047 ) ) ;
#7129 = CARTESIAN_POINT ( 'NONE',  ( -2.095000000000000195, 0.9025000000000142908, 4.649999999999999467 ) ) ;
#7130 = FACE_OUTER_BOUND ( 'NONE', #4192, .T. ) ;
#7131 = EDGE_CURVE ( 'NONE', #580, #5644, #4117, .T. ) ;
#7132 = LINE ( 'NONE', #621, #5040 ) ;
#7133 = CARTESIAN_POINT ( 'NONE',  ( -2.405117046837882633, 0.2161719771896077891, 4.649999999999999467 ) ) ;
#7134 = LINE ( 'NONE', #2429, #3506 ) ;
#7135 = EDGE_CURVE ( 'NONE', #7120, #5187, #7522, .T. ) ;
#7136 = ORIENTED_EDGE ( 'NONE', *, *, #343, .F. ) ;
#7137 = VERTEX_POINT ( 'NONE', #4688 ) ;
#7138 = CARTESIAN_POINT ( 'NONE',  ( -2.392909663932662134, 0.04159826839416821964, -2.110000000000000320 ) ) ;
#7139 = CARTESIAN_POINT ( 'NONE',  ( -2.339999999999969660, 0.2860014607077954185, -2.970000000000000639 ) ) ;
#7140 = DIRECTION ( 'NONE',  ( -0.000000000000000000, -0.000000000000000000, -1.000000000000000000 ) ) ;
#7141 = LINE ( 'NONE', #4207, #201 ) ;
#7142 = ORIENTED_EDGE ( 'NONE', *, *, #961, .T. ) ;
#7143 = CARTESIAN_POINT ( 'NONE',  ( -2.165000000000000036, 0.8325000000000144507, -0.8400000000000005240 ) ) ;
#7144 = DIRECTION ( 'NONE',  ( 0.000000000000000000, -1.000000000000000000, 0.000000000000000000 ) ) ;
#7145 = LINE ( 'NONE', #4717, #3021 ) ;
#7146 = DIRECTION ( 'NONE',  ( -0.000000000000000000, -0.000000000000000000, -1.000000000000000000 ) ) ;
#7147 = DIRECTION ( 'NONE',  ( -0.000000000000000000, -0.000000000000000000, -1.000000000000000000 ) ) ;
#7148 = AXIS2_PLACEMENT_3D ( 'NONE', #5024, #5615, #1987 ) ;
#7149 = EDGE_LOOP ( 'NONE', ( #6315, #422, #4492, #4172, #3830, #3215, #3959, #3654, #5086, #1755, #3129, #884 ) ) ;
#7150 = CARTESIAN_POINT ( 'NONE',  ( 2.339999999999969660, 0.2860014607077954185, -4.240000000000001101 ) ) ;
#7151 = COLOUR_RGB ( '',0.7921568627450980005, 0.8196078431372548767, 0.9333333333333333481 ) ;
#7152 = CARTESIAN_POINT ( 'NONE',  ( 2.339999999999969660, 0.2860014607077954185, 4.649999999999999467 ) ) ;
#7153 = CARTESIAN_POINT ( 'NONE',  ( -2.164999999999999591, 0.2860014607077954740, -3.380000000000000338 ) ) ;
#7154 = VERTEX_POINT ( 'NONE', #5956 ) ;
#7155 = EDGE_CURVE ( 'NONE', #1548, #687, #4929, .T. ) ;
#7156 = AXIS2_PLACEMENT_3D ( 'NONE', #5555, #234, #4364 ) ;
#7157 = ADVANCED_FACE ( 'NONE', ( #1250 ), #7037, .F. ) ;
#7158 =( NAMED_UNIT ( * ) SI_UNIT ( $, .STERADIAN. ) SOLID_ANGLE_UNIT ( ) );
#7159 = ORIENTED_EDGE ( 'NONE', *, *, #73, .F. ) ;
#7160 = EDGE_LOOP ( 'NONE', ( #3864, #1640, #4876, #5660, #1975, #7398, #2726, #2475, #3260, #7044, #246, #2765 ) ) ;
#7161 = DIRECTION ( 'NONE',  ( -0.000000000000000000, -0.000000000000000000, -1.000000000000000000 ) ) ;
#7162 = DIRECTION ( 'NONE',  ( -0.000000000000000000, 1.000000000000000000, -0.000000000000000000 ) ) ;
#7163 = DIRECTION ( 'NONE',  ( 7.477256361968987358E-16, 1.000000000000000000, -0.000000000000000000 ) ) ;
#7164 = EDGE_LOOP ( 'NONE', ( #3055, #7087, #6915, #2486 ) ) ;
#7165 = CARTESIAN_POINT ( 'NONE',  ( 2.339999999999969660, 0.2860014607077954185, 2.969999999999999751 ) ) ;
#7166 = VECTOR ( 'NONE', #6691, 1000.000000000000000 ) ;
#7167 = VECTOR ( 'NONE', #3936, 1000.000000000000000 ) ;
#7168 = ORIENTED_EDGE ( 'NONE', *, *, #1670, .F. ) ;
#7169 = VERTEX_POINT ( 'NONE', #7189 ) ;
#7170 = CARTESIAN_POINT ( 'NONE',  ( -2.409999999999970832, 0.2860014607077954185, 0.4299999999999998268 ) ) ;
#7171 = DIRECTION ( 'NONE',  ( -2.380688169208303900E-15, 1.000000000000000000, -0.000000000000000000 ) ) ;
#7172 = CARTESIAN_POINT ( 'NONE',  ( 2.165000000000000480, 0.8325000000000144507, 3.379999999999999449 ) ) ;
#7173 = CARTESIAN_POINT ( 'NONE',  ( 2.409999999999970832, 0.2860014607077954185, -0.4300000000000007150 ) ) ;
#7174 = VECTOR ( 'NONE', #7340, 1000.000000000000000 ) ;
#7175 = CARTESIAN_POINT ( 'NONE',  ( -2.987792617094780834, 5.421010862427522170E-16, 2.109999999999999876 ) ) ;
#7176 = ADVANCED_FACE ( 'NONE', ( #1907 ), #2415, .F. ) ;
#7177 = VERTEX_POINT ( 'NONE', #1213 ) ;
#7178 = CIRCLE ( 'NONE', #6553, 0.2449999999999704914 ) ;
#7179 = PLANE ( 'NONE',  #4645 ) ;
#7180 = ADVANCED_FACE ( 'NONE', ( #646 ), #3072, .F. ) ;
#7181 = DIRECTION ( 'NONE',  ( 1.587125446138869267E-15, -1.000000000000000000, -0.000000000000000000 ) ) ;
#7182 = CARTESIAN_POINT ( 'NONE',  ( 2.095000000000000195, 0.8325000000000144507, -0.4300000000000007150 ) ) ;
#7183 = CARTESIAN_POINT ( 'NONE',  ( 2.095000000000000195, 0.9025000000000146239, 3.379999999999999449 ) ) ;
#7184 = EDGE_CURVE ( 'NONE', #5264, #7185, #1136, .T. ) ;
#7185 = VERTEX_POINT ( 'NONE', #134 ) ;
#7186 = VECTOR ( 'NONE', #7310, 1000.000000000000000 ) ;
#7187 = VECTOR ( 'NONE', #5991, 1000.000000000000000 ) ;
#7188 = CARTESIAN_POINT ( 'NONE',  ( 1.949999999999999956, 0.9025000000000144018, -2.970000000000000639 ) ) ;
#7189 = CARTESIAN_POINT ( 'NONE',  ( -2.392909663932662134, 0.04159826839416762290, -4.240000000000001101 ) ) ;
#7190 = EDGE_LOOP ( 'NONE', ( #5999, #4613, #5707, #5793 ) ) ;
#7191 = DIRECTION ( 'NONE',  ( -1.000000000000000000, 0.000000000000000000, 0.000000000000000000 ) ) ;
#7192 = CIRCLE ( 'NONE', #7570, 0.07000000000000018707 ) ;
#7193 = AXIS2_PLACEMENT_3D ( 'NONE', #854, #2580, #822 ) ;
#7194 = ORIENTED_EDGE ( 'NONE', *, *, #2147, .T. ) ;
#7195 = EDGE_CURVE ( 'NONE', #186, #2544, #2372, .T. ) ;
#7196 = DIRECTION ( 'NONE',  ( -1.000000000000000000, 0.000000000000000000, 0.000000000000000000 ) ) ;
#7197 = ORIENTED_EDGE ( 'NONE', *, *, #1274, .T. ) ;
#7198 = ORIENTED_EDGE ( 'NONE', *, *, #3226, .T. ) ;
#7199 = ORIENTED_EDGE ( 'NONE', *, *, #4948, .T. ) ;
#7200 = CARTESIAN_POINT ( 'NONE',  ( -2.164999999999999591, 0.2860014607077954740, 4.240000000000000213 ) ) ;
#7201 = CARTESIAN_POINT ( 'NONE',  ( -2.165000000000000480, 0.8325000000000144507, 2.969999999999999751 ) ) ;
#7202 = VECTOR ( 'NONE', #1270, 1000.000000000000000 ) ;
#7203 =( LENGTH_UNIT ( ) NAMED_UNIT ( * ) SI_UNIT ( .MILLI., .METRE. ) );
#7204 = ORIENTED_EDGE ( 'NONE', *, *, #2550, .T. ) ;
#7205 = CARTESIAN_POINT ( 'NONE',  ( -2.095000000000000195, 0.8325000000000144507, -0.8400000000000005240 ) ) ;
#7206 = AXIS2_PLACEMENT_3D ( 'NONE', #7395, #6809, #1532 ) ;
#7207 = ORIENTED_EDGE ( 'NONE', *, *, #7465, .F. ) ;
#7208 = EDGE_LOOP ( 'NONE', ( #7246, #5640, #7278, #354, #1248, #4338, #7035, #2382, #6682, #2196, #3382, #4904 ) ) ;
#7209 = PLANE ( 'NONE',  #3761 ) ;
#7210 = FACE_OUTER_BOUND ( 'NONE', #2262, .T. ) ;
#7211 = LINE ( 'NONE', #3274, #1662 ) ;
#7212 = DIRECTION ( 'NONE',  ( 0.06975647374412288770, 0.9975640502598244197, 0.000000000000000000 ) ) ;
#7213 = VECTOR ( 'NONE', #3216, 1000.000000000000000 ) ;
#7214 = ORIENTED_EDGE ( 'NONE', *, *, #7131, .F. ) ;
#7215 = DIRECTION ( 'NONE',  ( 1.000000000000000000, 0.000000000000000000, -0.000000000000000000 ) ) ;
#7216 = DIRECTION ( 'NONE',  ( -0.9975640502598241977, 0.06975647374412548285, 0.000000000000000000 ) ) ;
#7217 = EDGE_CURVE ( 'NONE', #5740, #5626, #7122, .T. ) ;
#7218 = DIRECTION ( 'NONE',  ( -0.000000000000000000, -0.000000000000000000, -1.000000000000000000 ) ) ;
#7219 = LINE ( 'NONE', #2473, #3237 ) ;
#7220 =( GEOMETRIC_REPRESENTATION_CONTEXT ( 3 ) GLOBAL_UNCERTAINTY_ASSIGNED_CONTEXT ( ( #972 ) ) GLOBAL_UNIT_ASSIGNED_CONTEXT ( ( #6496, #5337, #7090 ) ) REPRESENTATION_CONTEXT ( 'NONE', 'WORKASPACE' ) );
#7221 = EDGE_LOOP ( 'NONE', ( #3407, #5726, #4728, #3201 ) ) ;
#7222 = ADVANCED_FACE ( 'NONE', ( #1760 ), #1867, .F. ) ;
#7223 = CIRCLE ( 'NONE', #3156, 0.2449999999999704914 ) ;
#7224 = ORIENTED_EDGE ( 'NONE', *, *, #3675, .T. ) ;
#7225 = DIRECTION ( 'NONE',  ( 0.9975640502598241977, 0.06975647374412548285, -0.000000000000000000 ) ) ;
#7226 = LINE ( 'NONE', #5011, #518 ) ;
#7227 = CARTESIAN_POINT ( 'NONE',  ( -1.949999999999999956, 1.077499999999984803, -0.4300000000000007150 ) ) ;
#7228 = VERTEX_POINT ( 'NONE', #6449 ) ;
#7229 = AXIS2_PLACEMENT_3D ( 'NONE', #6588, #3633, #5975 ) ;
#7230 = ADVANCED_FACE ( 'NONE', ( #2928 ), #1179, .F. ) ;
#7231 = DIRECTION ( 'NONE',  ( -0.9975640502598241977, 0.06975647374412531632, 0.000000000000000000 ) ) ;
#7232 = ORIENTED_EDGE ( 'NONE', *, *, #5589, .T. ) ;
#7233 = ORIENTED_EDGE ( 'NONE', *, *, #4412, .T. ) ;
#7234 = DIRECTION ( 'NONE',  ( 0.000000000000000000, 0.000000000000000000, 1.000000000000000000 ) ) ;
#7235 = CARTESIAN_POINT ( 'NONE',  ( 2.392909663932662134, 0.04159826839416821964, -0.4300000000000007150 ) ) ;
#7236 = VERTEX_POINT ( 'NONE', #4762 ) ;
#7237 = PLANE ( 'NONE',  #6072 ) ;
#7238 = ORIENTED_EDGE ( 'NONE', *, *, #1062, .T. ) ;
#7239 = ORIENTED_EDGE ( 'NONE', *, *, #5422, .T. ) ;
#7240 = LINE ( 'NONE', #1953, #5787 ) ;
#7241 = CARTESIAN_POINT ( 'NONE',  ( 2.987792617094780834, 5.421010862427522170E-16, 4.649999999999999467 ) ) ;
#7242 = DIRECTION ( 'NONE',  ( -0.9975640502598241977, -0.06975647374412531632, -0.000000000000000000 ) ) ;
#7243 = FACE_OUTER_BOUND ( 'NONE', #7208, .T. ) ;
#7244 = FACE_OUTER_BOUND ( 'NONE', #5050, .T. ) ;
#7245 = EDGE_CURVE ( 'NONE', #2211, #468, #2477, .T. ) ;
#7246 = ORIENTED_EDGE ( 'NONE', *, *, #6744, .T. ) ;
#7247 = DIRECTION ( 'NONE',  ( -1.000000000000000000, -2.380688169208303900E-15, 0.000000000000000000 ) ) ;
#7248 = CARTESIAN_POINT ( 'NONE',  ( -2.095000000000000195, 0.8325000000000144507, -4.240000000000001101 ) ) ;
#7249 = DIRECTION ( 'NONE',  ( 2.380688169208303900E-15, 1.000000000000000000, 0.000000000000000000 ) ) ;
#7250 = CARTESIAN_POINT ( 'NONE',  ( -2.339999999999970104, 0.2860014607077954185, -2.970000000000000639 ) ) ;
#7251 = ORIENTED_EDGE ( 'NONE', *, *, #7131, .T. ) ;
#7252 = CARTESIAN_POINT ( 'NONE',  ( 2.987792617094780834, 5.421010862427522170E-16, 2.969999999999999751 ) ) ;
#7253 = CARTESIAN_POINT ( 'NONE',  ( -2.392909663932662134, 0.04159826839416821964, -1.700000000000000622 ) ) ;
#7254 = FACE_OUTER_BOUND ( 'NONE', #2993, .T. ) ;
#7255 = LINE ( 'NONE', #1729, #7456 ) ;
#7256 = LINE ( 'NONE', #1909, #290 ) ;
#7257 = ORIENTED_EDGE ( 'NONE', *, *, #5357, .T. ) ;
#7258 = EDGE_CURVE ( 'NONE', #368, #4001, #4261, .T. ) ;
#7259 = DIRECTION ( 'NONE',  ( -0.000000000000000000, -0.000000000000000000, -1.000000000000000000 ) ) ;
#7260 = ORIENTED_EDGE ( 'NONE', *, *, #6642, .T. ) ;
#7261 = ORIENTED_EDGE ( 'NONE', *, *, #6728, .T. ) ;
#7262 = CARTESIAN_POINT ( 'NONE',  ( 2.095000000000000195, 0.8325000000000144507, -4.240000000000001101 ) ) ;
#7263 = ADVANCED_FACE ( 'NONE', ( #3791 ), #6025, .F. ) ;
#7264 = FILL_AREA_STYLE ('',( #799 ) ) ;
#7265 = VECTOR ( 'NONE', #2261, 1000.000000000000227 ) ;
#7266 = CARTESIAN_POINT ( 'NONE',  ( -0.6610000000000000320, 1.700000000000000178, -4.325000000000000178 ) ) ;
#7267 = EDGE_LOOP ( 'NONE', ( #7596, #3306, #5861, #1715, #5054, #3345, #4092, #7504, #625, #6991, #6144, #847 ) ) ;
#7268 = ORIENTED_EDGE ( 'NONE', *, *, #1342, .F. ) ;
#7269 = ORIENTED_EDGE ( 'NONE', *, *, #3887, .T. ) ;
#7270 = AXIS2_PLACEMENT_3D ( 'NONE', #5116, #4992, #3806 ) ;
#7271 = AXIS2_PLACEMENT_3D ( 'NONE', #5874, #2442, #604 ) ;
#7272 = LINE ( 'NONE', #6804, #1593 ) ;
#7273 = CARTESIAN_POINT ( 'NONE',  ( -2.095000000000000195, 0.9025000000000142908, 3.379999999999999449 ) ) ;
#7274 = EDGE_CURVE ( 'NONE', #2773, #4423, #4399, .T. ) ;
#7275 = CARTESIAN_POINT ( 'NONE',  ( 1.831420105473556825, 1.750000000000000000, -4.831420105473557491 ) ) ;
#7276 = DIRECTION ( 'NONE',  ( 0.9975640502598241977, 0.06975647374412548285, -0.000000000000000000 ) ) ;
#7277 = FACE_OUTER_BOUND ( 'NONE', #20, .T. ) ;
#7278 = ORIENTED_EDGE ( 'NONE', *, *, #4774, .T. ) ;
#7279 = CARTESIAN_POINT ( 'NONE',  ( 2.339999999999969660, 0.2860014607077954185, -2.110000000000000320 ) ) ;
#7280 = VECTOR ( 'NONE', #844, 1000.000000000000114 ) ;
#7281 = ORIENTED_EDGE ( 'NONE', *, *, #5110, .T. ) ;
#7282 = CARTESIAN_POINT ( 'NONE',  ( 2.339999999999969660, 0.2860014607077954185, -4.650000000000000355 ) ) ;
#7283 = ADVANCED_FACE ( 'NONE', ( #4897 ), #2584, .T. ) ;
#7284 = VECTOR ( 'NONE', #6606, 1000.000000000000000 ) ;
#7285 = DIRECTION ( 'NONE',  ( -0.06975647374412290158, -0.9975640502598244197, 0.000000000000000000 ) ) ;
#7286 = SHAPE_DEFINITION_REPRESENTATION ( #1456, #1930 ) ;
#7287 = EDGE_CURVE ( 'NONE', #4874, #7476, #6748, .T. ) ;
#7288 = LINE ( 'NONE', #2705, #5241 ) ;
#7289 = FACE_OUTER_BOUND ( 'NONE', #5429, .T. ) ;
#7290 = EDGE_CURVE ( 'NONE', #7389, #3969, #6709, .T. ) ;
#7291 = VERTEX_POINT ( 'NONE', #3828 ) ;
#7292 = VECTOR ( 'NONE', #1964, 1000.000000000000000 ) ;
#7293 = AXIS2_PLACEMENT_3D ( 'NONE', #3160, #1925, #805 ) ;
#7294 = CARTESIAN_POINT ( 'NONE',  ( -2.164999999999999591, 0.2860014607077954740, 2.109999999999999876 ) ) ;
#7295 = CARTESIAN_POINT ( 'NONE',  ( -1.949999999999999956, 0.9025000000000144018, -0.8400000000000005240 ) ) ;
#7296 = AXIS2_PLACEMENT_3D ( 'NONE', #5856, #5701, #2351 ) ;
#7297 = CARTESIAN_POINT ( 'NONE',  ( -0.6610000000000000320, 1.700000000000000178, -3.944999999999999840 ) ) ;
#7298 = DIRECTION ( 'NONE',  ( 1.000000000000000000, 7.477256361968987358E-16, -0.000000000000000000 ) ) ;
#7299 = CARTESIAN_POINT ( 'NONE',  ( 1.949999999999999956, 0.9025000000000144018, -2.110000000000000320 ) ) ;
#7300 = AXIS2_PLACEMENT_3D ( 'NONE', #763, #4167, #3666 ) ;
#7301 = CARTESIAN_POINT ( 'NONE',  ( 2.165000000000000036, 0.2860014607077954740, -0.8400000000000005240 ) ) ;
#7302 = VERTEX_POINT ( 'NONE', #6605 ) ;
#7303 = ORIENTED_EDGE ( 'NONE', *, *, #5236, .F. ) ;
#7304 = VERTEX_POINT ( 'NONE', #857 ) ;
#7305 = DIRECTION ( 'NONE',  ( -1.000000000000000000, 0.000000000000000000, 0.000000000000000000 ) ) ;
#7306 = SURFACE_SIDE_STYLE ('',( #4944 ) ) ;
#7307 = EDGE_CURVE ( 'NONE', #4840, #28, #7226, .T. ) ;
#7308 = VECTOR ( 'NONE', #7577, 1000.000000000000000 ) ;
#7309 = CIRCLE ( 'NONE', #902, 0.07000000000000018707 ) ;
#7310 = DIRECTION ( 'NONE',  ( -2.380688169208303900E-15, 1.000000000000000000, -0.000000000000000000 ) ) ;
#7311 = ADVANCED_FACE ( 'NONE', ( #3713 ), #4285, .F. ) ;
#7312 = ORIENTED_EDGE ( 'NONE', *, *, #1508, .T. ) ;
#7313 = CIRCLE ( 'NONE', #2772, 0.2449999999999704914 ) ;
#7314 = ORIENTED_EDGE ( 'NONE', *, *, #1948, .T. ) ;
#7315 = AXIS2_PLACEMENT_3D ( 'NONE', #4786, #2330, #4677 ) ;
#7316 = DIRECTION ( 'NONE',  ( 0.9975640502598241977, -0.06975647374412548285, 0.000000000000000000 ) ) ;
#7317 = CARTESIAN_POINT ( 'NONE',  ( 2.165000000000000480, 0.8325000000000144507, 3.379999999999999449 ) ) ;
#7318 = CARTESIAN_POINT ( 'NONE',  ( 2.165000000000000480, 0.8325000000000144507, -2.970000000000000639 ) ) ;
#7319 = CARTESIAN_POINT ( 'NONE',  ( 2.987792617094780834, 5.421010862427522170E-16, -0.8400000000000005240 ) ) ;
#7320 = CYLINDRICAL_SURFACE ( 'NONE', #6169, 0.2449999999999709355 ) ;
#7321 = CARTESIAN_POINT ( 'NONE',  ( 2.095000000000000195, 1.077499999999984803, -4.240000000000001101 ) ) ;
#7322 = VECTOR ( 'NONE', #4054, 1000.000000000000000 ) ;
#7323 = VECTOR ( 'NONE', #393, 1000.000000000000227 ) ;
#7324 = EDGE_CURVE ( 'NONE', #4373, #3278, #1357, .T. ) ;
#7325 = ORIENTED_EDGE ( 'NONE', *, *, #853, .T. ) ;
#7326 = FACE_OUTER_BOUND ( 'NONE', #3085, .T. ) ;
#7327 = CARTESIAN_POINT ( 'NONE',  ( -1.949999999999999956, 1.077499999999984803, -4.240000000000001101 ) ) ;
#7328 = AXIS2_PLACEMENT_3D ( 'NONE', #2011, #4365, #3921 ) ;
#7329 = CARTESIAN_POINT ( 'NONE',  ( 2.095000000000000195, 0.8325000000000144507, 2.109999999999999876 ) ) ;
#7330 = SURFACE_SIDE_STYLE ('',( #3320 ) ) ;
#7331 = FACE_OUTER_BOUND ( 'NONE', #3934, .T. ) ;
#7332 = EDGE_CURVE ( 'NONE', #6450, #5270, #3684, .T. ) ;
#7333 = CIRCLE ( 'NONE', #339, 0.07000000000000061728 ) ;
#7334 = FACE_OUTER_BOUND ( 'NONE', #3698, .T. ) ;
#7335 = CARTESIAN_POINT ( 'NONE',  ( 1.949999999999999956, 0.9025000000000144018, 3.379999999999999449 ) ) ;
#7336 = AXIS2_PLACEMENT_3D ( 'NONE', #63, #3003, #4158 ) ;
#7337 = FACE_OUTER_BOUND ( 'NONE', #1698, .T. ) ;
#7338 = VERTEX_POINT ( 'NONE', #788 ) ;
#7339 = CARTESIAN_POINT ( 'NONE',  ( -2.165000000000000480, 0.8325000000000144507, -2.110000000000000320 ) ) ;
#7340 = DIRECTION ( 'NONE',  ( 1.000000000000000000, 7.477256361968987358E-16, -0.000000000000000000 ) ) ;
#7341 = VECTOR ( 'NONE', #400, 1000.000000000000000 ) ;
#7342 = ADVANCED_FACE ( 'NONE', ( #7337 ), #2632, .F. ) ;
#7343 = EDGE_LOOP ( 'NONE', ( #1363, #2243, #6042, #1723 ) ) ;
#7344 = PLANE ( 'NONE',  #2538 ) ;
#7345 = ORIENTED_EDGE ( 'NONE', *, *, #3293, .T. ) ;
#7346 = VERTEX_POINT ( 'NONE', #7374 ) ;
#7347 = VERTEX_POINT ( 'NONE', #3144 ) ;
#7348 = CARTESIAN_POINT ( 'NONE',  ( 2.095000000000000195, 1.077499999999984803, -2.110000000000000320 ) ) ;
#7349 = DIRECTION ( 'NONE',  ( 7.477256361968987358E-16, 1.000000000000000000, -0.000000000000000000 ) ) ;
#7350 = DIRECTION ( 'NONE',  ( -0.000000000000000000, -0.000000000000000000, -1.000000000000000000 ) ) ;
#7351 = ORIENTED_EDGE ( 'NONE', *, *, #6028, .F. ) ;
#7352 = ORIENTED_EDGE ( 'NONE', *, *, #3859, .T. ) ;
#7353 = ORIENTED_EDGE ( 'NONE', *, *, #3908, .T. ) ;
#7354 = CARTESIAN_POINT ( 'NONE',  ( 3.000000000000000000, 0.1745737087954402911, 2.969999999999999751 ) ) ;
#7355 = DIRECTION ( 'NONE',  ( 0.06975647374412533019, -0.9975640502598243087, 0.000000000000000000 ) ) ;
#7356 = CARTESIAN_POINT ( 'NONE',  ( -1.831420105473556825, 0.2300000000000000100, -4.950000000000000178 ) ) ;
#7357 = DIRECTION ( 'NONE',  ( -0.000000000000000000, -0.000000000000000000, -1.000000000000000000 ) ) ;
#7358 = CARTESIAN_POINT ( 'NONE',  ( 2.095000000000000195, 0.9025000000000146239, -2.970000000000000639 ) ) ;
#7359 = ADVANCED_FACE ( 'NONE', ( #896 ), #3252, .F. ) ;
#7360 = FILL_AREA_STYLE_COLOUR ( '', #3239 ) ;
#7361 = ADVANCED_FACE ( 'NONE', ( #3214 ), #2050, .F. ) ;
#7362 = ORIENTED_EDGE ( 'NONE', *, *, #4441, .F. ) ;
#7363 = DIRECTION ( 'NONE',  ( -0.000000000000000000, -0.000000000000000000, -1.000000000000000000 ) ) ;
#7364 = DIRECTION ( 'NONE',  ( -0.000000000000000000, -0.000000000000000000, -1.000000000000000000 ) ) ;
#7365 = ORIENTED_EDGE ( 'NONE', *, *, #1958, .T. ) ;
#7366 = LINE ( 'NONE', #929, #2150 ) ;
#7367 = EDGE_CURVE ( 'NONE', #6884, #4529, #2553, .T. ) ;
#7368 = DIRECTION ( 'NONE',  ( -0.000000000000000000, 0.000000000000000000, -1.000000000000000000 ) ) ;
#7369 = LINE ( 'NONE', #2206, #2995 ) ;
#7370 = VERTEX_POINT ( 'NONE', #2520 ) ;
#7371 = DIRECTION ( 'NONE',  ( -0.000000000000000000, -0.000000000000000000, -1.000000000000000000 ) ) ;
#7372 = CARTESIAN_POINT ( 'NONE',  ( -2.095000000000000195, 1.077499999999984803, 4.649999999999999467 ) ) ;
#7373 = ADVANCED_FACE ( 'NONE', ( #7254 ), #4318, .F. ) ;
#7374 = CARTESIAN_POINT ( 'NONE',  ( -3.000000000000000000, 0.1745737087954402911, 2.109999999999999876 ) ) ;
#7375 = VERTEX_POINT ( 'NONE', #5519 ) ;
#7376 = DIRECTION ( 'NONE',  ( -0.000000000000000000, -0.000000000000000000, -1.000000000000000000 ) ) ;
#7377 = FACE_OUTER_BOUND ( 'NONE', #7572, .T. ) ;
#7378 = ORIENTED_EDGE ( 'NONE', *, *, #5911, .T. ) ;
#7379 = CARTESIAN_POINT ( 'NONE',  ( 2.339999999999969660, 0.2860014607077954185, -3.380000000000000338 ) ) ;
#7380 = ORIENTED_EDGE ( 'NONE', *, *, #1280, .T. ) ;
#7381 = VERTEX_POINT ( 'NONE', #2711 ) ;
#7382 = DIRECTION ( 'NONE',  ( -1.000000000000000000, -2.380688169208303900E-15, 0.000000000000000000 ) ) ;
#7383 = EDGE_CURVE ( 'NONE', #3988, #7338, #2177, .T. ) ;
#7384 =( LENGTH_UNIT ( ) NAMED_UNIT ( * ) SI_UNIT ( .MILLI., .METRE. ) );
#7385 = ORIENTED_EDGE ( 'NONE', *, *, #2161, .F. ) ;
#7386 = ADVANCED_FACE ( 'NONE', ( #6914 ), #6956, .F. ) ;
#7387 = LINE ( 'NONE', #2145, #4121 ) ;
#7388 = ADVANCED_FACE ( 'NONE', ( #7460 ), #2753, .F. ) ;
#7389 = VERTEX_POINT ( 'NONE', #524 ) ;
#7390 = ORIENTED_EDGE ( 'NONE', *, *, #5110, .F. ) ;
#7391 = DIRECTION ( 'NONE',  ( -0.000000000000000000, -0.000000000000000000, -1.000000000000000000 ) ) ;
#7392 = FACE_BOUND ( 'NONE', #5179, .T. ) ;
#7393 = LINE ( 'NONE', #7356, #7575 ) ;
#7394 = STYLED_ITEM ( 'NONE', ( #243 ), #6984 ) ;
#7395 = CARTESIAN_POINT ( 'NONE',  ( 2.339999999999969660, 0.2860014607077954185, 0.8399999999999996358 ) ) ;
#7396 = LINE ( 'NONE', #6810, #7042 ) ;
#7397 = VECTOR ( 'NONE', #5210, 1000.000000000000227 ) ;
#7398 = ORIENTED_EDGE ( 'NONE', *, *, #2828, .T. ) ;
#7399 = LINE ( 'NONE', #2163, #4098 ) ;
#7400 = CARTESIAN_POINT ( 'NONE',  ( 2.095000000000000195, 0.9025000000000146239, 0.8399999999999996358 ) ) ;
#7401 = ORIENTED_EDGE ( 'NONE', *, *, #6601, .T. ) ;
#7402 = FACE_OUTER_BOUND ( 'NONE', #5500, .T. ) ;
#7403 = AXIS2_PLACEMENT_3D ( 'NONE', #2617, #6277, #1001 ) ;
#7404 = DIRECTION ( 'NONE',  ( -0.000000000000000000, 1.000000000000000000, -0.000000000000000000 ) ) ;
#7405 = PRODUCT_DEFINITION_FORMATION_WITH_SPECIFIED_SOURCE ( 'ANY', '', #3802, .NOT_KNOWN. ) ;
#7406 = CARTESIAN_POINT ( 'NONE',  ( -1.866685501615249265, 1.550000000000000044, -4.950000000000000178 ) ) ;
#7407 = EDGE_CURVE ( 'NONE', #6852, #1053, #451, .T. ) ;
#7408 = VERTEX_POINT ( 'NONE', #7415 ) ;
#7409 = ORIENTED_EDGE ( 'NONE', *, *, #6616, .T. ) ;
#7410 = VECTOR ( 'NONE', #5454, 1000.000000000000000 ) ;
#7411 = EDGE_CURVE ( 'NONE', #3893, #468, #5093, .T. ) ;
#7412 = CIRCLE ( 'NONE', #5811, 0.2449999999999704914 ) ;
#7413 = CARTESIAN_POINT ( 'NONE',  ( -0.6610000000000000320, 1.700000000000000178, -3.944999999999999840 ) ) ;
#7414 = CARTESIAN_POINT ( 'NONE',  ( -2.987792617094780834, 5.421010862427522170E-16, -2.970000000000000639 ) ) ;
#7415 = CARTESIAN_POINT ( 'NONE',  ( 1.949999999999999956, 1.077499999999984803, 0.4299999999999998268 ) ) ;
#7416 = ORIENTED_EDGE ( 'NONE', *, *, #7053, .F. ) ;
#7417 = CARTESIAN_POINT ( 'NONE',  ( -3.000000000000000000, 0.1745737087954402911, -3.380000000000000338 ) ) ;
#7418 = CARTESIAN_POINT ( 'NONE',  ( -2.392909663932662134, 0.04159826839416821964, -0.4300000000000007150 ) ) ;
#7419 = CLOSED_SHELL ( 'NONE', ( #4484, #3267, #7511, #1193, #1984, #3001, #5216, #5194, #237, #6167, #6409, #3578, #6554, #19 ) ) ;
#7420 = ADVANCED_FACE ( 'NONE', ( #1674 ), #1015, .T. ) ;
#7421 = VERTEX_POINT ( 'NONE', #3371 ) ;
#7422 = VERTEX_POINT ( 'NONE', #5758 ) ;
#7423 = AXIS2_PLACEMENT_3D ( 'NONE', #1387, #3069, #5434 ) ;
#7424 = ORIENTED_EDGE ( 'NONE', *, *, #784, .T. ) ;
#7425 = PLANE ( 'NONE',  #6680 ) ;
#7426 = CARTESIAN_POINT ( 'NONE',  ( -2.392909663932662134, 0.04159826839416762290, -4.240000000000001101 ) ) ;
#7427 = ORIENTED_EDGE ( 'NONE', *, *, #5357, .F. ) ;
#7428 = ORIENTED_EDGE ( 'NONE', *, *, #5631, .F. ) ;
#7429 = DIRECTION ( 'NONE',  ( 1.000000000000000000, 0.000000000000000000, 0.000000000000000000 ) ) ;
#7430 = EDGE_CURVE ( 'NONE', #2289, #6008, #4524, .T. ) ;
#7431 = CARTESIAN_POINT ( 'NONE',  ( -2.095000000000000195, 0.9025000000000142908, 1.700000000000000178 ) ) ;
#7432 = VERTEX_POINT ( 'NONE', #2129 ) ;
#7433 = ORIENTED_EDGE ( 'NONE', *, *, #2467, .T. ) ;
#7434 = EDGE_CURVE ( 'NONE', #5917, #4402, #5672, .T. ) ;
#7435 = LINE ( 'NONE', #3971, #1735 ) ;
#7436 = CARTESIAN_POINT ( 'NONE',  ( -1.949999999999999956, 1.077499999999984803, 2.969999999999999751 ) ) ;
#7437 = VECTOR ( 'NONE', #3190, 1000.000000000000000 ) ;
#7438 = CIRCLE ( 'NONE', #5084, 0.2449999999999709355 ) ;
#7439 = CARTESIAN_POINT ( 'NONE',  ( -2.339999999999970548, 0.8325000000000144507, -0.8400000000000005240 ) ) ;
#7440 = DIRECTION ( 'NONE',  ( 1.000000000000000000, 0.000000000000000000, 0.000000000000000000 ) ) ;
#7441 = PLANE ( 'NONE',  #80 ) ;
#7442 = AXIS2_PLACEMENT_3D ( 'NONE', #4245, #3090, #5899 ) ;
#7443 = CIRCLE ( 'NONE', #7193, 0.07000000000000018707 ) ;
#7444 = ORIENTED_EDGE ( 'NONE', *, *, #4057, .F. ) ;
#7445 = LINE ( 'NONE', #5745, #2362 ) ;
#7446 = ADVANCED_FACE ( 'NONE', ( #3413 ), #3328, .F. ) ;
#7447 = CARTESIAN_POINT ( 'NONE',  ( -2.339999999999969660, 0.2860014607077954185, -1.700000000000000622 ) ) ;
#7448 = ORIENTED_EDGE ( 'NONE', *, *, #6507, .T. ) ;
#7449 = DIRECTION ( 'NONE',  ( 0.000000000000000000, 0.000000000000000000, 1.000000000000000000 ) ) ;
#7450 = VECTOR ( 'NONE', #2463, 1000.000000000000000 ) ;
#7451 = STYLED_ITEM ( 'NONE', ( #5269 ), #6866 ) ;
#7452 = DIRECTION ( 'NONE',  ( 0.000000000000000000, 0.000000000000000000, 1.000000000000000000 ) ) ;
#7453 = CARTESIAN_POINT ( 'NONE',  ( -2.095000000000000195, 0.9025000000000142908, 2.969999999999999751 ) ) ;
#7454 = ORIENTED_EDGE ( 'NONE', *, *, #6487, .F. ) ;
#7455 = ORIENTED_EDGE ( 'NONE', *, *, #5426, .F. ) ;
#7456 = VECTOR ( 'NONE', #5969, 1000.000000000000000 ) ;
#7457 = EDGE_CURVE ( 'NONE', #4984, #6214, #4809, .T. ) ;
#7458 = DIRECTION ( 'NONE',  ( -0.000000000000000000, -0.000000000000000000, -1.000000000000000000 ) ) ;
#7459 = LINE ( 'NONE', #5832, #6573 ) ;
#7460 = FACE_OUTER_BOUND ( 'NONE', #6572, .T. ) ;
#7461 = DIRECTION ( 'NONE',  ( -0.000000000000000000, -0.000000000000000000, -1.000000000000000000 ) ) ;
#7462 = LINE ( 'NONE', #7499, #1257 ) ;
#7463 = VECTOR ( 'NONE', #2823, 1000.000000000000000 ) ;
#7464 = VECTOR ( 'NONE', #2577, 1000.000000000000000 ) ;
#7465 = EDGE_CURVE ( 'NONE', #6490, #6374, #1742, .T. ) ;
#7466 = AXIS2_PLACEMENT_3D ( 'NONE', #5590, #2044, #1426 ) ;
#7467 = ORIENTED_EDGE ( 'NONE', *, *, #5143, .T. ) ;
#7468 = ORIENTED_EDGE ( 'NONE', *, *, #2619, .F. ) ;
#7469 = DIRECTION ( 'NONE',  ( -0.000000000000000000, -0.000000000000000000, -1.000000000000000000 ) ) ;
#7470 = VERTEX_POINT ( 'NONE', #3452 ) ;
#7471 = CARTESIAN_POINT ( 'NONE',  ( 1.949999999999999956, 0.9025000000000144018, -4.240000000000001101 ) ) ;
#7472 = ORIENTED_EDGE ( 'NONE', *, *, #1005, .F. ) ;
#7473 = ADVANCED_FACE ( 'NONE', ( #5792 ), #3877, .T. ) ;
#7474 = LINE ( 'NONE', #6848, #1642 ) ;
#7475 = LINE ( 'NONE', #4571, #3043 ) ;
#7476 = VERTEX_POINT ( 'NONE', #4481 ) ;
#7477 = EDGE_LOOP ( 'NONE', ( #1419, #1314, #5648, #1848 ) ) ;
#7478 = CARTESIAN_POINT ( 'NONE',  ( 2.405117046837882633, 0.2161719771896072062, -2.970000000000000639 ) ) ;
#7479 = CARTESIAN_POINT ( 'NONE',  ( 2.409999999999970832, 0.2860014607077954185, -1.700000000000000622 ) ) ;
#7480 = VECTOR ( 'NONE', #2575, 1000.000000000000000 ) ;
#7481 = SURFACE_STYLE_USAGE ( .BOTH. , #5117 ) ;
#7482 = EDGE_LOOP ( 'NONE', ( #4272, #5186, #6532, #1265 ) ) ;
#7483 = FACE_OUTER_BOUND ( 'NONE', #7579, .T. ) ;
#7484 = DIRECTION ( 'NONE',  ( 0.000000000000000000, 0.000000000000000000, 1.000000000000000000 ) ) ;
#7485 = ORIENTED_EDGE ( 'NONE', *, *, #6127, .T. ) ;
#7486 = DIRECTION ( 'NONE',  ( 1.000000000000000000, 0.000000000000000000, 0.000000000000000000 ) ) ;
#7487 = DIRECTION ( 'NONE',  ( -0.000000000000000000, -0.000000000000000000, -1.000000000000000000 ) ) ;
#7488 = ORIENTED_EDGE ( 'NONE', *, *, #3932, .F. ) ;
#7489 = DIRECTION ( 'NONE',  ( 0.000000000000000000, -1.000000000000000000, 0.000000000000000000 ) ) ;
#7490 = CARTESIAN_POINT ( 'NONE',  ( -2.095000000000000195, 0.8325000000000144507, -1.700000000000000622 ) ) ;
#7491 = CARTESIAN_POINT ( 'NONE',  ( -1.666685501615249310, 1.750000000000000000, 4.831420105473557491 ) ) ;
#7492 = EDGE_CURVE ( 'NONE', #7346, #4124, #3294, .T. ) ;
#7493 = VERTEX_POINT ( 'NONE', #7496 ) ;
#7494 = DIRECTION ( 'NONE',  ( -1.000000000000000000, 0.000000000000000000, 0.000000000000000000 ) ) ;
#7495 = LINE ( 'NONE', #3992, #7077 ) ;
#7496 = CARTESIAN_POINT ( 'NONE',  ( 2.095000000000000195, 1.077499999999984803, 4.649999999999999467 ) ) ;
#7497 = EDGE_LOOP ( 'NONE', ( #1048, #2352, #5339, #2507 ) ) ;
#7498 = CARTESIAN_POINT ( 'NONE',  ( 2.392909663932662134, 0.04159826839416821964, -4.240000000000001101 ) ) ;
#7499 = CARTESIAN_POINT ( 'NONE',  ( -2.095000000000000195, 1.077499999999984803, 1.700000000000000178 ) ) ;
#7500 = ORIENTED_EDGE ( 'NONE', *, *, #1189, .F. ) ;
#7501 = ORIENTED_EDGE ( 'NONE', *, *, #3993, .T. ) ;
#7502 = ADVANCED_FACE ( 'NONE', ( #2210 ), #5635, .F. ) ;
#7503 = LINE ( 'NONE', #6842, #2629 ) ;
#7504 = ORIENTED_EDGE ( 'NONE', *, *, #3518, .F. ) ;
#7505 = CARTESIAN_POINT ( 'NONE',  ( -2.339999999999970104, 0.2860014607077954185, -2.970000000000000639 ) ) ;
#7506 = EDGE_CURVE ( 'NONE', #4875, #6978, #1973, .T. ) ;
#7507 = EDGE_CURVE ( 'NONE', #2149, #574, #6538, .T. ) ;
#7508 = DIRECTION ( 'NONE',  ( -0.000000000000000000, -0.000000000000000000, -1.000000000000000000 ) ) ;
#7509 = EDGE_LOOP ( 'NONE', ( #6841, #1256, #3453, #4119 ) ) ;
#7510 = ORIENTED_EDGE ( 'NONE', *, *, #7287, .F. ) ;
#7511 = ADVANCED_FACE ( 'NONE', ( #3536 ), #3030, .F. ) ;
#7512 = CARTESIAN_POINT ( 'NONE',  ( 3.000000000000000000, 0.1745737087954402911, -1.700000000000000622 ) ) ;
#7513 = CARTESIAN_POINT ( 'NONE',  ( -2.405117046837882633, 0.2161719771896077891, 1.700000000000000178 ) ) ;
#7514 = SURFACE_STYLE_FILL_AREA ( #6424 ) ;
#7515 = ORIENTED_EDGE ( 'NONE', *, *, #5203, .F. ) ;
#7516 = DIRECTION ( 'NONE',  ( 0.06975647374412533019, -0.9975640502598243087, 0.000000000000000000 ) ) ;
#7517 = DIRECTION ( 'NONE',  ( -0.000000000000000000, -0.000000000000000000, -1.000000000000000000 ) ) ;
#7518 = EDGE_CURVE ( 'NONE', #6974, #6970, #2979, .T. ) ;
#7519 = ORIENTED_EDGE ( 'NONE', *, *, #3460, .T. ) ;
#7520 = VERTEX_POINT ( 'NONE', #4646 ) ;
#7521 = CIRCLE ( 'NONE', #4197, 0.07000000000000061728 ) ;
#7522 = CIRCLE ( 'NONE', #4198, 0.07000000000000061728 ) ;
#7523 = LINE ( 'NONE', #1700, #5497 ) ;
#7524 = ORIENTED_EDGE ( 'NONE', *, *, #6889, .T. ) ;
#7525 = PLANE ( 'NONE',  #94 ) ;
#7526 = CARTESIAN_POINT ( 'NONE',  ( -2.164999999999999591, 0.2860014607077954740, -2.970000000000000639 ) ) ;
#7527 = CARTESIAN_POINT ( 'NONE',  ( -2.409999999999970832, 0.2860014607077954185, -4.650000000000000355 ) ) ;
#7528 = VECTOR ( 'NONE', #2987, 1000.000000000000000 ) ;
#7529 = ORIENTED_EDGE ( 'NONE', *, *, #5143, .F. ) ;
#7530 = EDGE_CURVE ( 'NONE', #5921, #953, #3965, .T. ) ;
#7531 = LINE ( 'NONE', #4715, #576 ) ;
#7532 = VECTOR ( 'NONE', #4457, 1000.000000000000000 ) ;
#7533 = EDGE_CURVE ( 'NONE', #6189, #1372, #1208, .T. ) ;
#7534 = FACE_OUTER_BOUND ( 'NONE', #1331, .T. ) ;
#7535 = AXIS2_PLACEMENT_3D ( 'NONE', #3066, #1709, #1750 ) ;
#7536 = CARTESIAN_POINT ( 'NONE',  ( -1.949999999999999956, 0.9025000000000144018, 0.8399999999999996358 ) ) ;
#7537 = DIRECTION ( 'NONE',  ( -0.000000000000000000, -0.000000000000000000, -1.000000000000000000 ) ) ;
#7538 = EDGE_LOOP ( 'NONE', ( #3092, #5352, #2930, #534 ) ) ;
#7539 = CYLINDRICAL_SURFACE ( 'NONE', #2290, 0.07000000000000061728 ) ;
#7540 = CARTESIAN_POINT ( 'NONE',  ( 1.831420105473556825, 1.750000000000000000, 0.000000000000000000 ) ) ;
#7541 = AXIS2_PLACEMENT_3D ( 'NONE', #2384, #6422, #4735 ) ;
#7542 = ORIENTED_EDGE ( 'NONE', *, *, #4703, .F. ) ;
#7543 = ORIENTED_EDGE ( 'NONE', *, *, #631, .T. ) ;
#7544 = FACE_OUTER_BOUND ( 'NONE', #1540, .T. ) ;
#7545 = AXIS2_PLACEMENT_3D ( 'NONE', #7039, #4655, #6965 ) ;
#7546 = ORIENTED_EDGE ( 'NONE', *, *, #4606, .F. ) ;
#7547 = DIRECTION ( 'NONE',  ( -0.9975640502598241977, -0.06975647374412531632, -0.000000000000000000 ) ) ;
#7548 = ORIENTED_EDGE ( 'NONE', *, *, #1351, .T. ) ;
#7549 = DIRECTION ( 'NONE',  ( -2.380688169208303900E-15, 1.000000000000000000, -0.000000000000000000 ) ) ;
#7550 = EDGE_CURVE ( 'NONE', #5840, #4351, #1612, .T. ) ;
#7551 = ORIENTED_EDGE ( 'NONE', *, *, #1119, .F. ) ;
#7552 = ORIENTED_EDGE ( 'NONE', *, *, #2030, .T. ) ;
#7553 = CARTESIAN_POINT ( 'NONE',  ( -2.165000000000000036, 0.8325000000000144507, -2.110000000000000320 ) ) ;
#7554 = LINE ( 'NONE', #2856, #6775 ) ;
#7555 = EDGE_CURVE ( 'NONE', #2843, #6395, #715, .T. ) ;
#7556 = VERTEX_POINT ( 'NONE', #6996 ) ;
#7557 = CARTESIAN_POINT ( 'NONE',  ( -1.949999999999999956, 0.9025000000000144018, 2.109999999999999876 ) ) ;
#7558 = AXIS2_PLACEMENT_3D ( 'NONE', #4175, #5941, #739 ) ;
#7559 = FACE_OUTER_BOUND ( 'NONE', #2434, .T. ) ;
#7560 = EDGE_CURVE ( 'NONE', #4074, #1905, #6558, .T. ) ;
#7561 = ORIENTED_EDGE ( 'NONE', *, *, #7383, .F. ) ;
#7562 = VECTOR ( 'NONE', #2198, 1000.000000000000000 ) ;
#7563 = EDGE_LOOP ( 'NONE', ( #6515, #6851, #2347, #2558 ) ) ;
#7564 = AXIS2_PLACEMENT_3D ( 'NONE', #7262, #906, #1916 ) ;
#7565 = DIRECTION ( 'NONE',  ( -1.000000000000000000, 0.000000000000000000, 0.000000000000000000 ) ) ;
#7566 = CARTESIAN_POINT ( 'NONE',  ( -2.392909663932662134, 0.04159826839416762290, 1.700000000000000178 ) ) ;
#7567 = DIRECTION ( 'NONE',  ( -0.06975647374412290158, -0.9975640502598244197, 0.000000000000000000 ) ) ;
#7568 = DIRECTION ( 'NONE',  ( -1.000000000000000000, 0.000000000000000000, 0.000000000000000000 ) ) ;
#7569 = CARTESIAN_POINT ( 'NONE',  ( 2.409999999999970832, 0.2860014607077954185, 4.240000000000000213 ) ) ;
#7570 = AXIS2_PLACEMENT_3D ( 'NONE', #2293, #2331, #1014 ) ;
#7571 = VECTOR ( 'NONE', #484, 1000.000000000000000 ) ;
#7572 = EDGE_LOOP ( 'NONE', ( #6345, #3765, #1517, #2328 ) ) ;
#7573 = CYLINDRICAL_SURFACE ( 'NONE', #349, 0.07000000000000061728 ) ;
#7574 = AXIS2_PLACEMENT_3D ( 'NONE', #3595, #628, #3524 ) ;
#7575 = VECTOR ( 'NONE', #2733, 1000.000000000000000 ) ;
#7576 = DIRECTION ( 'NONE',  ( 1.000000000000000000, 0.000000000000000000, -0.000000000000000000 ) ) ;
#7577 = DIRECTION ( 'NONE',  ( 1.000000000000000000, -7.477256361968987358E-16, 0.000000000000000000 ) ) ;
#7578 = DIRECTION ( 'NONE',  ( 1.000000000000000000, 0.000000000000000000, -0.000000000000000000 ) ) ;
#7579 = EDGE_LOOP ( 'NONE', ( #1777, #1547, #5295, #2138 ) ) ;
#7580 = DIRECTION ( 'NONE',  ( 0.000000000000000000, 0.000000000000000000, 1.000000000000000000 ) ) ;
#7581 = FACE_OUTER_BOUND ( 'NONE', #7160, .T. ) ;
#7582 = ADVANCED_FACE ( 'NONE', ( #5948 ), #7027, .F. ) ;
#7583 = AXIS2_PLACEMENT_3D ( 'NONE', #5155, #7516, #2229 ) ;
#7584 = ORIENTED_EDGE ( 'NONE', *, *, #3941, .T. ) ;
#7585 = ORIENTED_EDGE ( 'NONE', *, *, #820, .T. ) ;
#7586 = CYLINDRICAL_SURFACE ( 'NONE', #6194, 0.2449999999999704914 ) ;
#7587 = VECTOR ( 'NONE', #2297, 1000.000000000000000 ) ;
#7588 = LINE ( 'NONE', #4653, #4304 ) ;
#7589 = CARTESIAN_POINT ( 'NONE',  ( -1.949999999999999956, 0.9025000000000144018, -0.4300000000000007150 ) ) ;
#7590 = VERTEX_POINT ( 'NONE', #636 ) ;
#7591 = VERTEX_POINT ( 'NONE', #6440 ) ;
#7592 = EDGE_CURVE ( 'NONE', #1765, #2391, #7074, .T. ) ;
#7593 = STYLED_ITEM ( 'NONE', ( #967 ), #4302 ) ;
#7594 = LINE ( 'NONE', #2310, #5869 ) ;
#7595 = ORIENTED_EDGE ( 'NONE', *, *, #7550, .F. ) ;
#7596 = ORIENTED_EDGE ( 'NONE', *, *, #6392, .F. ) ;
#7597 = CARTESIAN_POINT ( 'NONE',  ( 2.339999999999969660, 0.2860014607077954185, 3.379999999999999449 ) ) ;
#7598 = LINE ( 'NONE', #69, #3964 ) ;
#7599 = CARTESIAN_POINT ( 'NONE',  ( 2.392909663932662134, 0.04159826839416821964, -4.650000000000000355 ) ) ;
#7600 = LINE ( 'NONE', #3053, #3026 ) ;
#7601 = VECTOR ( 'NONE', #1399, 1000.000000000000000 ) ;
#7602 = CARTESIAN_POINT ( 'NONE',  ( -2.095000000000000195, 0.8325000000000144507, -4.650000000000000355 ) ) ;
ENDSEC;
END-ISO-10303-21;
